ISO-10303-21;
HEADER;
/* Generated by software containing ST-Developer
 * from STEP Tools, Inc. (www.steptools.com) 
 */
/* OPTION: using custom renumber hook */

FILE_DESCRIPTION(
/* description */ ('STEP AP242 Edition 2',
'CAx-IF Rec.Pracs.---Representation and Presentation of Product Manufa
cturing Information (PMI)---4.0---2014-10-13',
'CAx-IF Rec.Pracs.---3D Tessellated Geometry---0.4---2014-09-14','2;1',
'CAx-IF Rec.Pracs.---User Defined Attributes---1.5---2016-08-15'),
/* implementation_level */ '2;1');

FILE_NAME(
/* name */ 'Station ohne Verlauf v185',
/* time_stamp */ '2026-08-06T22:43:58Z',
/* author */ (''),
/* organization */ (''),
/* preprocessor_version */ 'ST-DEVELOPER v20',
/* originating_system */ 'ONSHAPE BY PTC INC, 1.218',
/* authorisation */ '  ');

FILE_SCHEMA (('AP242_MANAGED_MODEL_BASED_3D_ENGINEERING_MIM_LF { 1 0 10303 442 3 1 4 }'));
ENDSEC;

DATA;
#10=B_SPLINE_SURFACE_WITH_KNOTS('',3,1,((#13905,#13906),(#13907,#13908),
(#13909,#13910),(#13911,#13912)),.SURF_OF_LINEAR_EXTRUSION.,.F.,.F.,.F.,
(4,4),(2,2),(-1.570796327126,-1.22173047671254),(0.,1.),
 .PIECEWISE_BEZIER_KNOTS.);
#11=B_SPLINE_SURFACE_WITH_KNOTS('',3,1,((#14446,#14447),(#14448,#14449),
(#14450,#14451),(#14452,#14453)),.SURF_OF_LINEAR_EXTRUSION.,.F.,.F.,.F.,
(4,4),(2,2),(-1.57079632679661,-1.22173047638309),(0.,1.),
 .PIECEWISE_BEZIER_KNOTS.);
#12=(
BOUNDED_SURFACE()
B_SPLINE_SURFACE(2,2,((#13162,#13163,#13164),(#13165,#13166,#13167),(#13168,
#13169,#13170),(#13171,#13172,#13173),(#13174,#13175,#13176)),
 .UNSPECIFIED.,.F.,.F.,.F.)
B_SPLINE_SURFACE_WITH_KNOTS((3,2,3),(3,3),(-3.14159265358979,-1.5707963267949,
0.),(0.,0.349065850398865),.PIECEWISE_BEZIER_KNOTS.)
GEOMETRIC_REPRESENTATION_ITEM()
RATIONAL_B_SPLINE_SURFACE(((1.,0.984807753012201,1.),(0.70710678118653,
0.696364240319997,0.70710678118653),(1.,0.984807753012201,1.),(0.70710678118653,
0.696364240319997,0.70710678118653),(1.,0.984807753012201,1.)))
REPRESENTATION_ITEM('')
SURFACE()
);
#13=(
BOUNDED_SURFACE()
B_SPLINE_SURFACE(2,2,((#13923,#13924,#13925),(#13926,#13927,#13928),(#13929,
#13930,#13931),(#13932,#13933,#13934),(#13935,#13936,#13937)),
 .UNSPECIFIED.,.F.,.F.,.F.)
B_SPLINE_SURFACE_WITH_KNOTS((3,2,3),(3,3),(-3.1415926535897,-1.57079632679485,
0.),(0.,0.349065850398865),.PIECEWISE_BEZIER_KNOTS.)
GEOMETRIC_REPRESENTATION_ITEM()
RATIONAL_B_SPLINE_SURFACE(((1.,0.984807753012201,1.),(0.707106781186594,
0.69636424032006,0.707106781186594),(1.,0.984807753012201,1.),(0.707106781186594,
0.69636424032006,0.707106781186594),(1.,0.984807753012201,1.)))
REPRESENTATION_ITEM('')
SURFACE()
);
#14=(
BOUNDED_SURFACE()
B_SPLINE_SURFACE(2,2,((#14475,#14476,#14477),(#14478,#14479,#14480),(#14481,
#14482,#14483),(#14484,#14485,#14486),(#14487,#14488,#14489)),
 .UNSPECIFIED.,.F.,.F.,.F.)
B_SPLINE_SURFACE_WITH_KNOTS((3,2,3),(3,3),(-3.1415926535897,-1.57079632679485,
0.),(0.,0.349065850398865),.PIECEWISE_BEZIER_KNOTS.)
GEOMETRIC_REPRESENTATION_ITEM()
RATIONAL_B_SPLINE_SURFACE(((1.,0.984807753012201,1.),(0.707106781186594,
0.69636424032006,0.707106781186594),(1.,0.984807753012201,1.),(0.707106781186594,
0.69636424032006,0.707106781186594),(1.,0.984807753012201,1.)))
REPRESENTATION_ITEM('')
SURFACE()
);
#15=(
BOUNDED_SURFACE()
B_SPLINE_SURFACE(2,2,((#15117,#15118,#15119),(#15120,#15121,#15122),(#15123,
#15124,#15125),(#15126,#15127,#15128),(#15129,#15130,#15131)),
 .UNSPECIFIED.,.F.,.F.,.F.)
B_SPLINE_SURFACE_WITH_KNOTS((3,2,3),(3,3),(-3.14159265358979,-1.5707963267949,
0.),(0.,0.349065850398865),.PIECEWISE_BEZIER_KNOTS.)
GEOMETRIC_REPRESENTATION_ITEM()
RATIONAL_B_SPLINE_SURFACE(((1.,0.984807753012201,1.),(0.70710678118653,
0.696364240319997,0.70710678118653),(1.,0.984807753012201,1.),(0.70710678118653,
0.696364240319997,0.70710678118653),(1.,0.984807753012201,1.)))
REPRESENTATION_ITEM('')
SURFACE()
);
#16=(
BOUNDED_CURVE()
B_SPLINE_CURVE(2,(#12961,#12962,#12963),.UNSPECIFIED.,.F.,.F.)
B_SPLINE_CURVE_WITH_KNOTS((3,3),(0.,1.42062172076378),.UNSPECIFIED.)
CURVE()
GEOMETRIC_REPRESENTATION_ITEM()
RATIONAL_B_SPLINE_CURVE((1.,1.00022847105146,1.00009148020642))
REPRESENTATION_ITEM('')
);
#17=(
BOUNDED_CURVE()
B_SPLINE_CURVE(2,(#12964,#12965,#12966),.UNSPECIFIED.,.F.,.F.)
B_SPLINE_CURVE_WITH_KNOTS((3,3),(0.355601414813496,1.77622313976445),
 .UNSPECIFIED.)
CURVE()
GEOMETRIC_REPRESENTATION_ITEM()
RATIONAL_B_SPLINE_CURVE((1.00009148020622,1.00022847105262,1.))
REPRESENTATION_ITEM('')
);
#18=(
BOUNDED_CURVE()
B_SPLINE_CURVE(2,(#13030,#13031,#13032),.UNSPECIFIED.,.F.,.F.)
B_SPLINE_CURVE_WITH_KNOTS((3,3),(0.,1.32624911400465),.UNSPECIFIED.)
CURVE()
GEOMETRIC_REPRESENTATION_ITEM()
RATIONAL_B_SPLINE_CURVE((1.,1.00020844264185,1.00002765761602))
REPRESENTATION_ITEM('')
);
#19=(
BOUNDED_CURVE()
B_SPLINE_CURVE(2,(#13033,#13034,#13035),.UNSPECIFIED.,.F.,.F.)
B_SPLINE_CURVE_WITH_KNOTS((3,3),(0.0942401882942942,1.42048930051826),
 .UNSPECIFIED.)
CURVE()
GEOMETRIC_REPRESENTATION_ITEM()
RATIONAL_B_SPLINE_CURVE((1.00002765761773,1.00020844265472,1.))
REPRESENTATION_ITEM('')
);
#20=(
BOUNDED_CURVE()
B_SPLINE_CURVE(2,(#13038,#13039,#13040),.UNSPECIFIED.,.F.,.F.)
B_SPLINE_CURVE_WITH_KNOTS((3,3),(0.,1.42062172076377),.UNSPECIFIED.)
CURVE()
GEOMETRIC_REPRESENTATION_ITEM()
RATIONAL_B_SPLINE_CURVE((1.,1.00022847105146,1.00009148020642))
REPRESENTATION_ITEM('')
);
#21=(
BOUNDED_CURVE()
B_SPLINE_CURVE(2,(#13042,#13043,#13044),.UNSPECIFIED.,.F.,.F.)
B_SPLINE_CURVE_WITH_KNOTS((3,3),(0.355601414813506,1.77622313976445),
 .UNSPECIFIED.)
CURVE()
GEOMETRIC_REPRESENTATION_ITEM()
RATIONAL_B_SPLINE_CURVE((1.00009148020621,1.00022847105262,1.))
REPRESENTATION_ITEM('')
);
#22=(
BOUNDED_CURVE()
B_SPLINE_CURVE(2,(#13059,#13060,#13061),.UNSPECIFIED.,.F.,.F.)
B_SPLINE_CURVE_WITH_KNOTS((3,3),(0.,1.32624911400465),.UNSPECIFIED.)
CURVE()
GEOMETRIC_REPRESENTATION_ITEM()
RATIONAL_B_SPLINE_CURVE((1.,1.00020844264185,1.00002765761602))
REPRESENTATION_ITEM('')
);
#23=(
BOUNDED_CURVE()
B_SPLINE_CURVE(2,(#13062,#13063,#13064),.UNSPECIFIED.,.F.,.F.)
B_SPLINE_CURVE_WITH_KNOTS((3,3),(0.0942401882942942,1.42048930051826),
 .UNSPECIFIED.)
CURVE()
GEOMETRIC_REPRESENTATION_ITEM()
RATIONAL_B_SPLINE_CURVE((1.00002765761773,1.00020844265472,1.))
REPRESENTATION_ITEM('')
);
#24=(
BOUNDED_CURVE()
B_SPLINE_CURVE(2,(#13067,#13068,#13069),.UNSPECIFIED.,.F.,.F.)
B_SPLINE_CURVE_WITH_KNOTS((3,3),(0.,1.42062172076379),.UNSPECIFIED.)
CURVE()
GEOMETRIC_REPRESENTATION_ITEM()
RATIONAL_B_SPLINE_CURVE((1.,1.00022847105146,1.00009148020642))
REPRESENTATION_ITEM('')
);
#25=(
BOUNDED_CURVE()
B_SPLINE_CURVE(2,(#13071,#13072,#13073),.UNSPECIFIED.,.F.,.F.)
B_SPLINE_CURVE_WITH_KNOTS((3,3),(0.35560141481348,1.77622313976445),
 .UNSPECIFIED.)
CURVE()
GEOMETRIC_REPRESENTATION_ITEM()
RATIONAL_B_SPLINE_CURVE((1.00009148020621,1.00022847105262,1.))
REPRESENTATION_ITEM('')
);
#26=(
BOUNDED_CURVE()
B_SPLINE_CURVE(2,(#13096,#13097,#13098),.UNSPECIFIED.,.F.,.F.)
B_SPLINE_CURVE_WITH_KNOTS((3,3),(0.,1.32624911400465),.UNSPECIFIED.)
CURVE()
GEOMETRIC_REPRESENTATION_ITEM()
RATIONAL_B_SPLINE_CURVE((1.,1.00020844264185,1.00002765761602))
REPRESENTATION_ITEM('')
);
#27=(
BOUNDED_CURVE()
B_SPLINE_CURVE(2,(#13099,#13100,#13101),.UNSPECIFIED.,.F.,.F.)
B_SPLINE_CURVE_WITH_KNOTS((3,3),(0.0942401882942942,1.42048930051826),
 .UNSPECIFIED.)
CURVE()
GEOMETRIC_REPRESENTATION_ITEM()
RATIONAL_B_SPLINE_CURVE((1.00002765761773,1.00020844265472,1.))
REPRESENTATION_ITEM('')
);
#28=(
BOUNDED_CURVE()
B_SPLINE_CURVE(2,(#13118,#13119,#13120),.UNSPECIFIED.,.F.,.F.)
B_SPLINE_CURVE_WITH_KNOTS((3,3),(0.,1.32624911400465),.UNSPECIFIED.)
CURVE()
GEOMETRIC_REPRESENTATION_ITEM()
RATIONAL_B_SPLINE_CURVE((1.,1.00020844264185,1.00002765761602))
REPRESENTATION_ITEM('')
);
#29=(
BOUNDED_CURVE()
B_SPLINE_CURVE(2,(#13121,#13122,#13123),.UNSPECIFIED.,.F.,.F.)
B_SPLINE_CURVE_WITH_KNOTS((3,3),(0.0942401882942942,1.42048930051826),
 .UNSPECIFIED.)
CURVE()
GEOMETRIC_REPRESENTATION_ITEM()
RATIONAL_B_SPLINE_CURVE((1.00002765761773,1.00020844265472,1.))
REPRESENTATION_ITEM('')
);
#30=(
BOUNDED_CURVE()
B_SPLINE_CURVE(2,(#13126,#13127,#13128),.UNSPECIFIED.,.F.,.F.)
B_SPLINE_CURVE_WITH_KNOTS((3,3),(0.,1.42062172076379),.UNSPECIFIED.)
CURVE()
GEOMETRIC_REPRESENTATION_ITEM()
RATIONAL_B_SPLINE_CURVE((1.,1.00022847105146,1.00009148020642))
REPRESENTATION_ITEM('')
);
#31=(
BOUNDED_CURVE()
B_SPLINE_CURVE(2,(#13130,#13131,#13132),.UNSPECIFIED.,.F.,.F.)
B_SPLINE_CURVE_WITH_KNOTS((3,3),(0.355601414813497,1.77622313976445),
 .UNSPECIFIED.)
CURVE()
GEOMETRIC_REPRESENTATION_ITEM()
RATIONAL_B_SPLINE_CURVE((1.00009148020621,1.00022847105262,1.))
REPRESENTATION_ITEM('')
);
#32=(
BOUNDED_CURVE()
B_SPLINE_CURVE(2,(#13608,#13609,#13610),.UNSPECIFIED.,.F.,.F.)
B_SPLINE_CURVE_WITH_KNOTS((3,3),(2.09941081531254E-6,1.42062406416526),
 .UNSPECIFIED.)
CURVE()
GEOMETRIC_REPRESENTATION_ITEM()
RATIONAL_B_SPLINE_CURVE((1.00000000067527,1.00022847152316,1.00009148035746))
REPRESENTATION_ITEM('')
);
#33=(
BOUNDED_CURVE()
B_SPLINE_CURVE(2,(#13611,#13612,#13613),.UNSPECIFIED.,.F.,.F.)
B_SPLINE_CURVE_WITH_KNOTS((3,3),(0.355601421090652,1.77622335379393),
 .UNSPECIFIED.)
CURVE()
GEOMETRIC_REPRESENTATION_ITEM()
RATIONAL_B_SPLINE_CURVE((1.00009148026745,1.00022847125022,1.00000000021141))
REPRESENTATION_ITEM('')
);
#34=(
BOUNDED_CURVE()
B_SPLINE_CURVE(2,(#13644,#13645,#13646),.UNSPECIFIED.,.F.,.F.)
B_SPLINE_CURVE_WITH_KNOTS((3,3),(2.09941081531254E-6,1.4206240641653),
 .UNSPECIFIED.)
CURVE()
GEOMETRIC_REPRESENTATION_ITEM()
RATIONAL_B_SPLINE_CURVE((1.00000000067527,1.00022847152316,1.00009148035746))
REPRESENTATION_ITEM('')
);
#35=(
BOUNDED_CURVE()
B_SPLINE_CURVE(2,(#13647,#13648,#13649),.UNSPECIFIED.,.F.,.F.)
B_SPLINE_CURVE_WITH_KNOTS((3,3),(0.355601421090633,1.77622335379393),
 .UNSPECIFIED.)
CURVE()
GEOMETRIC_REPRESENTATION_ITEM()
RATIONAL_B_SPLINE_CURVE((1.00009148026745,1.00022847125022,1.00000000021141))
REPRESENTATION_ITEM('')
);
#36=(
BOUNDED_CURVE()
B_SPLINE_CURVE(2,(#13680,#13681,#13682),.UNSPECIFIED.,.F.,.F.)
B_SPLINE_CURVE_WITH_KNOTS((3,3),(2.09941081531254E-6,1.4206240641653),
 .UNSPECIFIED.)
CURVE()
GEOMETRIC_REPRESENTATION_ITEM()
RATIONAL_B_SPLINE_CURVE((1.00000000067527,1.00022847152316,1.00009148035746))
REPRESENTATION_ITEM('')
);
#37=(
BOUNDED_CURVE()
B_SPLINE_CURVE(2,(#13683,#13684,#13685),.UNSPECIFIED.,.F.,.F.)
B_SPLINE_CURVE_WITH_KNOTS((3,3),(0.355601421090645,1.77622335379393),
 .UNSPECIFIED.)
CURVE()
GEOMETRIC_REPRESENTATION_ITEM()
RATIONAL_B_SPLINE_CURVE((1.00009148026745,1.00022847125022,1.00000000021141))
REPRESENTATION_ITEM('')
);
#38=(
BOUNDED_CURVE()
B_SPLINE_CURVE(2,(#13716,#13717,#13718),.UNSPECIFIED.,.F.,.F.)
B_SPLINE_CURVE_WITH_KNOTS((3,3),(2.09941081531254E-6,1.42062406416529),
 .UNSPECIFIED.)
CURVE()
GEOMETRIC_REPRESENTATION_ITEM()
RATIONAL_B_SPLINE_CURVE((1.00000000067527,1.00022847152316,1.00009148035746))
REPRESENTATION_ITEM('')
);
#39=(
BOUNDED_CURVE()
B_SPLINE_CURVE(2,(#13719,#13720,#13721),.UNSPECIFIED.,.F.,.F.)
B_SPLINE_CURVE_WITH_KNOTS((3,3),(0.355601421090635,1.77622335379393),
 .UNSPECIFIED.)
CURVE()
GEOMETRIC_REPRESENTATION_ITEM()
RATIONAL_B_SPLINE_CURVE((1.00009148026745,1.00022847125022,1.00000000021141))
REPRESENTATION_ITEM('')
);
#40=(
BOUNDED_CURVE()
B_SPLINE_CURVE(2,(#13756,#13757,#13758),.UNSPECIFIED.,.F.,.F.)
B_SPLINE_CURVE_WITH_KNOTS((3,3),(0.,1.32624799945313),.UNSPECIFIED.)
CURVE()
GEOMETRIC_REPRESENTATION_ITEM()
RATIONAL_B_SPLINE_CURVE((1.,1.00020844245944,1.00002765791839))
REPRESENTATION_ITEM('')
);
#41=(
BOUNDED_CURVE()
B_SPLINE_CURVE(2,(#13759,#13760,#13761),.UNSPECIFIED.,.F.,.F.)
B_SPLINE_CURVE_WITH_KNOTS((3,3),(0.0942413012014774,1.42048930243679),
 .UNSPECIFIED.)
CURVE()
GEOMETRIC_REPRESENTATION_ITEM()
RATIONAL_B_SPLINE_CURVE((1.00002765792105,1.00020844247944,1.))
REPRESENTATION_ITEM('')
);
#42=(
BOUNDED_CURVE()
B_SPLINE_CURVE(2,(#13785,#13786,#13787),.UNSPECIFIED.,.F.,.F.)
B_SPLINE_CURVE_WITH_KNOTS((3,3),(0.,1.32624799945313),.UNSPECIFIED.)
CURVE()
GEOMETRIC_REPRESENTATION_ITEM()
RATIONAL_B_SPLINE_CURVE((1.,1.00020844245944,1.00002765791839))
REPRESENTATION_ITEM('')
);
#43=(
BOUNDED_CURVE()
B_SPLINE_CURVE(2,(#13788,#13789,#13790),.UNSPECIFIED.,.F.,.F.)
B_SPLINE_CURVE_WITH_KNOTS((3,3),(0.0942413012014774,1.42048930243679),
 .UNSPECIFIED.)
CURVE()
GEOMETRIC_REPRESENTATION_ITEM()
RATIONAL_B_SPLINE_CURVE((1.00002765792105,1.00020844247944,1.))
REPRESENTATION_ITEM('')
);
#44=(
BOUNDED_CURVE()
B_SPLINE_CURVE(2,(#13813,#13814,#13815),.UNSPECIFIED.,.F.,.F.)
B_SPLINE_CURVE_WITH_KNOTS((3,3),(0.,1.32624799945313),.UNSPECIFIED.)
CURVE()
GEOMETRIC_REPRESENTATION_ITEM()
RATIONAL_B_SPLINE_CURVE((1.,1.00020844245944,1.00002765791839))
REPRESENTATION_ITEM('')
);
#45=(
BOUNDED_CURVE()
B_SPLINE_CURVE(2,(#13816,#13817,#13818),.UNSPECIFIED.,.F.,.F.)
B_SPLINE_CURVE_WITH_KNOTS((3,3),(0.0942413012014774,1.42048930243679),
 .UNSPECIFIED.)
CURVE()
GEOMETRIC_REPRESENTATION_ITEM()
RATIONAL_B_SPLINE_CURVE((1.00002765792105,1.00020844247944,1.))
REPRESENTATION_ITEM('')
);
#46=(
BOUNDED_CURVE()
B_SPLINE_CURVE(2,(#13842,#13843,#13844),.UNSPECIFIED.,.F.,.F.)
B_SPLINE_CURVE_WITH_KNOTS((3,3),(0.,1.32624799945313),.UNSPECIFIED.)
CURVE()
GEOMETRIC_REPRESENTATION_ITEM()
RATIONAL_B_SPLINE_CURVE((1.,1.00020844245944,1.00002765791839))
REPRESENTATION_ITEM('')
);
#47=(
BOUNDED_CURVE()
B_SPLINE_CURVE(2,(#13845,#13846,#13847),.UNSPECIFIED.,.F.,.F.)
B_SPLINE_CURVE_WITH_KNOTS((3,3),(0.0942413012014774,1.42048930243679),
 .UNSPECIFIED.)
CURVE()
GEOMETRIC_REPRESENTATION_ITEM()
RATIONAL_B_SPLINE_CURVE((1.00002765792105,1.00020844247944,1.))
REPRESENTATION_ITEM('')
);
#48=(
BOUNDED_CURVE()
B_SPLINE_CURVE(2,(#14536,#14537,#14538),.UNSPECIFIED.,.F.,.F.)
B_SPLINE_CURVE_WITH_KNOTS((3,3),(0.355601421090641,1.77622335379393),
 .UNSPECIFIED.)
CURVE()
GEOMETRIC_REPRESENTATION_ITEM()
RATIONAL_B_SPLINE_CURVE((1.00009148026745,1.00022847125022,1.00000000021141))
REPRESENTATION_ITEM('')
);
#49=(
BOUNDED_CURVE()
B_SPLINE_CURVE(2,(#14539,#14540,#14541),.UNSPECIFIED.,.F.,.F.)
B_SPLINE_CURVE_WITH_KNOTS((3,3),(0.,1.32624799945313),.UNSPECIFIED.)
CURVE()
GEOMETRIC_REPRESENTATION_ITEM()
RATIONAL_B_SPLINE_CURVE((1.,1.00020844245944,1.00002765791839))
REPRESENTATION_ITEM('')
);
#50=(
BOUNDED_CURVE()
B_SPLINE_CURVE(2,(#14555,#14556,#14557),.UNSPECIFIED.,.F.,.F.)
B_SPLINE_CURVE_WITH_KNOTS((3,3),(0.0942413012014774,1.42048930243679),
 .UNSPECIFIED.)
CURVE()
GEOMETRIC_REPRESENTATION_ITEM()
RATIONAL_B_SPLINE_CURVE((1.00002765792105,1.00020844247944,1.))
REPRESENTATION_ITEM('')
);
#51=(
BOUNDED_CURVE()
B_SPLINE_CURVE(2,(#14559,#14560,#14561),.UNSPECIFIED.,.F.,.F.)
B_SPLINE_CURVE_WITH_KNOTS((3,3),(2.09941081531254E-6,1.4206240641653),
 .UNSPECIFIED.)
CURVE()
GEOMETRIC_REPRESENTATION_ITEM()
RATIONAL_B_SPLINE_CURVE((1.00000000067527,1.00022847152316,1.00009148035746))
REPRESENTATION_ITEM('')
);
#52=(
BOUNDED_CURVE()
B_SPLINE_CURVE(2,(#14584,#14585,#14586),.UNSPECIFIED.,.F.,.F.)
B_SPLINE_CURVE_WITH_KNOTS((3,3),(0.355601421090649,1.77622335379393),
 .UNSPECIFIED.)
CURVE()
GEOMETRIC_REPRESENTATION_ITEM()
RATIONAL_B_SPLINE_CURVE((1.00009148026745,1.00022847125022,1.00000000021141))
REPRESENTATION_ITEM('')
);
#53=(
BOUNDED_CURVE()
B_SPLINE_CURVE(2,(#14587,#14588,#14589),.UNSPECIFIED.,.F.,.F.)
B_SPLINE_CURVE_WITH_KNOTS((3,3),(0.,1.32624799945313),.UNSPECIFIED.)
CURVE()
GEOMETRIC_REPRESENTATION_ITEM()
RATIONAL_B_SPLINE_CURVE((1.,1.00020844245944,1.00002765791839))
REPRESENTATION_ITEM('')
);
#54=(
BOUNDED_CURVE()
B_SPLINE_CURVE(2,(#14603,#14604,#14605),.UNSPECIFIED.,.F.,.F.)
B_SPLINE_CURVE_WITH_KNOTS((3,3),(0.0942413012014774,1.42048930243679),
 .UNSPECIFIED.)
CURVE()
GEOMETRIC_REPRESENTATION_ITEM()
RATIONAL_B_SPLINE_CURVE((1.00002765792105,1.00020844247944,1.))
REPRESENTATION_ITEM('')
);
#55=(
BOUNDED_CURVE()
B_SPLINE_CURVE(2,(#14606,#14607,#14608),.UNSPECIFIED.,.F.,.F.)
B_SPLINE_CURVE_WITH_KNOTS((3,3),(2.09941081531254E-6,1.4206240641653),
 .UNSPECIFIED.)
CURVE()
GEOMETRIC_REPRESENTATION_ITEM()
RATIONAL_B_SPLINE_CURVE((1.00000000067527,1.00022847152316,1.00009148035746))
REPRESENTATION_ITEM('')
);
#56=(
BOUNDED_CURVE()
B_SPLINE_CURVE(2,(#14628,#14629,#14630),.UNSPECIFIED.,.F.,.F.)
B_SPLINE_CURVE_WITH_KNOTS((3,3),(0.355601421090637,1.77622335379393),
 .UNSPECIFIED.)
CURVE()
GEOMETRIC_REPRESENTATION_ITEM()
RATIONAL_B_SPLINE_CURVE((1.00009148026745,1.00022847125022,1.00000000021141))
REPRESENTATION_ITEM('')
);
#57=(
BOUNDED_CURVE()
B_SPLINE_CURVE(2,(#14631,#14632,#14633),.UNSPECIFIED.,.F.,.F.)
B_SPLINE_CURVE_WITH_KNOTS((3,3),(0.,1.32624799945313),.UNSPECIFIED.)
CURVE()
GEOMETRIC_REPRESENTATION_ITEM()
RATIONAL_B_SPLINE_CURVE((1.,1.00020844245944,1.00002765791839))
REPRESENTATION_ITEM('')
);
#58=(
BOUNDED_CURVE()
B_SPLINE_CURVE(2,(#14647,#14648,#14649),.UNSPECIFIED.,.F.,.F.)
B_SPLINE_CURVE_WITH_KNOTS((3,3),(0.0942413012014774,1.42048930243679),
 .UNSPECIFIED.)
CURVE()
GEOMETRIC_REPRESENTATION_ITEM()
RATIONAL_B_SPLINE_CURVE((1.00002765792105,1.00020844247944,1.))
REPRESENTATION_ITEM('')
);
#59=(
BOUNDED_CURVE()
B_SPLINE_CURVE(2,(#14650,#14651,#14652),.UNSPECIFIED.,.F.,.F.)
B_SPLINE_CURVE_WITH_KNOTS((3,3),(2.09941081531254E-6,1.4206240641653),
 .UNSPECIFIED.)
CURVE()
GEOMETRIC_REPRESENTATION_ITEM()
RATIONAL_B_SPLINE_CURVE((1.00000000067527,1.00022847152316,1.00009148035746))
REPRESENTATION_ITEM('')
);
#60=(
BOUNDED_CURVE()
B_SPLINE_CURVE(2,(#14674,#14675,#14676),.UNSPECIFIED.,.F.,.F.)
B_SPLINE_CURVE_WITH_KNOTS((3,3),(0.355601421090653,1.77622335379393),
 .UNSPECIFIED.)
CURVE()
GEOMETRIC_REPRESENTATION_ITEM()
RATIONAL_B_SPLINE_CURVE((1.00009148026745,1.00022847125022,1.00000000021141))
REPRESENTATION_ITEM('')
);
#61=(
BOUNDED_CURVE()
B_SPLINE_CURVE(2,(#14677,#14678,#14679),.UNSPECIFIED.,.F.,.F.)
B_SPLINE_CURVE_WITH_KNOTS((3,3),(0.,1.32624799945313),.UNSPECIFIED.)
CURVE()
GEOMETRIC_REPRESENTATION_ITEM()
RATIONAL_B_SPLINE_CURVE((1.,1.00020844245944,1.00002765791839))
REPRESENTATION_ITEM('')
);
#62=(
BOUNDED_CURVE()
B_SPLINE_CURVE(2,(#14693,#14694,#14695),.UNSPECIFIED.,.F.,.F.)
B_SPLINE_CURVE_WITH_KNOTS((3,3),(0.0942413012014774,1.42048930243679),
 .UNSPECIFIED.)
CURVE()
GEOMETRIC_REPRESENTATION_ITEM()
RATIONAL_B_SPLINE_CURVE((1.00002765792105,1.00020844247944,1.))
REPRESENTATION_ITEM('')
);
#63=(
BOUNDED_CURVE()
B_SPLINE_CURVE(2,(#14696,#14697,#14698),.UNSPECIFIED.,.F.,.F.)
B_SPLINE_CURVE_WITH_KNOTS((3,3),(2.09941081531254E-6,1.42062406416529),
 .UNSPECIFIED.)
CURVE()
GEOMETRIC_REPRESENTATION_ITEM()
RATIONAL_B_SPLINE_CURVE((1.00000000067527,1.00022847152316,1.00009148035746))
REPRESENTATION_ITEM('')
);
#64=(
BOUNDED_CURVE()
B_SPLINE_CURVE(2,(#15176,#15177,#15178),.UNSPECIFIED.,.F.,.F.)
B_SPLINE_CURVE_WITH_KNOTS((3,3),(0.355601414813504,1.77622313976445),
 .UNSPECIFIED.)
CURVE()
GEOMETRIC_REPRESENTATION_ITEM()
RATIONAL_B_SPLINE_CURVE((1.00009148020621,1.00022847105262,1.))
REPRESENTATION_ITEM('')
);
#65=(
BOUNDED_CURVE()
B_SPLINE_CURVE(2,(#15181,#15182,#15183),.UNSPECIFIED.,.F.,.F.)
B_SPLINE_CURVE_WITH_KNOTS((3,3),(0.,1.32624911400465),.UNSPECIFIED.)
CURVE()
GEOMETRIC_REPRESENTATION_ITEM()
RATIONAL_B_SPLINE_CURVE((1.,1.00020844264185,1.00002765761602))
REPRESENTATION_ITEM('')
);
#66=(
BOUNDED_CURVE()
B_SPLINE_CURVE(2,(#15197,#15198,#15199),.UNSPECIFIED.,.F.,.F.)
B_SPLINE_CURVE_WITH_KNOTS((3,3),(0.0942401882942942,1.42048930051826),
 .UNSPECIFIED.)
CURVE()
GEOMETRIC_REPRESENTATION_ITEM()
RATIONAL_B_SPLINE_CURVE((1.00002765761773,1.00020844265472,1.))
REPRESENTATION_ITEM('')
);
#67=(
BOUNDED_CURVE()
B_SPLINE_CURVE(2,(#15202,#15203,#15204),.UNSPECIFIED.,.F.,.F.)
B_SPLINE_CURVE_WITH_KNOTS((3,3),(0.,1.42062172076377),.UNSPECIFIED.)
CURVE()
GEOMETRIC_REPRESENTATION_ITEM()
RATIONAL_B_SPLINE_CURVE((1.,1.00022847105146,1.00009148020642))
REPRESENTATION_ITEM('')
);
#68=(
BOUNDED_CURVE()
B_SPLINE_CURVE(2,(#15229,#15230,#15231),.UNSPECIFIED.,.F.,.F.)
B_SPLINE_CURVE_WITH_KNOTS((3,3),(0.355601414813486,1.77622313976445),
 .UNSPECIFIED.)
CURVE()
GEOMETRIC_REPRESENTATION_ITEM()
RATIONAL_B_SPLINE_CURVE((1.00009148020622,1.00022847105262,1.))
REPRESENTATION_ITEM('')
);
#69=(
BOUNDED_CURVE()
B_SPLINE_CURVE(2,(#15234,#15235,#15236),.UNSPECIFIED.,.F.,.F.)
B_SPLINE_CURVE_WITH_KNOTS((3,3),(0.,1.32624911400465),.UNSPECIFIED.)
CURVE()
GEOMETRIC_REPRESENTATION_ITEM()
RATIONAL_B_SPLINE_CURVE((1.,1.00020844264185,1.00002765761602))
REPRESENTATION_ITEM('')
);
#70=(
BOUNDED_CURVE()
B_SPLINE_CURVE(2,(#15259,#15260,#15261),.UNSPECIFIED.,.F.,.F.)
B_SPLINE_CURVE_WITH_KNOTS((3,3),(0.,1.42062172076378),.UNSPECIFIED.)
CURVE()
GEOMETRIC_REPRESENTATION_ITEM()
RATIONAL_B_SPLINE_CURVE((1.,1.00022847105146,1.00009148020642))
REPRESENTATION_ITEM('')
);
#71=(
BOUNDED_CURVE()
B_SPLINE_CURVE(2,(#15267,#15268,#15269),.UNSPECIFIED.,.F.,.F.)
B_SPLINE_CURVE_WITH_KNOTS((3,3),(0.0942401882942942,1.42048930051826),
 .UNSPECIFIED.)
CURVE()
GEOMETRIC_REPRESENTATION_ITEM()
RATIONAL_B_SPLINE_CURVE((1.00002765761773,1.00020844265472,1.))
REPRESENTATION_ITEM('')
);
#72=(
BOUNDED_CURVE()
B_SPLINE_CURVE(2,(#15286,#15287,#15288),.UNSPECIFIED.,.F.,.F.)
B_SPLINE_CURVE_WITH_KNOTS((3,3),(0.35560141481349,1.77622313976445),
 .UNSPECIFIED.)
CURVE()
GEOMETRIC_REPRESENTATION_ITEM()
RATIONAL_B_SPLINE_CURVE((1.00009148020622,1.00022847105262,1.))
REPRESENTATION_ITEM('')
);
#73=(
BOUNDED_CURVE()
B_SPLINE_CURVE(2,(#15291,#15292,#15293),.UNSPECIFIED.,.F.,.F.)
B_SPLINE_CURVE_WITH_KNOTS((3,3),(0.,1.32624911400465),.UNSPECIFIED.)
CURVE()
GEOMETRIC_REPRESENTATION_ITEM()
RATIONAL_B_SPLINE_CURVE((1.,1.00020844264185,1.00002765761602))
REPRESENTATION_ITEM('')
);
#74=(
BOUNDED_CURVE()
B_SPLINE_CURVE(2,(#15316,#15317,#15318),.UNSPECIFIED.,.F.,.F.)
B_SPLINE_CURVE_WITH_KNOTS((3,3),(0.,1.42062172076378),.UNSPECIFIED.)
CURVE()
GEOMETRIC_REPRESENTATION_ITEM()
RATIONAL_B_SPLINE_CURVE((1.,1.00022847105146,1.00009148020642))
REPRESENTATION_ITEM('')
);
#75=(
BOUNDED_CURVE()
B_SPLINE_CURVE(2,(#15324,#15325,#15326),.UNSPECIFIED.,.F.,.F.)
B_SPLINE_CURVE_WITH_KNOTS((3,3),(0.0942401882942942,1.42048930051826),
 .UNSPECIFIED.)
CURVE()
GEOMETRIC_REPRESENTATION_ITEM()
RATIONAL_B_SPLINE_CURVE((1.00002765761773,1.00020844265472,1.))
REPRESENTATION_ITEM('')
);
#76=(
BOUNDED_CURVE()
B_SPLINE_CURVE(2,(#15347,#15348,#15349),.UNSPECIFIED.,.F.,.F.)
B_SPLINE_CURVE_WITH_KNOTS((3,3),(0.355601414813483,1.77622313976445),
 .UNSPECIFIED.)
CURVE()
GEOMETRIC_REPRESENTATION_ITEM()
RATIONAL_B_SPLINE_CURVE((1.00009148020622,1.00022847105262,1.))
REPRESENTATION_ITEM('')
);
#77=(
BOUNDED_CURVE()
B_SPLINE_CURVE(2,(#15352,#15353,#15354),.UNSPECIFIED.,.F.,.F.)
B_SPLINE_CURVE_WITH_KNOTS((3,3),(0.,1.32624911400465),.UNSPECIFIED.)
CURVE()
GEOMETRIC_REPRESENTATION_ITEM()
RATIONAL_B_SPLINE_CURVE((1.,1.00020844264185,1.00002765761602))
REPRESENTATION_ITEM('')
);
#78=(
BOUNDED_CURVE()
B_SPLINE_CURVE(2,(#15368,#15369,#15370),.UNSPECIFIED.,.F.,.F.)
B_SPLINE_CURVE_WITH_KNOTS((3,3),(0.0942401882942942,1.42048930051826),
 .UNSPECIFIED.)
CURVE()
GEOMETRIC_REPRESENTATION_ITEM()
RATIONAL_B_SPLINE_CURVE((1.00002765761773,1.00020844265472,1.))
REPRESENTATION_ITEM('')
);
#79=(
BOUNDED_CURVE()
B_SPLINE_CURVE(2,(#15373,#15374,#15375),.UNSPECIFIED.,.F.,.F.)
B_SPLINE_CURVE_WITH_KNOTS((3,3),(0.,1.42062172076378),.UNSPECIFIED.)
CURVE()
GEOMETRIC_REPRESENTATION_ITEM()
RATIONAL_B_SPLINE_CURVE((1.,1.00022847105146,1.00009148020642))
REPRESENTATION_ITEM('')
);
#80=LINE('',#12619,#502);
#81=LINE('',#12623,#503);
#82=LINE('',#12625,#504);
#83=LINE('',#12627,#505);
#84=LINE('',#12629,#506);
#85=LINE('',#12635,#507);
#86=LINE('',#12649,#508);
#87=LINE('',#12653,#509);
#88=LINE('',#12657,#510);
#89=LINE('',#12667,#511);
#90=LINE('',#12671,#512);
#91=LINE('',#12677,#513);
#92=LINE('',#12689,#514);
#93=LINE('',#12693,#515);
#94=LINE('',#12705,#516);
#95=LINE('',#12707,#517);
#96=LINE('',#12709,#518);
#97=LINE('',#12713,#519);
#98=LINE('',#12715,#520);
#99=LINE('',#12717,#521);
#100=LINE('',#12724,#522);
#101=LINE('',#12725,#523);
#102=LINE('',#12727,#524);
#103=LINE('',#12729,#525);
#104=LINE('',#12731,#526);
#105=LINE('',#12738,#527);
#106=LINE('',#12739,#528);
#107=LINE('',#12741,#529);
#108=LINE('',#12746,#530);
#109=LINE('',#12747,#531);
#110=LINE('',#12749,#532);
#111=LINE('',#12756,#533);
#112=LINE('',#12763,#534);
#113=LINE('',#12774,#535);
#114=LINE('',#12777,#536);
#115=LINE('',#12778,#537);
#116=LINE('',#12782,#538);
#117=LINE('',#12784,#539);
#118=LINE('',#12788,#540);
#119=LINE('',#12790,#541);
#120=LINE('',#12792,#542);
#121=LINE('',#12794,#543);
#122=LINE('',#12796,#544);
#123=LINE('',#12798,#545);
#124=LINE('',#12800,#546);
#125=LINE('',#12804,#547);
#126=LINE('',#12808,#548);
#127=LINE('',#12812,#549);
#128=LINE('',#12818,#550);
#129=LINE('',#12820,#551);
#130=LINE('',#12827,#552);
#131=LINE('',#12831,#553);
#132=LINE('',#12834,#554);
#133=LINE('',#12838,#555);
#134=LINE('',#12842,#556);
#135=LINE('',#12846,#557);
#136=LINE('',#12848,#558);
#137=LINE('',#12854,#559);
#138=LINE('',#12856,#560);
#139=LINE('',#12862,#561);
#140=LINE('',#12868,#562);
#141=LINE('',#12881,#563);
#142=LINE('',#12885,#564);
#143=LINE('',#12887,#565);
#144=LINE('',#12891,#566);
#145=LINE('',#12899,#567);
#146=LINE('',#12903,#568);
#147=LINE('',#12918,#569);
#148=LINE('',#12922,#570);
#149=LINE('',#12924,#571);
#150=LINE('',#12928,#572);
#151=LINE('',#12936,#573);
#152=LINE('',#12940,#574);
#153=LINE('',#12951,#575);
#154=LINE('',#12959,#576);
#155=LINE('',#12976,#577);
#156=LINE('',#12980,#578);
#157=LINE('',#12991,#579);
#158=LINE('',#12995,#580);
#159=LINE('',#12997,#581);
#160=LINE('',#13001,#582);
#161=LINE('',#13009,#583);
#162=LINE('',#13013,#584);
#163=LINE('',#13037,#585);
#164=LINE('',#13047,#586);
#165=LINE('',#13066,#587);
#166=LINE('',#13077,#588);
#167=LINE('',#13085,#589);
#168=LINE('',#13089,#590);
#169=LINE('',#13103,#591);
#170=LINE('',#13106,#592);
#171=LINE('',#13125,#593);
#172=LINE('',#13138,#594);
#173=LINE('',#13139,#595);
#174=LINE('',#13142,#596);
#175=LINE('',#13143,#597);
#176=LINE('',#13147,#598);
#177=LINE('',#13148,#599);
#178=LINE('',#13150,#600);
#179=LINE('',#13158,#601);
#180=LINE('',#13322,#602);
#181=LINE('',#13326,#603);
#182=LINE('',#13328,#604);
#183=LINE('',#13330,#605);
#184=LINE('',#13332,#606);
#185=LINE('',#13336,#607);
#186=LINE('',#13342,#608);
#187=LINE('',#13346,#609);
#188=LINE('',#13350,#610);
#189=LINE('',#13356,#611);
#190=LINE('',#13358,#612);
#191=LINE('',#13364,#613);
#192=LINE('',#13368,#614);
#193=LINE('',#13374,#615);
#194=LINE('',#13378,#616);
#195=LINE('',#13382,#617);
#196=LINE('',#13388,#618);
#197=LINE('',#13392,#619);
#198=LINE('',#13396,#620);
#199=LINE('',#13400,#621);
#200=LINE('',#13406,#622);
#201=LINE('',#13410,#623);
#202=LINE('',#13416,#624);
#203=LINE('',#13420,#625);
#204=LINE('',#13422,#626);
#205=LINE('',#13424,#627);
#206=LINE('',#13426,#628);
#207=LINE('',#13430,#629);
#208=LINE('',#13434,#630);
#209=LINE('',#13436,#631);
#210=LINE('',#13438,#632);
#211=LINE('',#13440,#633);
#212=LINE('',#13444,#634);
#213=LINE('',#13448,#635);
#214=LINE('',#13450,#636);
#215=LINE('',#13455,#637);
#216=LINE('',#13456,#638);
#217=LINE('',#13458,#639);
#218=LINE('',#13463,#640);
#219=LINE('',#13465,#641);
#220=LINE('',#13471,#642);
#221=LINE('',#13476,#643);
#222=LINE('',#13482,#644);
#223=LINE('',#13499,#645);
#224=LINE('',#13502,#646);
#225=LINE('',#13504,#647);
#226=LINE('',#13506,#648);
#227=LINE('',#13512,#649);
#228=LINE('',#13514,#650);
#229=LINE('',#13518,#651);
#230=LINE('',#13520,#652);
#231=LINE('',#13524,#653);
#232=LINE('',#13526,#654);
#233=LINE('',#13528,#655);
#234=LINE('',#13530,#656);
#235=LINE('',#13532,#657);
#236=LINE('',#13534,#658);
#237=LINE('',#13536,#659);
#238=LINE('',#13538,#660);
#239=LINE('',#13540,#661);
#240=LINE('',#13541,#662);
#241=LINE('',#13554,#663);
#242=LINE('',#13563,#664);
#243=LINE('',#13571,#665);
#244=LINE('',#13577,#666);
#245=LINE('',#13583,#667);
#246=LINE('',#13589,#668);
#247=LINE('',#13598,#669);
#248=LINE('',#13606,#670);
#249=LINE('',#13623,#671);
#250=LINE('',#13627,#672);
#251=LINE('',#13634,#673);
#252=LINE('',#13642,#674);
#253=LINE('',#13659,#675);
#254=LINE('',#13663,#676);
#255=LINE('',#13670,#677);
#256=LINE('',#13678,#678);
#257=LINE('',#13695,#679);
#258=LINE('',#13699,#680);
#259=LINE('',#13706,#681);
#260=LINE('',#13714,#682);
#261=LINE('',#13731,#683);
#262=LINE('',#13735,#684);
#263=LINE('',#13745,#685);
#264=LINE('',#13749,#686);
#265=LINE('',#13765,#687);
#266=LINE('',#13774,#688);
#267=LINE('',#13778,#689);
#268=LINE('',#13792,#690);
#269=LINE('',#13802,#691);
#270=LINE('',#13806,#692);
#271=LINE('',#13822,#693);
#272=LINE('',#13831,#694);
#273=LINE('',#13835,#695);
#274=LINE('',#13849,#696);
#275=LINE('',#13853,#697);
#276=LINE('',#13855,#698);
#277=LINE('',#13857,#699);
#278=LINE('',#13859,#700);
#279=LINE('',#13873,#701);
#280=LINE('',#13874,#702);
#281=LINE('',#13882,#703);
#282=LINE('',#13884,#704);
#283=LINE('',#13890,#705);
#284=LINE('',#13892,#706);
#285=LINE('',#13894,#707);
#286=LINE('',#13896,#708);
#287=LINE('',#13897,#709);
#288=LINE('',#13898,#710);
#289=LINE('',#13902,#711);
#290=LINE('',#14179,#712);
#291=LINE('',#14183,#713);
#292=LINE('',#14185,#714);
#293=LINE('',#14187,#715);
#294=LINE('',#14189,#716);
#295=LINE('',#14195,#717);
#296=LINE('',#14197,#718);
#297=LINE('',#14199,#719);
#298=LINE('',#14201,#720);
#299=LINE('',#14205,#721);
#300=LINE('',#14211,#722);
#301=LINE('',#14215,#723);
#302=LINE('',#14221,#724);
#303=LINE('',#14223,#725);
#304=LINE('',#14229,#726);
#305=LINE('',#14233,#727);
#306=LINE('',#14237,#728);
#307=LINE('',#14243,#729);
#308=LINE('',#14247,#730);
#309=LINE('',#14251,#731);
#310=LINE('',#14257,#732);
#311=LINE('',#14261,#733);
#312=LINE('',#14265,#734);
#313=LINE('',#14269,#735);
#314=LINE('',#14285,#736);
#315=LINE('',#14299,#737);
#316=LINE('',#14303,#738);
#317=LINE('',#14307,#739);
#318=LINE('',#14315,#740);
#319=LINE('',#14319,#741);
#320=LINE('',#14325,#742);
#321=LINE('',#14337,#743);
#322=LINE('',#14343,#744);
#323=LINE('',#14345,#745);
#324=LINE('',#14347,#746);
#325=LINE('',#14348,#747);
#326=LINE('',#14350,#748);
#327=LINE('',#14352,#749);
#328=LINE('',#14354,#750);
#329=LINE('',#14356,#751);
#330=LINE('',#14357,#752);
#331=LINE('',#14359,#753);
#332=LINE('',#14363,#754);
#333=LINE('',#14365,#755);
#334=LINE('',#14368,#756);
#335=LINE('',#14370,#757);
#336=LINE('',#14381,#758);
#337=LINE('',#14383,#759);
#338=LINE('',#14385,#760);
#339=LINE('',#14389,#761);
#340=LINE('',#14391,#762);
#341=LINE('',#14399,#763);
#342=LINE('',#14401,#764);
#343=LINE('',#14402,#765);
#344=LINE('',#14404,#766);
#345=LINE('',#14406,#767);
#346=LINE('',#14408,#768);
#347=LINE('',#14410,#769);
#348=LINE('',#14412,#770);
#349=LINE('',#14414,#771);
#350=LINE('',#14416,#772);
#351=LINE('',#14418,#773);
#352=LINE('',#14422,#774);
#353=LINE('',#14428,#775);
#354=LINE('',#14437,#776);
#355=LINE('',#14438,#777);
#356=LINE('',#14444,#778);
#357=LINE('',#14466,#779);
#358=LINE('',#14474,#780);
#359=LINE('',#14499,#781);
#360=LINE('',#14500,#782);
#361=LINE('',#14502,#783);
#362=LINE('',#14506,#784);
#363=LINE('',#14508,#785);
#364=LINE('',#14509,#786);
#365=LINE('',#14517,#787);
#366=LINE('',#14520,#788);
#367=LINE('',#14522,#789);
#368=LINE('',#14524,#790);
#369=LINE('',#14525,#791);
#370=LINE('',#14526,#792);
#371=LINE('',#14528,#793);
#372=LINE('',#14530,#794);
#373=LINE('',#14533,#795);
#374=LINE('',#14543,#796);
#375=LINE('',#14550,#797);
#376=LINE('',#14553,#798);
#377=LINE('',#14558,#799);
#378=LINE('',#14578,#800);
#379=LINE('',#14579,#801);
#380=LINE('',#14581,#802);
#381=LINE('',#14591,#803);
#382=LINE('',#14598,#804);
#383=LINE('',#14601,#805);
#384=LINE('',#14625,#806);
#385=LINE('',#14635,#807);
#386=LINE('',#14642,#808);
#387=LINE('',#14645,#809);
#388=LINE('',#14669,#810);
#389=LINE('',#14671,#811);
#390=LINE('',#14681,#812);
#391=LINE('',#14688,#813);
#392=LINE('',#14691,#814);
#393=LINE('',#14721,#815);
#394=LINE('',#14723,#816);
#395=LINE('',#14740,#817);
#396=LINE('',#14742,#818);
#397=LINE('',#14759,#819);
#398=LINE('',#14761,#820);
#399=LINE('',#14778,#821);
#400=LINE('',#14780,#822);
#401=LINE('',#14893,#823);
#402=LINE('',#14897,#824);
#403=LINE('',#14899,#825);
#404=LINE('',#14903,#826);
#405=LINE('',#14919,#827);
#406=LINE('',#14923,#828);
#407=LINE('',#14927,#829);
#408=LINE('',#14939,#830);
#409=LINE('',#14945,#831);
#410=LINE('',#14949,#832);
#411=LINE('',#14957,#833);
#412=LINE('',#14963,#834);
#413=LINE('',#14965,#835);
#414=LINE('',#14967,#836);
#415=LINE('',#14974,#837);
#416=LINE('',#14975,#838);
#417=LINE('',#14977,#839);
#418=LINE('',#14979,#840);
#419=LINE('',#14983,#841);
#420=LINE('',#14988,#842);
#421=LINE('',#14989,#843);
#422=LINE('',#14991,#844);
#423=LINE('',#14993,#845);
#424=LINE('',#14995,#846);
#425=LINE('',#14999,#847);
#426=LINE('',#15001,#848);
#427=LINE('',#15003,#849);
#428=LINE('',#15007,#850);
#429=LINE('',#15011,#851);
#430=LINE('',#15016,#852);
#431=LINE('',#15020,#853);
#432=LINE('',#15025,#854);
#433=LINE('',#15029,#855);
#434=LINE('',#15046,#856);
#435=LINE('',#15050,#857);
#436=LINE('',#15052,#858);
#437=LINE('',#15054,#859);
#438=LINE('',#15056,#860);
#439=LINE('',#15062,#861);
#440=LINE('',#15066,#862);
#441=LINE('',#15070,#863);
#442=LINE('',#15072,#864);
#443=LINE('',#15074,#865);
#444=LINE('',#15076,#866);
#445=LINE('',#15078,#867);
#446=LINE('',#15080,#868);
#447=LINE('',#15082,#869);
#448=LINE('',#15086,#870);
#449=LINE('',#15091,#871);
#450=LINE('',#15095,#872);
#451=LINE('',#15101,#873);
#452=LINE('',#15104,#874);
#453=LINE('',#15108,#875);
#454=LINE('',#15112,#876);
#455=LINE('',#15116,#877);
#456=LINE('',#15138,#878);
#457=LINE('',#15139,#879);
#458=LINE('',#15141,#880);
#459=LINE('',#15146,#881);
#460=LINE('',#15153,#882);
#461=LINE('',#15156,#883);
#462=LINE('',#15158,#884);
#463=LINE('',#15159,#885);
#464=LINE('',#15161,#886);
#465=LINE('',#15165,#887);
#466=LINE('',#15167,#888);
#467=LINE('',#15171,#889);
#468=LINE('',#15173,#890);
#469=LINE('',#15179,#891);
#470=LINE('',#15185,#892);
#471=LINE('',#15192,#893);
#472=LINE('',#15195,#894);
#473=LINE('',#15201,#895);
#474=LINE('',#15222,#896);
#475=LINE('',#15226,#897);
#476=LINE('',#15232,#898);
#477=LINE('',#15238,#899);
#478=LINE('',#15263,#900);
#479=LINE('',#15265,#901);
#480=LINE('',#15271,#902);
#481=LINE('',#15283,#903);
#482=LINE('',#15289,#904);
#483=LINE('',#15295,#905);
#484=LINE('',#15320,#906);
#485=LINE('',#15322,#907);
#486=LINE('',#15328,#908);
#487=LINE('',#15340,#909);
#488=LINE('',#15344,#910);
#489=LINE('',#15350,#911);
#490=LINE('',#15356,#912);
#491=LINE('',#15363,#913);
#492=LINE('',#15366,#914);
#493=LINE('',#15372,#915);
#494=LINE('',#15400,#916);
#495=LINE('',#15402,#917);
#496=LINE('',#15415,#918);
#497=LINE('',#15417,#919);
#498=LINE('',#15426,#920);
#499=LINE('',#15428,#921);
#500=LINE('',#15441,#922);
#501=LINE('',#15443,#923);
#502=VECTOR('',#9871,1.);
#503=VECTOR('',#9874,1.);
#504=VECTOR('',#9877,1.);
#505=VECTOR('',#9878,1.);
#506=VECTOR('',#9879,1.);
#507=VECTOR('',#9886,1.);
#508=VECTOR('',#9901,1.);
#509=VECTOR('',#9904,1.);
#510=VECTOR('',#9907,1.);
#511=VECTOR('',#9916,1.);
#512=VECTOR('',#9919,1.);
#513=VECTOR('',#9924,1.);
#514=VECTOR('',#9935,1.);
#515=VECTOR('',#9938,1.);
#516=VECTOR('',#9951,1.);
#517=VECTOR('',#9952,1.);
#518=VECTOR('',#9955,1.);
#519=VECTOR('',#9958,1.);
#520=VECTOR('',#9961,1.);
#521=VECTOR('',#9962,1.);
#522=VECTOR('',#9971,1.);
#523=VECTOR('',#9972,1.);
#524=VECTOR('',#9975,1.);
#525=VECTOR('',#9976,1.);
#526=VECTOR('',#9979,1.);
#527=VECTOR('',#9986,1.);
#528=VECTOR('',#9987,1.);
#529=VECTOR('',#9990,1.);
#530=VECTOR('',#9995,1.);
#531=VECTOR('',#9996,1.);
#532=VECTOR('',#9999,1.);
#533=VECTOR('',#10008,1.);
#534=VECTOR('',#10017,1.);
#535=VECTOR('',#10032,1.);
#536=VECTOR('',#10033,1.);
#537=VECTOR('',#10034,1.);
#538=VECTOR('',#10039,1.);
#539=VECTOR('',#10042,1.);
#540=VECTOR('',#10047,1.);
#541=VECTOR('',#10048,1.);
#542=VECTOR('',#10049,1.);
#543=VECTOR('',#10050,1.);
#544=VECTOR('',#10051,1.);
#545=VECTOR('',#10052,1.);
#546=VECTOR('',#10053,1.);
#547=VECTOR('',#10056,1.);
#548=VECTOR('',#10061,1.);
#549=VECTOR('',#10064,1.);
#550=VECTOR('',#10069,1.);
#551=VECTOR('',#10070,1.);
#552=VECTOR('',#10077,1.);
#553=VECTOR('',#10080,1.);
#554=VECTOR('',#10083,1.);
#555=VECTOR('',#10086,1.);
#556=VECTOR('',#10089,1.);
#557=VECTOR('',#10092,1.);
#558=VECTOR('',#10095,1.);
#559=VECTOR('',#10102,1.);
#560=VECTOR('',#10103,1.);
#561=VECTOR('',#10110,1.);
#562=VECTOR('',#10117,1.);
#563=VECTOR('',#10124,1.);
#564=VECTOR('',#10127,1.);
#565=VECTOR('',#10130,1.);
#566=VECTOR('',#10133,1.);
#567=VECTOR('',#10142,1.);
#568=VECTOR('',#10147,1.);
#569=VECTOR('',#10150,1.);
#570=VECTOR('',#10153,1.);
#571=VECTOR('',#10156,1.);
#572=VECTOR('',#10159,1.);
#573=VECTOR('',#10168,1.);
#574=VECTOR('',#10173,1.);
#575=VECTOR('',#10178,1.);
#576=VECTOR('',#10179,1.);
#577=VECTOR('',#10186,1.);
#578=VECTOR('',#10191,1.);
#579=VECTOR('',#10196,1.);
#580=VECTOR('',#10199,1.);
#581=VECTOR('',#10202,1.);
#582=VECTOR('',#10205,1.);
#583=VECTOR('',#10214,1.);
#584=VECTOR('',#10219,1.);
#585=VECTOR('',#10236,1.);
#586=VECTOR('',#10243,1.);
#587=VECTOR('',#10262,1.);
#588=VECTOR('',#10271,1.);
#589=VECTOR('',#10282,1.);
#590=VECTOR('',#10285,1.);
#591=VECTOR('',#10296,1.);
#592=VECTOR('',#10301,1.);
#593=VECTOR('',#10320,1.);
#594=VECTOR('',#10333,1.);
#595=VECTOR('',#10334,1.);
#596=VECTOR('',#10339,1.);
#597=VECTOR('',#10340,1.);
#598=VECTOR('',#10343,1.);
#599=VECTOR('',#10344,1.);
#600=VECTOR('',#10347,1.);
#601=VECTOR('',#10358,1.);
#602=VECTOR('',#10459,1.);
#603=VECTOR('',#10462,1.);
#604=VECTOR('',#10465,1.);
#605=VECTOR('',#10466,1.);
#606=VECTOR('',#10467,1.);
#607=VECTOR('',#10472,1.);
#608=VECTOR('',#10479,1.);
#609=VECTOR('',#10482,1.);
#610=VECTOR('',#10485,1.);
#611=VECTOR('',#10490,1.);
#612=VECTOR('',#10491,1.);
#613=VECTOR('',#10496,1.);
#614=VECTOR('',#10499,1.);
#615=VECTOR('',#10504,1.);
#616=VECTOR('',#10507,1.);
#617=VECTOR('',#10510,1.);
#618=VECTOR('',#10515,1.);
#619=VECTOR('',#10518,1.);
#620=VECTOR('',#10521,1.);
#621=VECTOR('',#10524,1.);
#622=VECTOR('',#10529,1.);
#623=VECTOR('',#10532,1.);
#624=VECTOR('',#10539,1.);
#625=VECTOR('',#10542,1.);
#626=VECTOR('',#10545,1.);
#627=VECTOR('',#10546,1.);
#628=VECTOR('',#10549,1.);
#629=VECTOR('',#10554,1.);
#630=VECTOR('',#10557,1.);
#631=VECTOR('',#10560,1.);
#632=VECTOR('',#10561,1.);
#633=VECTOR('',#10564,1.);
#634=VECTOR('',#10569,1.);
#635=VECTOR('',#10572,1.);
#636=VECTOR('',#10575,1.);
#637=VECTOR('',#10580,1.);
#638=VECTOR('',#10581,1.);
#639=VECTOR('',#10584,1.);
#640=VECTOR('',#10591,1.);
#641=VECTOR('',#10594,1.);
#642=VECTOR('',#10601,1.);
#643=VECTOR('',#10608,1.);
#644=VECTOR('',#10615,1.);
#645=VECTOR('',#10636,1.);
#646=VECTOR('',#10637,1.);
#647=VECTOR('',#10638,1.);
#648=VECTOR('',#10639,1.);
#649=VECTOR('',#10646,1.);
#650=VECTOR('',#10649,1.);
#651=VECTOR('',#10654,1.);
#652=VECTOR('',#10655,1.);
#653=VECTOR('',#10658,1.);
#654=VECTOR('',#10659,1.);
#655=VECTOR('',#10660,1.);
#656=VECTOR('',#10661,1.);
#657=VECTOR('',#10662,1.);
#658=VECTOR('',#10663,1.);
#659=VECTOR('',#10664,1.);
#660=VECTOR('',#10665,1.);
#661=VECTOR('',#10666,1.);
#662=VECTOR('',#10667,1.);
#663=VECTOR('',#10682,1.);
#664=VECTOR('',#10693,1.);
#665=VECTOR('',#10704,1.);
#666=VECTOR('',#10711,1.);
#667=VECTOR('',#10718,1.);
#668=VECTOR('',#10725,1.);
#669=VECTOR('',#10734,1.);
#670=VECTOR('',#10735,1.);
#671=VECTOR('',#10742,1.);
#672=VECTOR('',#10747,1.);
#673=VECTOR('',#10754,1.);
#674=VECTOR('',#10755,1.);
#675=VECTOR('',#10762,1.);
#676=VECTOR('',#10767,1.);
#677=VECTOR('',#10774,1.);
#678=VECTOR('',#10775,1.);
#679=VECTOR('',#10782,1.);
#680=VECTOR('',#10787,1.);
#681=VECTOR('',#10794,1.);
#682=VECTOR('',#10795,1.);
#683=VECTOR('',#10802,1.);
#684=VECTOR('',#10807,1.);
#685=VECTOR('',#10820,1.);
#686=VECTOR('',#10823,1.);
#687=VECTOR('',#10838,1.);
#688=VECTOR('',#10851,1.);
#689=VECTOR('',#10854,1.);
#690=VECTOR('',#10865,1.);
#691=VECTOR('',#10880,1.);
#692=VECTOR('',#10883,1.);
#693=VECTOR('',#10898,1.);
#694=VECTOR('',#10911,1.);
#695=VECTOR('',#10914,1.);
#696=VECTOR('',#10925,1.);
#697=VECTOR('',#10932,1.);
#698=VECTOR('',#10933,1.);
#699=VECTOR('',#10934,1.);
#700=VECTOR('',#10937,1.);
#701=VECTOR('',#10950,1.);
#702=VECTOR('',#10951,1.);
#703=VECTOR('',#10956,1.);
#704=VECTOR('',#10959,1.);
#705=VECTOR('',#10966,1.);
#706=VECTOR('',#10969,1.);
#707=VECTOR('',#10970,1.);
#708=VECTOR('',#10971,1.);
#709=VECTOR('',#10972,1.);
#710=VECTOR('',#10973,1.);
#711=VECTOR('',#10976,1.);
#712=VECTOR('',#11213,1.);
#713=VECTOR('',#11216,1.);
#714=VECTOR('',#11219,1.);
#715=VECTOR('',#11220,1.);
#716=VECTOR('',#11221,1.);
#717=VECTOR('',#11228,1.);
#718=VECTOR('',#11231,1.);
#719=VECTOR('',#11232,1.);
#720=VECTOR('',#11233,1.);
#721=VECTOR('',#11238,1.);
#722=VECTOR('',#11243,1.);
#723=VECTOR('',#11246,1.);
#724=VECTOR('',#11251,1.);
#725=VECTOR('',#11252,1.);
#726=VECTOR('',#11257,1.);
#727=VECTOR('',#11260,1.);
#728=VECTOR('',#11263,1.);
#729=VECTOR('',#11268,1.);
#730=VECTOR('',#11271,1.);
#731=VECTOR('',#11274,1.);
#732=VECTOR('',#11279,1.);
#733=VECTOR('',#11282,1.);
#734=VECTOR('',#11285,1.);
#735=VECTOR('',#11288,1.);
#736=VECTOR('',#11305,1.);
#737=VECTOR('',#11320,1.);
#738=VECTOR('',#11323,1.);
#739=VECTOR('',#11326,1.);
#740=VECTOR('',#11333,1.);
#741=VECTOR('',#11336,1.);
#742=VECTOR('',#11341,1.);
#743=VECTOR('',#11352,1.);
#744=VECTOR('',#11359,1.);
#745=VECTOR('',#11362,1.);
#746=VECTOR('',#11365,1.);
#747=VECTOR('',#11366,1.);
#748=VECTOR('',#11369,1.);
#749=VECTOR('',#11372,1.);
#750=VECTOR('',#11375,1.);
#751=VECTOR('',#11378,1.);
#752=VECTOR('',#11379,1.);
#753=VECTOR('',#11382,1.);
#754=VECTOR('',#11389,1.);
#755=VECTOR('',#11392,1.);
#756=VECTOR('',#11397,1.);
#757=VECTOR('',#11400,1.);
#758=VECTOR('',#11415,1.);
#759=VECTOR('',#11416,1.);
#760=VECTOR('',#11417,1.);
#761=VECTOR('',#11422,1.);
#762=VECTOR('',#11425,1.);
#763=VECTOR('',#11434,1.);
#764=VECTOR('',#11437,1.);
#765=VECTOR('',#11438,1.);
#766=VECTOR('',#11439,1.);
#767=VECTOR('',#11440,1.);
#768=VECTOR('',#11441,1.);
#769=VECTOR('',#11442,1.);
#770=VECTOR('',#11443,1.);
#771=VECTOR('',#11444,1.);
#772=VECTOR('',#11445,1.);
#773=VECTOR('',#11446,1.);
#774=VECTOR('',#11449,1.);
#775=VECTOR('',#11456,1.);
#776=VECTOR('',#11465,1.);
#777=VECTOR('',#11466,1.);
#778=VECTOR('',#11473,1.);
#779=VECTOR('',#11476,1.);
#780=VECTOR('',#11477,1.);
#781=VECTOR('',#11488,1.);
#782=VECTOR('',#11489,1.);
#783=VECTOR('',#11492,1.);
#784=VECTOR('',#11495,1.);
#785=VECTOR('',#11498,1.);
#786=VECTOR('',#11499,1.);
#787=VECTOR('',#11514,1.);
#788=VECTOR('',#11517,1.);
#789=VECTOR('',#11520,1.);
#790=VECTOR('',#11521,1.);
#791=VECTOR('',#11522,1.);
#792=VECTOR('',#11523,1.);
#793=VECTOR('',#11526,1.);
#794=VECTOR('',#11529,1.);
#795=VECTOR('',#11534,1.);
#796=VECTOR('',#11535,1.);
#797=VECTOR('',#11544,1.);
#798=VECTOR('',#11545,1.);
#799=VECTOR('',#11546,1.);
#800=VECTOR('',#11571,1.);
#801=VECTOR('',#11572,1.);
#802=VECTOR('',#11575,1.);
#803=VECTOR('',#11576,1.);
#804=VECTOR('',#11585,1.);
#805=VECTOR('',#11586,1.);
#806=VECTOR('',#11611,1.);
#807=VECTOR('',#11612,1.);
#808=VECTOR('',#11621,1.);
#809=VECTOR('',#11622,1.);
#810=VECTOR('',#11647,1.);
#811=VECTOR('',#11650,1.);
#812=VECTOR('',#11651,1.);
#813=VECTOR('',#11660,1.);
#814=VECTOR('',#11661,1.);
#815=VECTOR('',#11686,1.);
#816=VECTOR('',#11689,1.);
#817=VECTOR('',#11698,1.);
#818=VECTOR('',#11701,1.);
#819=VECTOR('',#11710,1.);
#820=VECTOR('',#11713,1.);
#821=VECTOR('',#11722,1.);
#822=VECTOR('',#11725,1.);
#823=VECTOR('',#11774,1.);
#824=VECTOR('',#11777,1.);
#825=VECTOR('',#11780,1.);
#826=VECTOR('',#11783,1.);
#827=VECTOR('',#11798,1.);
#828=VECTOR('',#11801,1.);
#829=VECTOR('',#11804,1.);
#830=VECTOR('',#11815,1.);
#831=VECTOR('',#11820,1.);
#832=VECTOR('',#11823,1.);
#833=VECTOR('',#11830,1.);
#834=VECTOR('',#11837,1.);
#835=VECTOR('',#11838,1.);
#836=VECTOR('',#11841,1.);
#837=VECTOR('',#11848,1.);
#838=VECTOR('',#11849,1.);
#839=VECTOR('',#11852,1.);
#840=VECTOR('',#11853,1.);
#841=VECTOR('',#11858,1.);
#842=VECTOR('',#11863,1.);
#843=VECTOR('',#11864,1.);
#844=VECTOR('',#11867,1.);
#845=VECTOR('',#11868,1.);
#846=VECTOR('',#11871,1.);
#847=VECTOR('',#11874,1.);
#848=VECTOR('',#11877,1.);
#849=VECTOR('',#11878,1.);
#850=VECTOR('',#11883,1.);
#851=VECTOR('',#11888,1.);
#852=VECTOR('',#11895,1.);
#853=VECTOR('',#11900,1.);
#854=VECTOR('',#11907,1.);
#855=VECTOR('',#11912,1.);
#856=VECTOR('',#11933,1.);
#857=VECTOR('',#11936,1.);
#858=VECTOR('',#11939,1.);
#859=VECTOR('',#11940,1.);
#860=VECTOR('',#11943,1.);
#861=VECTOR('',#11950,1.);
#862=VECTOR('',#11955,1.);
#863=VECTOR('',#11958,1.);
#864=VECTOR('',#11959,1.);
#865=VECTOR('',#11960,1.);
#866=VECTOR('',#11961,1.);
#867=VECTOR('',#11962,1.);
#868=VECTOR('',#11963,1.);
#869=VECTOR('',#11964,1.);
#870=VECTOR('',#11969,1.);
#871=VECTOR('',#11974,1.);
#872=VECTOR('',#11977,1.);
#873=VECTOR('',#11984,1.);
#874=VECTOR('',#11989,1.);
#875=VECTOR('',#11992,1.);
#876=VECTOR('',#11999,1.);
#877=VECTOR('',#12002,1.);
#878=VECTOR('',#12011,1.);
#879=VECTOR('',#12012,1.);
#880=VECTOR('',#12015,1.);
#881=VECTOR('',#12018,1.);
#882=VECTOR('',#12029,1.);
#883=VECTOR('',#12030,1.);
#884=VECTOR('',#12031,1.);
#885=VECTOR('',#12032,1.);
#886=VECTOR('',#12035,1.);
#887=VECTOR('',#12042,1.);
#888=VECTOR('',#12045,1.);
#889=VECTOR('',#12048,1.);
#890=VECTOR('',#12051,1.);
#891=VECTOR('',#12052,1.);
#892=VECTOR('',#12053,1.);
#893=VECTOR('',#12062,1.);
#894=VECTOR('',#12063,1.);
#895=VECTOR('',#12064,1.);
#896=VECTOR('',#12091,1.);
#897=VECTOR('',#12096,1.);
#898=VECTOR('',#12097,1.);
#899=VECTOR('',#12098,1.);
#900=VECTOR('',#12111,1.);
#901=VECTOR('',#12112,1.);
#902=VECTOR('',#12113,1.);
#903=VECTOR('',#12132,1.);
#904=VECTOR('',#12133,1.);
#905=VECTOR('',#12134,1.);
#906=VECTOR('',#12147,1.);
#907=VECTOR('',#12148,1.);
#908=VECTOR('',#12149,1.);
#909=VECTOR('',#12168,1.);
#910=VECTOR('',#12173,1.);
#911=VECTOR('',#12174,1.);
#912=VECTOR('',#12175,1.);
#913=VECTOR('',#12184,1.);
#914=VECTOR('',#12185,1.);
#915=VECTOR('',#12186,1.);
#916=VECTOR('',#12215,1.);
#917=VECTOR('',#12218,1.);
#918=VECTOR('',#12229,1.);
#919=VECTOR('',#12232,1.);
#920=VECTOR('',#12245,1.);
#921=VECTOR('',#12248,1.);
#922=VECTOR('',#12259,1.);
#923=VECTOR('',#12262,1.);
#924=B_SPLINE_CURVE_WITH_KNOTS('',3,(#12530,#12531,#12532,#12533,#12534,
#12535,#12536,#12537,#12538,#12539,#12540,#12541,#12542,#12543,#12544,#12545,
#12546,#12547,#12548),.UNSPECIFIED.,.T.,.F.,(1,1,1,1,1,1,1,1,1,1,1,1,1,
1,1,1,1,1,1,1,1,1,1),(-0.0010367368539428,0.000152494217713215,0.00134172528936922,
0.00253095636102523,0.00372018743268125,0.00490941850433726,0.00609864957599327,
0.00728788064764928,0.00847711171930529,0.0096663427909613,0.0108555738626173,
0.0120448049342733,0.0132340360059293,0.0144232670775853,0.0156124981492414,
0.0168017292208974,0.0179909602925534,0.0191801913642094,0.0203694224358654,
0.0215586535075214,0.0227478845791774,0.0239371156508334,0.0251263467224894),
 .UNSPECIFIED.);
#925=B_SPLINE_CURVE_WITH_KNOTS('',3,(#12552,#12553,#12554,#12555,#12556,
#12557,#12558,#12559,#12560,#12561,#12562,#12563,#12564,#12565,#12566,#12567,
#12568,#12569,#12570),.UNSPECIFIED.,.T.,.F.,(1,1,1,1,1,1,1,1,1,1,1,1,1,
1,1,1,1,1,1,1,1,1,1),(-0.000807586079061458,0.000371529864388789,0.00155064580783904,
0.00272976175128928,0.00390887769473952,0.00508799363818977,0.00626710958164001,
0.00744622552509026,0.0086253414685405,0.00980445741199075,0.010983573355441,
0.0121626892988912,0.0133418052423415,0.0145209211857917,0.015700037129242,
0.0168791530726922,0.0180582690161425,0.0192373849595927,0.020416500903043,
0.0215956168464932,0.0227747327899434,0.0239538487333937,0.0251329646768439),
 .UNSPECIFIED.);
#926=B_SPLINE_CURVE_WITH_KNOTS('',3,(#12574,#12575,#12576,#12577,#12578,
#12579,#12580,#12581,#12582,#12583,#12584,#12585,#12586,#12587,#12588,#12589,
#12590,#12591,#12592),.UNSPECIFIED.,.T.,.F.,(1,1,1,1,1,1,1,1,1,1,1,1,1,
1,1,1,1,1,1,1,1,1,1),(-0.00059280359554937,0.000590136207450839,0.00177307601045105,
0.00295601581345125,0.00413895561645146,0.00532189541945167,0.00650483522245188,
0.00768777502545209,0.00887071482845229,0.0100536546314525,0.0112365944344527,
0.0124195342374529,0.0136024740404531,0.0147854138434533,0.0159683536464535,
0.0171512934494538,0.018334233252454,0.0195171730554542,0.0207001128584544,
0.0218830526614546,0.0230659924644548,0.024248932267455,0.0254318720704552),
 .UNSPECIFIED.);
#927=B_SPLINE_CURVE_WITH_KNOTS('',3,(#12596,#12597,#12598,#12599,#12600,
#12601,#12602,#12603,#12604,#12605,#12606,#12607,#12608,#12609,#12610,#12611,
#12612,#12613,#12614),.UNSPECIFIED.,.T.,.F.,(1,1,1,1,1,1,1,1,1,1,1,1,1,
1,1,1,1,1,1,1,1,1,1),(-0.00111138700869309,7.79874551634398E-5,0.00126736191901997,
0.00245673638287649,0.00364611084673302,0.00483548531058955,0.00602485977444608,
0.00721423423830261,0.00840360870215914,0.00959298316601567,0.0107823576298722,
0.0119717320937287,0.0131611065575853,0.0143504810214418,0.0155398554852983,
0.0167292299491548,0.0179186044130114,0.0191079788768679,0.0202973533407244,
0.0214867278045809,0.0226761022684375,0.023865476732294,0.0250548511961505),
 .UNSPECIFIED.);
#928=B_SPLINE_CURVE_WITH_KNOTS('',3,(#12874,#12875,#12876,#12877,#12878),
 .UNSPECIFIED.,.F.,.F.,(4,1,4),(4.41479456341955E-16,0.0026030268393778,
0.00520605367875515),.UNSPECIFIED.);
#929=B_SPLINE_CURVE_WITH_KNOTS('',3,(#12905,#12906,#12907,#12908,#12909),
 .UNSPECIFIED.,.F.,.F.,(4,1,4),(7.97218214573518E-17,0.00261087556633333,
0.00522175113266658),.UNSPECIFIED.);
#930=B_SPLINE_CURVE_WITH_KNOTS('',3,(#12911,#12912,#12913,#12914,#12915),
 .UNSPECIFIED.,.F.,.F.,(4,1,4),(1.15110373196268E-15,0.0026030268393773,
0.00520605367875344),.UNSPECIFIED.);
#931=B_SPLINE_CURVE_WITH_KNOTS('',3,(#12942,#12943,#12944,#12945,#12946),
 .UNSPECIFIED.,.F.,.F.,(4,1,4),(3.36804503717525E-16,0.00261087556633507,
0.0052217511326698),.UNSPECIFIED.);
#932=B_SPLINE_CURVE_WITH_KNOTS('',3,(#12953,#12954,#12955,#12956,#12957),
 .UNSPECIFIED.,.F.,.F.,(4,1,4),(9.32294043691131E-16,0.00261087556633598,
0.00522175113267102),.UNSPECIFIED.);
#933=B_SPLINE_CURVE_WITH_KNOTS('',3,(#12968,#12969,#12970,#12971,#12972),
 .UNSPECIFIED.,.F.,.F.,(4,1,4),(5.88784672006416E-17,0.00260302683937568,
0.00520605367875131),.UNSPECIFIED.);
#934=B_SPLINE_CURVE_WITH_KNOTS('',3,(#12984,#12985,#12986,#12987,#12988),
 .UNSPECIFIED.,.F.,.F.,(4,1,4),(1.96261557335472E-17,0.002603026839376,
0.00520605367875199),.UNSPECIFIED.);
#935=B_SPLINE_CURVE_WITH_KNOTS('',3,(#13015,#13016,#13017,#13018,#13019),
 .UNSPECIFIED.,.F.,.F.,(4,1,4),(2.25487362244147E-16,0.00261087556633553,
0.00522175113267084),.UNSPECIFIED.);
#936=B_SPLINE_CURVE_WITH_KNOTS('',3,(#13233,#13234,#13235,#13236,#13237,
#13238,#13239,#13240,#13241,#13242,#13243,#13244,#13245,#13246,#13247,#13248,
#13249,#13250,#13251),.UNSPECIFIED.,.T.,.F.,(1,1,1,1,1,1,1,1,1,1,1,1,1,
1,1,1,1,1,1,1,1,1,1),(0.00869091925392699,0.00987959710937315,0.0110682749648193,
0.0122569528202655,0.0134456306757116,0.0146343085311578,0.0158229863866039,
0.0170116642420501,0.0182003420974962,0.0193890199529424,0.0205776978083886,
0.0217663756638347,0.0229550535192809,0.024143731374727,0.0253324092301732,
0.0265210870856194,0.0277097649410655,0.0288984427965117,0.0300871206519578,
0.031275798507404,0.0324644763628501,0.0336531542182963,0.0348418320737425),
 .UNSPECIFIED.);
#937=B_SPLINE_CURVE_WITH_KNOTS('',3,(#13255,#13256,#13257,#13258,#13259,
#13260,#13261,#13262,#13263,#13264,#13265,#13266,#13267,#13268,#13269,#13270,
#13271,#13272,#13273),.UNSPECIFIED.,.T.,.F.,(1,1,1,1,1,1,1,1,1,1,1,1,1,
1,1,1,1,1,1,1,1,1,1),(0.00889814938953222,0.0100810988702826,0.011264048351033,
0.0124469978317834,0.0136299473125337,0.0148128967932841,0.0159958462740345,
0.0171787957547849,0.0183617452355353,0.0195446947162856,0.020727644197036,
0.0219105936777864,0.0230935431585368,0.0242764926392872,0.0254594421200375,
0.0266423916007879,0.0278253410815383,0.0290082905622887,0.0301912400430391,
0.0313741895237894,0.0325571390045398,0.0337400884852902,0.0349230379660406),
 .UNSPECIFIED.);
#938=B_SPLINE_CURVE_WITH_KNOTS('',3,(#13277,#13278,#13279,#13280,#13281,
#13282,#13283,#13284,#13285,#13286,#13287,#13288,#13289,#13290,#13291,#13292,
#13293,#13294,#13295),.UNSPECIFIED.,.T.,.F.,(1,1,1,1,1,1,1,1,1,1,1,1,1,
1,1,1,1,1,1,1,1,1,1),(0.0100756170060311,0.0112638183786611,0.0124520197512912,
0.0136402211239212,0.0148284224965513,0.0160166238691813,0.0172048252418113,
0.0183930266144414,0.0195812279870714,0.0207694293597015,0.0219576307323315,
0.0231458321049616,0.0243340334775916,0.0255222348502216,0.0267104362228517,
0.0278986375954817,0.0290868389681118,0.0302750403407418,0.0314632417133719,
0.0326514430860019,0.0338396444586319,0.035027845831262,0.036216047203892),
 .UNSPECIFIED.);
#939=B_SPLINE_CURVE_WITH_KNOTS('',3,(#13299,#13300,#13301,#13302,#13303,
#13304,#13305,#13306,#13307,#13308,#13309,#13310,#13311,#13312,#13313,#13314,
#13315,#13316,#13317),.UNSPECIFIED.,.T.,.F.,(1,1,1,1,1,1,1,1,1,1,1,1,1,
1,1,1,1,1,1,1,1,1,1),(0.0102536753892834,0.0114368216866635,0.0126199679840436,
0.0138031142814237,0.0149862605788039,0.016169406876184,0.0173525531735641,
0.0185356994709443,0.0197188457683244,0.0209019920657045,0.0220851383630846,
0.0232682846604648,0.0244514309578449,0.025634577255225,0.0268177235526052,
0.0280008698499853,0.0291840161473654,0.0303671624447455,0.0315503087421257,
0.0327334550395058,0.0339166013368859,0.035099747634266,0.0362828939316462),
 .UNSPECIFIED.);
#940=B_SPLINE_CURVE_WITH_KNOTS('',3,(#13600,#13601,#13602,#13603,#13604),
 .UNSPECIFIED.,.F.,.F.,(4,1,4),(1.46053415105683E-15,0.00261087555330187,
0.00522175110660228),.UNSPECIFIED.);
#941=B_SPLINE_CURVE_WITH_KNOTS('',3,(#13615,#13616,#13617,#13618,#13619),
 .UNSPECIFIED.,.F.,.F.,(4,1,4),(5.03631783822069E-16,0.00260302685253168,
0.00520605370506285),.UNSPECIFIED.);
#942=B_SPLINE_CURVE_WITH_KNOTS('',3,(#13636,#13637,#13638,#13639,#13640),
 .UNSPECIFIED.,.F.,.F.,(4,1,4),(4.01257701920814E-16,0.00261087555329875,
0.00522175110659711),.UNSPECIFIED.);
#943=B_SPLINE_CURVE_WITH_KNOTS('',3,(#13651,#13652,#13653,#13654,#13655),
 .UNSPECIFIED.,.F.,.F.,(4,1,4),(2.78940082729686E-16,0.00260302685253169,
0.00520605370506311),.UNSPECIFIED.);
#944=B_SPLINE_CURVE_WITH_KNOTS('',3,(#13672,#13673,#13674,#13675,#13676),
 .UNSPECIFIED.,.F.,.F.,(4,1,4),(2.43949247347815E-16,0.00261087555329846,
0.00522175110659668),.UNSPECIFIED.);
#945=B_SPLINE_CURVE_WITH_KNOTS('',3,(#13687,#13688,#13689,#13690,#13691),
 .UNSPECIFIED.,.F.,.F.,(4,1,4),(2.29718263262219E-16,0.00260302685253205,
0.00520605370506387),.UNSPECIFIED.);
#946=B_SPLINE_CURVE_WITH_KNOTS('',3,(#13708,#13709,#13710,#13711,#13712),
 .UNSPECIFIED.,.F.,.F.,(4,1,4),(0.,0.00261087555329841,0.00522175110659682),
 .UNSPECIFIED.);
#947=B_SPLINE_CURVE_WITH_KNOTS('',3,(#13723,#13724,#13725,#13726,#13727),
 .UNSPECIFIED.,.F.,.F.,(4,1,4),(0.,0.00260302685253214,0.00520605370506427),
 .UNSPECIFIED.);
#948=B_SPLINE_CURVE_WITH_KNOTS('',3,(#13867,#13868,#13869,#13870,#13871),
 .UNSPECIFIED.,.F.,.F.,(4,1,4),(0.,0.0204222168939268,0.0408444337878536),
 .UNSPECIFIED.);
#949=B_SPLINE_CURVE_WITH_KNOTS('',3,(#13877,#13878,#13879,#13880),
 .UNSPECIFIED.,.F.,.F.,(4,4),(0.,0.00102606924094923),.UNSPECIFIED.);
#950=B_SPLINE_CURVE_WITH_KNOTS('',3,(#13913,#13914,#13915,#13916,#13917),
 .UNSPECIFIED.,.F.,.F.,(4,1,4),(1.03522183942122E-13,0.0209370788820267,
0.0418741577639498),.UNSPECIFIED.);
#951=B_SPLINE_CURVE_WITH_KNOTS('',3,(#14090,#14091,#14092,#14093,#14094,
#14095,#14096,#14097,#14098,#14099,#14100,#14101,#14102,#14103,#14104,#14105,
#14106,#14107,#14108),.UNSPECIFIED.,.T.,.F.,(1,1,1,1,1,1,1,1,1,1,1,1,1,
1,1,1,1,1,1,1,1,1,1),(0.00845042626319344,0.00963967381346024,0.0108289213637271,
0.0120181689139939,0.0132074164642607,0.0143966640145275,0.0155859115647943,
0.0167751591150611,0.0179644066653279,0.0191536542155947,0.0203429017658615,
0.0215321493161283,0.0227213968663951,0.0239106444166619,0.0250998919669288,
0.0262891395171956,0.0274783870674624,0.0286676346177292,0.029856882167996,
0.0310461297182628,0.0322353772685296,0.0334246248187964,0.0346138723690632),
 .UNSPECIFIED.);
#952=B_SPLINE_CURVE_WITH_KNOTS('',3,(#14112,#14113,#14114,#14115,#14116,
#14117,#14118,#14119,#14120,#14121,#14122,#14123,#14124,#14125,#14126,#14127,
#14128,#14129,#14130),.UNSPECIFIED.,.T.,.F.,(1,1,1,1,1,1,1,1,1,1,1,1,1,
1,1,1,1,1,1,1,1,1,1),(0.0012830564999507,0.00246519243748367,0.00364732837501663,
0.0048294643125496,0.00601160025008256,0.00719373618761553,0.0083758721251485,
0.00955800806268146,0.0107401440002144,0.0119222799377474,0.0131044158752804,
0.0142865518128133,0.0154686877503463,0.0166508236878793,0.0178329596254122,
0.0190150955629452,0.0201972315004781,0.0213793674380111,0.0225615033755441,
0.023743639313077,0.02492577525061,0.026107911188143,0.0272900471256759),
 .UNSPECIFIED.);
#953=B_SPLINE_CURVE_WITH_KNOTS('',3,(#14134,#14135,#14136,#14137,#14138,
#14139,#14140,#14141,#14142,#14143,#14144,#14145,#14146,#14147,#14148,#14149,
#14150,#14151,#14152),.UNSPECIFIED.,.T.,.F.,(1,1,1,1,1,1,1,1,1,1,1,1,1,
1,1,1,1,1,1,1,1,1,1),(0.0107594211121564,0.011941573648123,0.0131237261840895,
0.0143058787200561,0.0154880312560226,0.0166701837919892,0.0178523363279557,
0.0190344888639222,0.0202166413998888,0.0213987939358553,0.0225809464718219,
0.0237630990077884,0.024945251543755,0.0261274040797215,0.0273095566156881,
0.0284917091516546,0.0296738616876212,0.0308560142235877,0.0320381667595543,
0.0332203192955208,0.0344024718314873,0.0355846243674539,0.0367667769034204),
 .UNSPECIFIED.);
#954=B_SPLINE_CURVE_WITH_KNOTS('',3,(#14156,#14157,#14158,#14159,#14160,
#14161,#14162,#14163,#14164,#14165,#14166,#14167,#14168,#14169,#14170,#14171,
#14172,#14173,#14174),.UNSPECIFIED.,.T.,.F.,(1,1,1,1,1,1,1,1,1,1,1,1,1,
1,1,1,1,1,1,1,1,1,1),(0.01050679441896,0.0116889253076861,0.0128710561964122,
0.0140531870851383,0.0152353179738644,0.0164174488625905,0.0175995797513166,
0.0187817106400427,0.0199638415287688,0.0211459724174949,0.022328103306221,
0.0235102341949471,0.0246923650836732,0.0258744959723993,0.0270566268611254,
0.0282387577498515,0.0294208886385776,0.0306030195273037,0.0317851504160298,
0.0329672813047559,0.034149412193482,0.0353315430822081,0.0365136739709342),
 .UNSPECIFIED.);
#955=B_SPLINE_CURVE_WITH_KNOTS('',3,(#14454,#14455,#14456,#14457,#14458),
 .UNSPECIFIED.,.F.,.F.,(4,1,4),(0.,0.0204222168939736,0.0408444337879472),
 .UNSPECIFIED.);
#956=B_SPLINE_CURVE_WITH_KNOTS('',3,(#14461,#14462,#14463,#14464),
 .UNSPECIFIED.,.F.,.F.,(4,4),(0.,0.00102606924085149),.UNSPECIFIED.);
#957=B_SPLINE_CURVE_WITH_KNOTS('',3,(#14468,#14469,#14470,#14471,#14472),
 .UNSPECIFIED.,.F.,.F.,(4,1,4),(1.0407021919859E-13,0.0209370788820263,
0.0418741577639485),.UNSPECIFIED.);
#958=B_SPLINE_CURVE_WITH_KNOTS('',3,(#14715,#14716,#14717,#14718,#14719),
 .UNSPECIFIED.,.F.,.F.,(4,1,4),(4.76919622611748E-16,0.00260302685253212,
0.00520605370506376),.UNSPECIFIED.);
#959=B_SPLINE_CURVE_WITH_KNOTS('',3,(#14727,#14728,#14729,#14730,#14731),
 .UNSPECIFIED.,.F.,.F.,(4,1,4),(2.76512963153942E-16,0.00261087555329839,
0.0052217511065965),.UNSPECIFIED.);
#960=B_SPLINE_CURVE_WITH_KNOTS('',3,(#14734,#14735,#14736,#14737,#14738),
 .UNSPECIFIED.,.F.,.F.,(4,1,4),(3.18055766067744E-16,0.00260302685253218,
0.00520605370506404),.UNSPECIFIED.);
#961=B_SPLINE_CURVE_WITH_KNOTS('',3,(#14746,#14747,#14748,#14749,#14750),
 .UNSPECIFIED.,.F.,.F.,(4,1,4),(5.09760824060115E-16,0.00261087555329781,
0.0052217511065951),.UNSPECIFIED.);
#962=B_SPLINE_CURVE_WITH_KNOTS('',3,(#14753,#14754,#14755,#14756,#14757),
 .UNSPECIFIED.,.F.,.F.,(4,1,4),(5.54113148539118E-16,0.00260302685253199,
0.00520605370506342),.UNSPECIFIED.);
#963=B_SPLINE_CURVE_WITH_KNOTS('',3,(#14765,#14766,#14767,#14768,#14769),
 .UNSPECIFIED.,.F.,.F.,(4,1,4),(1.08874629890034E-16,0.00261087555329806,
0.00522175110659601),.UNSPECIFIED.);
#964=B_SPLINE_CURVE_WITH_KNOTS('',3,(#14772,#14773,#14774,#14775,#14776),
 .UNSPECIFIED.,.F.,.F.,(4,1,4),(0.,0.00260302685253199,0.00520605370506399),
 .UNSPECIFIED.);
#965=B_SPLINE_CURVE_WITH_KNOTS('',3,(#14784,#14785,#14786,#14787,#14788),
 .UNSPECIFIED.,.F.,.F.,(4,1,4),(1.00191957524705E-15,0.00261087555329865,
0.00522175110659629),.UNSPECIFIED.);
#966=B_SPLINE_CURVE_WITH_KNOTS('',3,(#14804,#14805,#14806,#14807,#14808,
#14809,#14810,#14811,#14812,#14813,#14814,#14815,#14816,#14817,#14818,#14819,
#14820,#14821,#14822),.UNSPECIFIED.,.T.,.F.,(1,1,1,1,1,1,1,1,1,1,1,1,1,
1,1,1,1,1,1,1,1,1,1),(-0.00129704638510758,-0.00010670134302317,0.00108364369906124,
0.00227398874114565,0.00346433378323006,0.00465467882531447,0.00584502386739887,
0.00703536890948328,0.00822571395156769,0.0094160589936521,0.0106064040357365,
0.0117967490778209,0.0129870941199053,0.0141774391619897,0.0153677842040741,
0.0165581292461585,0.017748474288243,0.0189388193303274,0.0201291643724118,
0.0213195094144962,0.0225098544565806,0.023700199498665,0.0248905445407494),
 .UNSPECIFIED.);
#967=B_SPLINE_CURVE_WITH_KNOTS('',3,(#14826,#14827,#14828,#14829,#14830,
#14831,#14832,#14833,#14834,#14835,#14836,#14837,#14838,#14839,#14840,#14841,
#14842,#14843,#14844),.UNSPECIFIED.,.T.,.F.,(1,1,1,1,1,1,1,1,1,1,1,1,1,
1,1,1,1,1,1,1,1,1,1),(-0.00155437275227694,-0.000363475568558605,0.000827421615159737,
0.00201831879887808,0.00320921598259641,0.00440011316631475,0.00559101035003309,
0.00678190753375143,0.00797280471746977,0.00916370190118811,0.0103545990849065,
0.0115454962686248,0.0127363934523431,0.0139272906360615,0.0151181878197798,
0.0163090850034981,0.0174999821872165,0.0186908793709348,0.0198817765546532,
0.0210726737383715,0.0222635709220898,0.0234544681058082,0.0246453652895265),
 .UNSPECIFIED.);
#968=B_SPLINE_CURVE_WITH_KNOTS('',3,(#14848,#14849,#14850,#14851,#14852,
#14853,#14854,#14855,#14856,#14857,#14858,#14859,#14860,#14861,#14862,#14863,
#14864,#14865,#14866),.UNSPECIFIED.,.T.,.F.,(1,1,1,1,1,1,1,1,1,1,1,1,1,
1,1,1,1,1,1,1,1,1,1),(-0.00253263007168807,-0.00133955865665645,-0.000146487241624825,
0.0010465841734068,0.00223965558843842,0.00343272700347005,0.00462579841850167,
0.00581886983353329,0.00701194124856492,0.00820501266359654,0.00939808407862816,
0.0105911554936598,0.0117842269086914,0.012977298323723,0.0141703697387547,
0.0153634411537863,0.0165565125688179,0.0177495839838495,0.0189426553988811,
0.0201357268139128,0.0213287982289444,0.022521869643976,0.0237149410590076),
 .UNSPECIFIED.);
#969=B_SPLINE_CURVE_WITH_KNOTS('',3,(#14870,#14871,#14872,#14873,#14874,
#14875,#14876,#14877,#14878,#14879,#14880,#14881,#14882,#14883,#14884,#14885,
#14886,#14887,#14888),.UNSPECIFIED.,.T.,.F.,(1,1,1,1,1,1,1,1,1,1,1,1,1,
1,1,1,1,1,1,1,1,1,1),(-0.0027184065607476,-0.00152425796433023,-0.000330109367912862,
0.000864039228504508,0.00205818782492188,0.00325233642133925,0.00444648501775662,
0.00564063361417399,0.00683478221059136,0.00802893080700873,0.0092230794034261,
0.0104172279998435,0.0116113765962608,0.0128055251926782,0.0139996737890956,
0.015193822385513,0.0163879709819303,0.0175821195783477,0.0187762681747651,
0.0199704167711824,0.0211645653675998,0.0223587139640172,0.0235528625604345),
 .UNSPECIFIED.);
#970=B_SPLINE_CURVE_WITH_KNOTS('',3,(#15245,#15246,#15247,#15248,#15249),
 .UNSPECIFIED.,.F.,.F.,(4,1,4),(5.8369256219529E-16,0.00260302683937524,
0.00520605367874989),.UNSPECIFIED.);
#971=B_SPLINE_CURVE_WITH_KNOTS('',3,(#15253,#15254,#15255,#15256,#15257),
 .UNSPECIFIED.,.F.,.F.,(4,1,4),(1.61990109242127E-16,0.00261087556633502,
0.00522175113266988),.UNSPECIFIED.);
#972=B_SPLINE_CURVE_WITH_KNOTS('',3,(#15302,#15303,#15304,#15305,#15306),
 .UNSPECIFIED.,.F.,.F.,(4,1,4),(1.79374098279042E-16,0.00260302683937571,
0.00520605367875124),.UNSPECIFIED.);
#973=B_SPLINE_CURVE_WITH_KNOTS('',3,(#15310,#15311,#15312,#15313,#15314),
 .UNSPECIFIED.,.F.,.F.,(4,1,4),(1.84248540117319E-16,0.00261087556633562,
0.00522175113267106),.UNSPECIFIED.);
#974=B_SPLINE_CURVE_WITH_KNOTS('',3,(#15394,#15395,#15396,#15397,#15398),
 .UNSPECIFIED.,.F.,.F.,(4,1,4),(3.68480747230164E-16,0.00260302683937624,
0.0052060536787521),.UNSPECIFIED.);
#975=B_SPLINE_CURVE_WITH_KNOTS('',3,(#15406,#15407,#15408,#15409,#15410),
 .UNSPECIFIED.,.F.,.F.,(4,1,4),(5.55111512312578E-17,0.00261087556633505,
0.00522175113267004),.UNSPECIFIED.);
#976=B_SPLINE_CURVE_WITH_KNOTS('',3,(#15435,#15436,#15437,#15438,#15439),
 .UNSPECIFIED.,.F.,.F.,(4,1,4),(8.15046861271036E-16,0.00260302683937612,
0.00520605367875142),.UNSPECIFIED.);
#977=B_SPLINE_CURVE_WITH_KNOTS('',3,(#15447,#15448,#15449,#15450,#15451),
 .UNSPECIFIED.,.F.,.F.,(4,1,4),(4.54431335062759E-16,0.00261087556633536,
0.00522175113267026),.UNSPECIFIED.);
#978=SHAPE_REPRESENTATION_RELATIONSHIP('','',#8635,#990);
#979=SHAPE_REPRESENTATION_RELATIONSHIP('','',#8636,#991);
#980=SHAPE_REPRESENTATION_RELATIONSHIP('','',#8637,#992);
#981=SHAPE_REPRESENTATION_RELATIONSHIP('','',#8638,#993);
#982=SHAPE_REPRESENTATION_RELATIONSHIP('','',#8639,#994);
#983=SHAPE_REPRESENTATION_RELATIONSHIP('','',#8640,#995);
#984=SHAPE_REPRESENTATION_RELATIONSHIP('','',#8641,#996);
#985=SHAPE_REPRESENTATION_RELATIONSHIP('','',#8642,#997);
#986=SHAPE_REPRESENTATION_RELATIONSHIP('','',#8643,#998);
#987=SHAPE_REPRESENTATION_RELATIONSHIP('','',#8644,#999);
#988=SHAPE_REPRESENTATION_RELATIONSHIP('','',#8645,#1000);
#989=SHAPE_REPRESENTATION_RELATIONSHIP('','',#8646,#1001);
#990=ADVANCED_BREP_SHAPE_REPRESENTATION('',(#8611),#15617);
#991=ADVANCED_BREP_SHAPE_REPRESENTATION('',(#8612),#15618);
#992=ADVANCED_BREP_SHAPE_REPRESENTATION('',(#8613),#15619);
#993=ADVANCED_BREP_SHAPE_REPRESENTATION('',(#8614),#15620);
#994=ADVANCED_BREP_SHAPE_REPRESENTATION('',(#8615),#15621);
#995=ADVANCED_BREP_SHAPE_REPRESENTATION('',(#8616),#15622);
#996=ADVANCED_BREP_SHAPE_REPRESENTATION('',(#8617),#15623);
#997=ADVANCED_BREP_SHAPE_REPRESENTATION('',(#8618),#15624);
#998=ADVANCED_BREP_SHAPE_REPRESENTATION('',(#8619),#15625);
#999=ADVANCED_BREP_SHAPE_REPRESENTATION('',(#8620),#15626);
#1000=ADVANCED_BREP_SHAPE_REPRESENTATION('',(#8621),#15627);
#1001=ADVANCED_BREP_SHAPE_REPRESENTATION('',(#8622),#15628);
#1002=TOROIDAL_SURFACE('',#8679,0.0075,0.00199999704357898);
#1003=TOROIDAL_SURFACE('',#8881,0.3,0.00149999999999992);
#1004=TOROIDAL_SURFACE('',#8923,0.0075,0.00199999704357898);
#1005=TOROIDAL_SURFACE('',#9022,0.3,0.0015);
#1006=TOROIDAL_SURFACE('',#9179,0.0075,0.00199999704357898);
#1007=TOROIDAL_SURFACE('',#9212,0.0075,0.00199999704357898);
#1008=TOROIDAL_SURFACE('',#9245,0.0075,0.00199999704357898);
#1009=TOROIDAL_SURFACE('',#9366,0.3,0.0015);
#1010=TOROIDAL_SURFACE('',#9681,0.3,0.00149999999999992);
#1011=TOROIDAL_SURFACE('',#9716,0.0075,0.00199999704357898);
#1012=TOROIDAL_SURFACE('',#9749,0.0075,0.00199999704357898);
#1013=TOROIDAL_SURFACE('',#9782,0.0075,0.00199999704357898);
#1014=CONICAL_SURFACE('',#8669,0.00701587712943322,0.659057844989963);
#1015=CONICAL_SURFACE('',#8673,0.00701587712943322,0.659057844989962);
#1016=CONICAL_SURFACE('',#8774,0.296309819970815,0.78539816339745);
#1017=CONICAL_SURFACE('',#8808,0.274,0.785398163397447);
#1018=CONICAL_SURFACE('',#8830,0.2825,0.960070362405643);
#1019=CONICAL_SURFACE('',#8832,0.274,0.785398163397447);
#1020=CONICAL_SURFACE('',#8842,0.2825,0.960070362405643);
#1021=CONICAL_SURFACE('',#8844,0.274,0.785398163397447);
#1022=CONICAL_SURFACE('',#8857,0.2825,0.960070362405643);
#1023=CONICAL_SURFACE('',#8868,0.2825,0.960070362405643);
#1024=CONICAL_SURFACE('',#8870,0.274,0.785398163397447);
#1025=CONICAL_SURFACE('',#8876,0.116309819970815,0.785398163397445);
#1026=CONICAL_SURFACE('',#8913,0.00701587712943322,0.659057844989963);
#1027=CONICAL_SURFACE('',#8917,0.00701587712943322,0.659057844989962);
#1028=CONICAL_SURFACE('',#9039,0.274,0.785398163397447);
#1029=CONICAL_SURFACE('',#9047,0.274,0.785398163397447);
#1030=CONICAL_SURFACE('',#9055,0.274,0.785398163397447);
#1031=CONICAL_SURFACE('',#9063,0.274,0.785398163397447);
#1032=CONICAL_SURFACE('',#9078,0.2825,0.960070362405643);
#1033=CONICAL_SURFACE('',#9092,0.2825,0.960070362405643);
#1034=CONICAL_SURFACE('',#9105,0.2825,0.960070362405643);
#1035=CONICAL_SURFACE('',#9119,0.2825,0.960070362405643);
#1036=CONICAL_SURFACE('',#9124,0.115998263925571,0.755867822764684);
#1037=CONICAL_SURFACE('',#9126,0.295998263925572,0.755867822764674);
#1038=CONICAL_SURFACE('',#9135,0.298,0.785398163397439);
#1039=CONICAL_SURFACE('',#9169,0.00701587712943322,0.659057844989963);
#1040=CONICAL_SURFACE('',#9173,0.00701587712943323,0.659057844989962);
#1041=CONICAL_SURFACE('',#9202,0.00701587712943322,0.659057844989963);
#1042=CONICAL_SURFACE('',#9206,0.00701587712943322,0.659057844989962);
#1043=CONICAL_SURFACE('',#9235,0.00701587712943322,0.659057844989963);
#1044=CONICAL_SURFACE('',#9239,0.00701587712943322,0.659057844989962);
#1045=CONICAL_SURFACE('',#9369,0.115998263925571,0.755867822764681);
#1046=CONICAL_SURFACE('',#9380,0.2825,0.960070362405643);
#1047=CONICAL_SURFACE('',#9397,0.2825,0.960070362405643);
#1048=CONICAL_SURFACE('',#9413,0.2825,0.960070362405643);
#1049=CONICAL_SURFACE('',#9430,0.2825,0.960070362405643);
#1050=CONICAL_SURFACE('',#9444,0.274,0.785398163397447);
#1051=CONICAL_SURFACE('',#9449,0.274,0.785398163397447);
#1052=CONICAL_SURFACE('',#9454,0.274,0.785398163397447);
#1053=CONICAL_SURFACE('',#9459,0.274,0.785398163397447);
#1054=CONICAL_SURFACE('',#9465,0.298,0.785398163397439);
#1055=CONICAL_SURFACE('',#9469,0.295998263925572,0.755867822764674);
#1056=CONICAL_SURFACE('',#9573,0.116309819970814,0.785398163397452);
#1057=CONICAL_SURFACE('',#9576,0.296309819970815,0.78539816339745);
#1058=CONICAL_SURFACE('',#9591,0.2825,0.960070362405643);
#1059=CONICAL_SURFACE('',#9609,0.274,0.785398163397447);
#1060=CONICAL_SURFACE('',#9612,0.2825,0.960070362405643);
#1061=CONICAL_SURFACE('',#9624,0.274,0.785398163397447);
#1062=CONICAL_SURFACE('',#9627,0.2825,0.960070362405643);
#1063=CONICAL_SURFACE('',#9642,0.2825,0.960070362405643);
#1064=CONICAL_SURFACE('',#9658,0.274,0.785398163397447);
#1065=CONICAL_SURFACE('',#9677,0.274,0.785398163397447);
#1066=CONICAL_SURFACE('',#9706,0.00701587712943322,0.659057844989963);
#1067=CONICAL_SURFACE('',#9710,0.00701587712943322,0.659057844989962);
#1068=CONICAL_SURFACE('',#9739,0.00701587712943322,0.659057844989963);
#1069=CONICAL_SURFACE('',#9743,0.00701587712943322,0.659057844989962);
#1070=CONICAL_SURFACE('',#9772,0.00701587712943322,0.659057844989963);
#1071=CONICAL_SURFACE('',#9776,0.00701587712943322,0.659057844989962);
#1072=PLANE('',#8654);
#1073=PLANE('',#8655);
#1074=PLANE('',#8663);
#1075=PLANE('',#8667);
#1076=PLANE('',#8677);
#1077=PLANE('',#8678);
#1078=PLANE('',#8692);
#1079=PLANE('',#8696);
#1080=PLANE('',#8723);
#1081=PLANE('',#8726);
#1082=PLANE('',#8731);
#1083=PLANE('',#8736);
#1084=PLANE('',#8739);
#1085=PLANE('',#8754);
#1086=PLANE('',#8757);
#1087=PLANE('',#8759);
#1088=PLANE('',#8761);
#1089=PLANE('',#8776);
#1090=PLANE('',#8782);
#1091=PLANE('',#8788);
#1092=PLANE('',#8798);
#1093=PLANE('',#8816);
#1094=PLANE('',#8824);
#1095=PLANE('',#8831);
#1096=PLANE('',#8833);
#1097=PLANE('',#8834);
#1098=PLANE('',#8836);
#1099=PLANE('',#8843);
#1100=PLANE('',#8845);
#1101=PLANE('',#8846);
#1102=PLANE('',#8848);
#1103=PLANE('',#8852);
#1104=PLANE('',#8858);
#1105=PLANE('',#8859);
#1106=PLANE('',#8860);
#1107=PLANE('',#8862);
#1108=PLANE('',#8869);
#1109=PLANE('',#8871);
#1110=PLANE('',#8872);
#1111=PLANE('',#8875);
#1112=PLANE('',#8877);
#1113=PLANE('',#8898);
#1114=PLANE('',#8899);
#1115=PLANE('',#8907);
#1116=PLANE('',#8911);
#1117=PLANE('',#8921);
#1118=PLANE('',#8922);
#1119=PLANE('',#8936);
#1120=PLANE('',#8940);
#1121=PLANE('',#8965);
#1122=PLANE('',#8970);
#1123=PLANE('',#8975);
#1124=PLANE('',#8978);
#1125=PLANE('',#8981);
#1126=PLANE('',#9001);
#1127=PLANE('',#9005);
#1128=PLANE('',#9007);
#1129=PLANE('',#9009);
#1130=PLANE('',#9027);
#1131=PLANE('',#9033);
#1132=PLANE('',#9069);
#1133=PLANE('',#9073);
#1134=PLANE('',#9079);
#1135=PLANE('',#9080);
#1136=PLANE('',#9081);
#1137=PLANE('',#9083);
#1138=PLANE('',#9087);
#1139=PLANE('',#9093);
#1140=PLANE('',#9094);
#1141=PLANE('',#9095);
#1142=PLANE('',#9096);
#1143=PLANE('',#9100);
#1144=PLANE('',#9106);
#1145=PLANE('',#9107);
#1146=PLANE('',#9108);
#1147=PLANE('',#9110);
#1148=PLANE('',#9114);
#1149=PLANE('',#9120);
#1150=PLANE('',#9121);
#1151=PLANE('',#9122);
#1152=PLANE('',#9123);
#1153=PLANE('',#9128);
#1154=PLANE('',#9132);
#1155=PLANE('',#9137);
#1156=PLANE('',#9146);
#1157=PLANE('',#9154);
#1158=PLANE('',#9155);
#1159=PLANE('',#9163);
#1160=PLANE('',#9167);
#1161=PLANE('',#9177);
#1162=PLANE('',#9178);
#1163=PLANE('',#9187);
#1164=PLANE('',#9188);
#1165=PLANE('',#9196);
#1166=PLANE('',#9200);
#1167=PLANE('',#9210);
#1168=PLANE('',#9211);
#1169=PLANE('',#9220);
#1170=PLANE('',#9221);
#1171=PLANE('',#9229);
#1172=PLANE('',#9233);
#1173=PLANE('',#9243);
#1174=PLANE('',#9244);
#1175=PLANE('',#9258);
#1176=PLANE('',#9262);
#1177=PLANE('',#9263);
#1178=PLANE('',#9291);
#1179=PLANE('',#9313);
#1180=PLANE('',#9316);
#1181=PLANE('',#9318);
#1182=PLANE('',#9320);
#1183=PLANE('',#9334);
#1184=PLANE('',#9340);
#1185=PLANE('',#9342);
#1186=PLANE('',#9344);
#1187=PLANE('',#9351);
#1188=PLANE('',#9371);
#1189=PLANE('',#9372);
#1190=PLANE('',#9374);
#1191=PLANE('',#9375);
#1192=PLANE('',#9376);
#1193=PLANE('',#9379);
#1194=PLANE('',#9384);
#1195=PLANE('',#9390);
#1196=PLANE('',#9392);
#1197=PLANE('',#9393);
#1198=PLANE('',#9396);
#1199=PLANE('',#9401);
#1200=PLANE('',#9407);
#1201=PLANE('',#9408);
#1202=PLANE('',#9409);
#1203=PLANE('',#9412);
#1204=PLANE('',#9417);
#1205=PLANE('',#9423);
#1206=PLANE('',#9425);
#1207=PLANE('',#9426);
#1208=PLANE('',#9429);
#1209=PLANE('',#9434);
#1210=PLANE('',#9440);
#1211=PLANE('',#9463);
#1212=PLANE('',#9467);
#1213=PLANE('',#9483);
#1214=PLANE('',#9507);
#1215=PLANE('',#9512);
#1216=PLANE('',#9517);
#1217=PLANE('',#9520);
#1218=PLANE('',#9527);
#1219=PLANE('',#9532);
#1220=PLANE('',#9546);
#1221=PLANE('',#9550);
#1222=PLANE('',#9552);
#1223=PLANE('',#9559);
#1224=PLANE('',#9579);
#1225=PLANE('',#9580);
#1226=PLANE('',#9583);
#1227=PLANE('',#9586);
#1228=PLANE('',#9587);
#1229=PLANE('',#9590);
#1230=PLANE('',#9596);
#1231=PLANE('',#9602);
#1232=PLANE('',#9605);
#1233=PLANE('',#9606);
#1234=PLANE('',#9611);
#1235=PLANE('',#9619);
#1236=PLANE('',#9620);
#1237=PLANE('',#9621);
#1238=PLANE('',#9626);
#1239=PLANE('',#9634);
#1240=PLANE('',#9637);
#1241=PLANE('',#9638);
#1242=PLANE('',#9641);
#1243=PLANE('',#9647);
#1244=PLANE('',#9653);
#1245=PLANE('',#9654);
#1246=PLANE('',#9664);
#1247=PLANE('',#9671);
#1248=PLANE('',#9691);
#1249=PLANE('',#9692);
#1250=PLANE('',#9700);
#1251=PLANE('',#9704);
#1252=PLANE('',#9714);
#1253=PLANE('',#9715);
#1254=PLANE('',#9724);
#1255=PLANE('',#9725);
#1256=PLANE('',#9733);
#1257=PLANE('',#9737);
#1258=PLANE('',#9747);
#1259=PLANE('',#9748);
#1260=PLANE('',#9757);
#1261=PLANE('',#9758);
#1262=PLANE('',#9766);
#1263=PLANE('',#9770);
#1264=PLANE('',#9780);
#1265=PLANE('',#9781);
#1266=ORIENTED_EDGE('',*,*,#3526,.T.);
#1267=ORIENTED_EDGE('',*,*,#3527,.F.);
#1268=ORIENTED_EDGE('',*,*,#3528,.T.);
#1269=ORIENTED_EDGE('',*,*,#3529,.F.);
#1270=ORIENTED_EDGE('',*,*,#3529,.T.);
#1271=ORIENTED_EDGE('',*,*,#3527,.T.);
#1272=ORIENTED_EDGE('',*,*,#3530,.F.);
#1273=ORIENTED_EDGE('',*,*,#3528,.F.);
#1274=ORIENTED_EDGE('',*,*,#3531,.T.);
#1275=ORIENTED_EDGE('',*,*,#3532,.F.);
#1276=ORIENTED_EDGE('',*,*,#3533,.T.);
#1277=ORIENTED_EDGE('',*,*,#3534,.F.);
#1278=ORIENTED_EDGE('',*,*,#3534,.T.);
#1279=ORIENTED_EDGE('',*,*,#3532,.T.);
#1280=ORIENTED_EDGE('',*,*,#3535,.T.);
#1281=ORIENTED_EDGE('',*,*,#3536,.T.);
#1282=ORIENTED_EDGE('',*,*,#3537,.T.);
#1283=ORIENTED_EDGE('',*,*,#3533,.F.);
#1284=ORIENTED_EDGE('',*,*,#3538,.F.);
#1285=ORIENTED_EDGE('',*,*,#3539,.F.);
#1286=ORIENTED_EDGE('',*,*,#3530,.T.);
#1287=ORIENTED_EDGE('',*,*,#3538,.T.);
#1288=ORIENTED_EDGE('',*,*,#3540,.F.);
#1289=ORIENTED_EDGE('',*,*,#3541,.F.);
#1290=ORIENTED_EDGE('',*,*,#3541,.T.);
#1291=ORIENTED_EDGE('',*,*,#3537,.F.);
#1292=ORIENTED_EDGE('',*,*,#3526,.F.);
#1293=ORIENTED_EDGE('',*,*,#3536,.F.);
#1294=ORIENTED_EDGE('',*,*,#3531,.F.);
#1295=ORIENTED_EDGE('',*,*,#3535,.F.);
#1296=ORIENTED_EDGE('',*,*,#3540,.T.);
#1297=ORIENTED_EDGE('',*,*,#3539,.T.);
#1298=ORIENTED_EDGE('',*,*,#3542,.F.);
#1299=ORIENTED_EDGE('',*,*,#3543,.T.);
#1300=ORIENTED_EDGE('',*,*,#3544,.F.);
#1301=ORIENTED_EDGE('',*,*,#3545,.T.);
#1302=ORIENTED_EDGE('',*,*,#3546,.F.);
#1303=ORIENTED_EDGE('',*,*,#3547,.T.);
#1304=ORIENTED_EDGE('',*,*,#3548,.F.);
#1305=ORIENTED_EDGE('',*,*,#3549,.T.);
#1306=ORIENTED_EDGE('',*,*,#3550,.F.);
#1307=ORIENTED_EDGE('',*,*,#3551,.F.);
#1308=ORIENTED_EDGE('',*,*,#3552,.F.);
#1309=ORIENTED_EDGE('',*,*,#3553,.F.);
#1310=ORIENTED_EDGE('',*,*,#3553,.T.);
#1311=ORIENTED_EDGE('',*,*,#3554,.T.);
#1312=ORIENTED_EDGE('',*,*,#3555,.T.);
#1313=ORIENTED_EDGE('',*,*,#3556,.T.);
#1314=ORIENTED_EDGE('',*,*,#3557,.F.);
#1315=ORIENTED_EDGE('',*,*,#3555,.F.);
#1316=ORIENTED_EDGE('',*,*,#3558,.F.);
#1317=ORIENTED_EDGE('',*,*,#3559,.F.);
#1318=ORIENTED_EDGE('',*,*,#3558,.T.);
#1319=ORIENTED_EDGE('',*,*,#3554,.F.);
#1320=ORIENTED_EDGE('',*,*,#3552,.T.);
#1321=ORIENTED_EDGE('',*,*,#3560,.T.);
#1322=ORIENTED_EDGE('',*,*,#3561,.T.);
#1323=ORIENTED_EDGE('',*,*,#3562,.T.);
#1324=ORIENTED_EDGE('',*,*,#3563,.T.);
#1325=ORIENTED_EDGE('',*,*,#3564,.T.);
#1326=ORIENTED_EDGE('',*,*,#3565,.T.);
#1327=ORIENTED_EDGE('',*,*,#3566,.F.);
#1328=ORIENTED_EDGE('',*,*,#3567,.T.);
#1329=ORIENTED_EDGE('',*,*,#3568,.F.);
#1330=ORIENTED_EDGE('',*,*,#3569,.T.);
#1331=ORIENTED_EDGE('',*,*,#3570,.F.);
#1332=ORIENTED_EDGE('',*,*,#3571,.T.);
#1333=ORIENTED_EDGE('',*,*,#3572,.T.);
#1334=ORIENTED_EDGE('',*,*,#3573,.T.);
#1335=ORIENTED_EDGE('',*,*,#3574,.F.);
#1336=ORIENTED_EDGE('',*,*,#3575,.F.);
#1337=ORIENTED_EDGE('',*,*,#3576,.F.);
#1338=ORIENTED_EDGE('',*,*,#3577,.F.);
#1339=ORIENTED_EDGE('',*,*,#3578,.T.);
#1340=ORIENTED_EDGE('',*,*,#3579,.T.);
#1341=ORIENTED_EDGE('',*,*,#3580,.F.);
#1342=ORIENTED_EDGE('',*,*,#3581,.T.);
#1343=ORIENTED_EDGE('',*,*,#3582,.T.);
#1344=ORIENTED_EDGE('',*,*,#3583,.T.);
#1345=ORIENTED_EDGE('',*,*,#3584,.T.);
#1346=ORIENTED_EDGE('',*,*,#3585,.T.);
#1347=ORIENTED_EDGE('',*,*,#3586,.F.);
#1348=ORIENTED_EDGE('',*,*,#3587,.T.);
#1349=ORIENTED_EDGE('',*,*,#3588,.F.);
#1350=ORIENTED_EDGE('',*,*,#3589,.F.);
#1351=ORIENTED_EDGE('',*,*,#3590,.F.);
#1352=ORIENTED_EDGE('',*,*,#3591,.F.);
#1353=ORIENTED_EDGE('',*,*,#3592,.F.);
#1354=ORIENTED_EDGE('',*,*,#3593,.F.);
#1355=ORIENTED_EDGE('',*,*,#3559,.T.);
#1356=ORIENTED_EDGE('',*,*,#3588,.T.);
#1357=ORIENTED_EDGE('',*,*,#3594,.T.);
#1358=ORIENTED_EDGE('',*,*,#3595,.T.);
#1359=ORIENTED_EDGE('',*,*,#3585,.F.);
#1360=ORIENTED_EDGE('',*,*,#3596,.F.);
#1361=ORIENTED_EDGE('',*,*,#3597,.F.);
#1362=ORIENTED_EDGE('',*,*,#3598,.F.);
#1363=ORIENTED_EDGE('',*,*,#3598,.T.);
#1364=ORIENTED_EDGE('',*,*,#3599,.T.);
#1365=ORIENTED_EDGE('',*,*,#3600,.T.);
#1366=ORIENTED_EDGE('',*,*,#3586,.T.);
#1367=ORIENTED_EDGE('',*,*,#3601,.F.);
#1368=ORIENTED_EDGE('',*,*,#3594,.F.);
#1369=ORIENTED_EDGE('',*,*,#3587,.F.);
#1370=ORIENTED_EDGE('',*,*,#3600,.F.);
#1371=ORIENTED_EDGE('',*,*,#3602,.F.);
#1372=ORIENTED_EDGE('',*,*,#3603,.F.);
#1373=ORIENTED_EDGE('',*,*,#3567,.F.);
#1374=ORIENTED_EDGE('',*,*,#3604,.F.);
#1375=ORIENTED_EDGE('',*,*,#3604,.T.);
#1376=ORIENTED_EDGE('',*,*,#3566,.T.);
#1377=ORIENTED_EDGE('',*,*,#3605,.T.);
#1378=ORIENTED_EDGE('',*,*,#3606,.T.);
#1379=ORIENTED_EDGE('',*,*,#3565,.F.);
#1380=ORIENTED_EDGE('',*,*,#3607,.F.);
#1381=ORIENTED_EDGE('',*,*,#3608,.F.);
#1382=ORIENTED_EDGE('',*,*,#3605,.F.);
#1383=ORIENTED_EDGE('',*,*,#3609,.F.);
#1384=ORIENTED_EDGE('',*,*,#3610,.F.);
#1385=ORIENTED_EDGE('',*,*,#3569,.F.);
#1386=ORIENTED_EDGE('',*,*,#3611,.F.);
#1387=ORIENTED_EDGE('',*,*,#3603,.T.);
#1388=ORIENTED_EDGE('',*,*,#3612,.T.);
#1389=ORIENTED_EDGE('',*,*,#3611,.T.);
#1390=ORIENTED_EDGE('',*,*,#3568,.T.);
#1391=ORIENTED_EDGE('',*,*,#3613,.F.);
#1392=ORIENTED_EDGE('',*,*,#3614,.F.);
#1393=ORIENTED_EDGE('',*,*,#3571,.F.);
#1394=ORIENTED_EDGE('',*,*,#3615,.F.);
#1395=ORIENTED_EDGE('',*,*,#3610,.T.);
#1396=ORIENTED_EDGE('',*,*,#3616,.T.);
#1397=ORIENTED_EDGE('',*,*,#3615,.T.);
#1398=ORIENTED_EDGE('',*,*,#3570,.T.);
#1399=ORIENTED_EDGE('',*,*,#3617,.T.);
#1400=ORIENTED_EDGE('',*,*,#3589,.T.);
#1401=ORIENTED_EDGE('',*,*,#3551,.T.);
#1402=ORIENTED_EDGE('',*,*,#3618,.F.);
#1403=ORIENTED_EDGE('',*,*,#3619,.F.);
#1404=ORIENTED_EDGE('',*,*,#3560,.F.);
#1405=ORIENTED_EDGE('',*,*,#3620,.T.);
#1406=ORIENTED_EDGE('',*,*,#3590,.T.);
#1407=ORIENTED_EDGE('',*,*,#3614,.T.);
#1408=ORIENTED_EDGE('',*,*,#3621,.F.);
#1409=ORIENTED_EDGE('',*,*,#3622,.F.);
#1410=ORIENTED_EDGE('',*,*,#3572,.F.);
#1411=ORIENTED_EDGE('',*,*,#3591,.T.);
#1412=ORIENTED_EDGE('',*,*,#3623,.T.);
#1413=ORIENTED_EDGE('',*,*,#3592,.T.);
#1414=ORIENTED_EDGE('',*,*,#3624,.T.);
#1415=ORIENTED_EDGE('',*,*,#3593,.T.);
#1416=ORIENTED_EDGE('',*,*,#3625,.T.);
#1417=ORIENTED_EDGE('',*,*,#3626,.F.);
#1418=ORIENTED_EDGE('',*,*,#3627,.T.);
#1419=ORIENTED_EDGE('',*,*,#3575,.T.);
#1420=ORIENTED_EDGE('',*,*,#3628,.F.);
#1421=ORIENTED_EDGE('',*,*,#3629,.F.);
#1422=ORIENTED_EDGE('',*,*,#3630,.T.);
#1423=ORIENTED_EDGE('',*,*,#3576,.T.);
#1424=ORIENTED_EDGE('',*,*,#3627,.F.);
#1425=ORIENTED_EDGE('',*,*,#3631,.T.);
#1426=ORIENTED_EDGE('',*,*,#3629,.T.);
#1427=ORIENTED_EDGE('',*,*,#3626,.T.);
#1428=ORIENTED_EDGE('',*,*,#3632,.F.);
#1429=ORIENTED_EDGE('',*,*,#3623,.F.);
#1430=ORIENTED_EDGE('',*,*,#3624,.F.);
#1431=ORIENTED_EDGE('',*,*,#3625,.F.);
#1432=ORIENTED_EDGE('',*,*,#3631,.F.);
#1433=ORIENTED_EDGE('',*,*,#3633,.T.);
#1434=ORIENTED_EDGE('',*,*,#3634,.T.);
#1435=ORIENTED_EDGE('',*,*,#3635,.T.);
#1436=ORIENTED_EDGE('',*,*,#3636,.T.);
#1437=ORIENTED_EDGE('',*,*,#3637,.T.);
#1438=ORIENTED_EDGE('',*,*,#3638,.T.);
#1439=ORIENTED_EDGE('',*,*,#3639,.T.);
#1440=ORIENTED_EDGE('',*,*,#3640,.T.);
#1441=ORIENTED_EDGE('',*,*,#3641,.T.);
#1442=ORIENTED_EDGE('',*,*,#3577,.T.);
#1443=ORIENTED_EDGE('',*,*,#3630,.F.);
#1444=ORIENTED_EDGE('',*,*,#3557,.T.);
#1445=ORIENTED_EDGE('',*,*,#3595,.F.);
#1446=ORIENTED_EDGE('',*,*,#3601,.T.);
#1447=ORIENTED_EDGE('',*,*,#3599,.F.);
#1448=ORIENTED_EDGE('',*,*,#3597,.T.);
#1449=ORIENTED_EDGE('',*,*,#3642,.T.);
#1450=ORIENTED_EDGE('',*,*,#3643,.F.);
#1451=ORIENTED_EDGE('',*,*,#3644,.F.);
#1452=ORIENTED_EDGE('',*,*,#3645,.F.);
#1453=ORIENTED_EDGE('',*,*,#3646,.T.);
#1454=ORIENTED_EDGE('',*,*,#3647,.T.);
#1455=ORIENTED_EDGE('',*,*,#3648,.T.);
#1456=ORIENTED_EDGE('',*,*,#3649,.F.);
#1457=ORIENTED_EDGE('',*,*,#3650,.F.);
#1458=ORIENTED_EDGE('',*,*,#3651,.F.);
#1459=ORIENTED_EDGE('',*,*,#3634,.F.);
#1460=ORIENTED_EDGE('',*,*,#3652,.T.);
#1461=ORIENTED_EDGE('',*,*,#3653,.F.);
#1462=ORIENTED_EDGE('',*,*,#3654,.F.);
#1463=ORIENTED_EDGE('',*,*,#3655,.F.);
#1464=ORIENTED_EDGE('',*,*,#3621,.T.);
#1465=ORIENTED_EDGE('',*,*,#3613,.T.);
#1466=ORIENTED_EDGE('',*,*,#3616,.F.);
#1467=ORIENTED_EDGE('',*,*,#3609,.T.);
#1468=ORIENTED_EDGE('',*,*,#3612,.F.);
#1469=ORIENTED_EDGE('',*,*,#3602,.T.);
#1470=ORIENTED_EDGE('',*,*,#3606,.F.);
#1471=ORIENTED_EDGE('',*,*,#3608,.T.);
#1472=ORIENTED_EDGE('',*,*,#3656,.T.);
#1473=ORIENTED_EDGE('',*,*,#3657,.F.);
#1474=ORIENTED_EDGE('',*,*,#3658,.F.);
#1475=ORIENTED_EDGE('',*,*,#3659,.F.);
#1476=ORIENTED_EDGE('',*,*,#3660,.T.);
#1477=ORIENTED_EDGE('',*,*,#3661,.F.);
#1478=ORIENTED_EDGE('',*,*,#3662,.F.);
#1479=ORIENTED_EDGE('',*,*,#3663,.F.);
#1480=ORIENTED_EDGE('',*,*,#3618,.T.);
#1481=ORIENTED_EDGE('',*,*,#3550,.T.);
#1482=ORIENTED_EDGE('',*,*,#3556,.F.);
#1483=ORIENTED_EDGE('',*,*,#3617,.F.);
#1484=ORIENTED_EDGE('',*,*,#3620,.F.);
#1485=ORIENTED_EDGE('',*,*,#3635,.F.);
#1486=ORIENTED_EDGE('',*,*,#3651,.T.);
#1487=ORIENTED_EDGE('',*,*,#3664,.F.);
#1488=ORIENTED_EDGE('',*,*,#3665,.T.);
#1489=ORIENTED_EDGE('',*,*,#3636,.F.);
#1490=ORIENTED_EDGE('',*,*,#3665,.F.);
#1491=ORIENTED_EDGE('',*,*,#3666,.F.);
#1492=ORIENTED_EDGE('',*,*,#3667,.F.);
#1493=ORIENTED_EDGE('',*,*,#3668,.F.);
#1494=ORIENTED_EDGE('',*,*,#3669,.F.);
#1495=ORIENTED_EDGE('',*,*,#3670,.F.);
#1496=ORIENTED_EDGE('',*,*,#3637,.F.);
#1497=ORIENTED_EDGE('',*,*,#3670,.T.);
#1498=ORIENTED_EDGE('',*,*,#3671,.T.);
#1499=ORIENTED_EDGE('',*,*,#3672,.F.);
#1500=ORIENTED_EDGE('',*,*,#3638,.F.);
#1501=ORIENTED_EDGE('',*,*,#3672,.T.);
#1502=ORIENTED_EDGE('',*,*,#3673,.T.);
#1503=ORIENTED_EDGE('',*,*,#3674,.F.);
#1504=ORIENTED_EDGE('',*,*,#3675,.F.);
#1505=ORIENTED_EDGE('',*,*,#3676,.F.);
#1506=ORIENTED_EDGE('',*,*,#3677,.F.);
#1507=ORIENTED_EDGE('',*,*,#3678,.F.);
#1508=ORIENTED_EDGE('',*,*,#3679,.F.);
#1509=ORIENTED_EDGE('',*,*,#3680,.F.);
#1510=ORIENTED_EDGE('',*,*,#3679,.T.);
#1511=ORIENTED_EDGE('',*,*,#3681,.T.);
#1512=ORIENTED_EDGE('',*,*,#3682,.T.);
#1513=ORIENTED_EDGE('',*,*,#3683,.T.);
#1514=ORIENTED_EDGE('',*,*,#3684,.T.);
#1515=ORIENTED_EDGE('',*,*,#3685,.T.);
#1516=ORIENTED_EDGE('',*,*,#3686,.T.);
#1517=ORIENTED_EDGE('',*,*,#3680,.T.);
#1518=ORIENTED_EDGE('',*,*,#3685,.F.);
#1519=ORIENTED_EDGE('',*,*,#3687,.T.);
#1520=ORIENTED_EDGE('',*,*,#3688,.T.);
#1521=ORIENTED_EDGE('',*,*,#3684,.F.);
#1522=ORIENTED_EDGE('',*,*,#3689,.F.);
#1523=ORIENTED_EDGE('',*,*,#3690,.F.);
#1524=ORIENTED_EDGE('',*,*,#3687,.F.);
#1525=ORIENTED_EDGE('',*,*,#3691,.F.);
#1526=ORIENTED_EDGE('',*,*,#3692,.F.);
#1527=ORIENTED_EDGE('',*,*,#3693,.F.);
#1528=ORIENTED_EDGE('',*,*,#3694,.F.);
#1529=ORIENTED_EDGE('',*,*,#3693,.T.);
#1530=ORIENTED_EDGE('',*,*,#3695,.T.);
#1531=ORIENTED_EDGE('',*,*,#3696,.T.);
#1532=ORIENTED_EDGE('',*,*,#3697,.T.);
#1533=ORIENTED_EDGE('',*,*,#3698,.T.);
#1534=ORIENTED_EDGE('',*,*,#3699,.T.);
#1535=ORIENTED_EDGE('',*,*,#3700,.T.);
#1536=ORIENTED_EDGE('',*,*,#3694,.T.);
#1537=ORIENTED_EDGE('',*,*,#3699,.F.);
#1538=ORIENTED_EDGE('',*,*,#3701,.T.);
#1539=ORIENTED_EDGE('',*,*,#3702,.T.);
#1540=ORIENTED_EDGE('',*,*,#3698,.F.);
#1541=ORIENTED_EDGE('',*,*,#3703,.F.);
#1542=ORIENTED_EDGE('',*,*,#3704,.F.);
#1543=ORIENTED_EDGE('',*,*,#3701,.F.);
#1544=ORIENTED_EDGE('',*,*,#3705,.F.);
#1545=ORIENTED_EDGE('',*,*,#3706,.F.);
#1546=ORIENTED_EDGE('',*,*,#3707,.F.);
#1547=ORIENTED_EDGE('',*,*,#3708,.F.);
#1548=ORIENTED_EDGE('',*,*,#3707,.T.);
#1549=ORIENTED_EDGE('',*,*,#3709,.F.);
#1550=ORIENTED_EDGE('',*,*,#3563,.F.);
#1551=ORIENTED_EDGE('',*,*,#3710,.F.);
#1552=ORIENTED_EDGE('',*,*,#3711,.T.);
#1553=ORIENTED_EDGE('',*,*,#3712,.F.);
#1554=ORIENTED_EDGE('',*,*,#3545,.F.);
#1555=ORIENTED_EDGE('',*,*,#3708,.T.);
#1556=ORIENTED_EDGE('',*,*,#3712,.T.);
#1557=ORIENTED_EDGE('',*,*,#3713,.T.);
#1558=ORIENTED_EDGE('',*,*,#3714,.F.);
#1559=ORIENTED_EDGE('',*,*,#3711,.F.);
#1560=ORIENTED_EDGE('',*,*,#3715,.F.);
#1561=ORIENTED_EDGE('',*,*,#3716,.F.);
#1562=ORIENTED_EDGE('',*,*,#3713,.F.);
#1563=ORIENTED_EDGE('',*,*,#3717,.F.);
#1564=ORIENTED_EDGE('',*,*,#3718,.F.);
#1565=ORIENTED_EDGE('',*,*,#3719,.F.);
#1566=ORIENTED_EDGE('',*,*,#3720,.F.);
#1567=ORIENTED_EDGE('',*,*,#3719,.T.);
#1568=ORIENTED_EDGE('',*,*,#3721,.T.);
#1569=ORIENTED_EDGE('',*,*,#3722,.T.);
#1570=ORIENTED_EDGE('',*,*,#3723,.T.);
#1571=ORIENTED_EDGE('',*,*,#3724,.T.);
#1572=ORIENTED_EDGE('',*,*,#3725,.T.);
#1573=ORIENTED_EDGE('',*,*,#3726,.T.);
#1574=ORIENTED_EDGE('',*,*,#3720,.T.);
#1575=ORIENTED_EDGE('',*,*,#3725,.F.);
#1576=ORIENTED_EDGE('',*,*,#3727,.T.);
#1577=ORIENTED_EDGE('',*,*,#3728,.T.);
#1578=ORIENTED_EDGE('',*,*,#3724,.F.);
#1579=ORIENTED_EDGE('',*,*,#3729,.F.);
#1580=ORIENTED_EDGE('',*,*,#3730,.F.);
#1581=ORIENTED_EDGE('',*,*,#3727,.F.);
#1582=ORIENTED_EDGE('',*,*,#3548,.T.);
#1583=ORIENTED_EDGE('',*,*,#3731,.T.);
#1584=ORIENTED_EDGE('',*,*,#3731,.F.);
#1585=ORIENTED_EDGE('',*,*,#3732,.T.);
#1586=ORIENTED_EDGE('',*,*,#3733,.T.);
#1587=ORIENTED_EDGE('',*,*,#3686,.F.);
#1588=ORIENTED_EDGE('',*,*,#3682,.F.);
#1589=ORIENTED_EDGE('',*,*,#3734,.F.);
#1590=ORIENTED_EDGE('',*,*,#3644,.T.);
#1591=ORIENTED_EDGE('',*,*,#3735,.F.);
#1592=ORIENTED_EDGE('',*,*,#3689,.T.);
#1593=ORIENTED_EDGE('',*,*,#3683,.F.);
#1594=ORIENTED_EDGE('',*,*,#3735,.T.);
#1595=ORIENTED_EDGE('',*,*,#3643,.T.);
#1596=ORIENTED_EDGE('',*,*,#3736,.T.);
#1597=ORIENTED_EDGE('',*,*,#3737,.T.);
#1598=ORIENTED_EDGE('',*,*,#3677,.T.);
#1599=ORIENTED_EDGE('',*,*,#3688,.F.);
#1600=ORIENTED_EDGE('',*,*,#3690,.T.);
#1601=ORIENTED_EDGE('',*,*,#3737,.F.);
#1602=ORIENTED_EDGE('',*,*,#3583,.F.);
#1603=ORIENTED_EDGE('',*,*,#3738,.F.);
#1604=ORIENTED_EDGE('',*,*,#3549,.F.);
#1605=ORIENTED_EDGE('',*,*,#3733,.F.);
#1606=ORIENTED_EDGE('',*,*,#3732,.F.);
#1607=ORIENTED_EDGE('',*,*,#3678,.T.);
#1608=ORIENTED_EDGE('',*,*,#3738,.T.);
#1609=ORIENTED_EDGE('',*,*,#3739,.T.);
#1610=ORIENTED_EDGE('',*,*,#3645,.T.);
#1611=ORIENTED_EDGE('',*,*,#3734,.T.);
#1612=ORIENTED_EDGE('',*,*,#3681,.F.);
#1613=ORIENTED_EDGE('',*,*,#3596,.T.);
#1614=ORIENTED_EDGE('',*,*,#3584,.F.);
#1615=ORIENTED_EDGE('',*,*,#3736,.F.);
#1616=ORIENTED_EDGE('',*,*,#3642,.F.);
#1617=ORIENTED_EDGE('',*,*,#3546,.T.);
#1618=ORIENTED_EDGE('',*,*,#3740,.T.);
#1619=ORIENTED_EDGE('',*,*,#3740,.F.);
#1620=ORIENTED_EDGE('',*,*,#3741,.T.);
#1621=ORIENTED_EDGE('',*,*,#3742,.T.);
#1622=ORIENTED_EDGE('',*,*,#3700,.F.);
#1623=ORIENTED_EDGE('',*,*,#3696,.F.);
#1624=ORIENTED_EDGE('',*,*,#3743,.F.);
#1625=ORIENTED_EDGE('',*,*,#3662,.T.);
#1626=ORIENTED_EDGE('',*,*,#3744,.F.);
#1627=ORIENTED_EDGE('',*,*,#3703,.T.);
#1628=ORIENTED_EDGE('',*,*,#3697,.F.);
#1629=ORIENTED_EDGE('',*,*,#3744,.T.);
#1630=ORIENTED_EDGE('',*,*,#3661,.T.);
#1631=ORIENTED_EDGE('',*,*,#3745,.T.);
#1632=ORIENTED_EDGE('',*,*,#3746,.T.);
#1633=ORIENTED_EDGE('',*,*,#3691,.T.);
#1634=ORIENTED_EDGE('',*,*,#3702,.F.);
#1635=ORIENTED_EDGE('',*,*,#3704,.T.);
#1636=ORIENTED_EDGE('',*,*,#3746,.F.);
#1637=ORIENTED_EDGE('',*,*,#3561,.F.);
#1638=ORIENTED_EDGE('',*,*,#3747,.F.);
#1639=ORIENTED_EDGE('',*,*,#3547,.F.);
#1640=ORIENTED_EDGE('',*,*,#3742,.F.);
#1641=ORIENTED_EDGE('',*,*,#3741,.F.);
#1642=ORIENTED_EDGE('',*,*,#3692,.T.);
#1643=ORIENTED_EDGE('',*,*,#3747,.T.);
#1644=ORIENTED_EDGE('',*,*,#3619,.T.);
#1645=ORIENTED_EDGE('',*,*,#3663,.T.);
#1646=ORIENTED_EDGE('',*,*,#3743,.T.);
#1647=ORIENTED_EDGE('',*,*,#3695,.F.);
#1648=ORIENTED_EDGE('',*,*,#3739,.F.);
#1649=ORIENTED_EDGE('',*,*,#3582,.F.);
#1650=ORIENTED_EDGE('',*,*,#3748,.T.);
#1651=ORIENTED_EDGE('',*,*,#3646,.F.);
#1652=ORIENTED_EDGE('',*,*,#3544,.T.);
#1653=ORIENTED_EDGE('',*,*,#3749,.T.);
#1654=ORIENTED_EDGE('',*,*,#3749,.F.);
#1655=ORIENTED_EDGE('',*,*,#3750,.T.);
#1656=ORIENTED_EDGE('',*,*,#3705,.T.);
#1657=ORIENTED_EDGE('',*,*,#3714,.T.);
#1658=ORIENTED_EDGE('',*,*,#3716,.T.);
#1659=ORIENTED_EDGE('',*,*,#3751,.T.);
#1660=ORIENTED_EDGE('',*,*,#3752,.T.);
#1661=ORIENTED_EDGE('',*,*,#3753,.T.);
#1662=ORIENTED_EDGE('',*,*,#3754,.T.);
#1663=ORIENTED_EDGE('',*,*,#3755,.T.);
#1664=ORIENTED_EDGE('',*,*,#3754,.F.);
#1665=ORIENTED_EDGE('',*,*,#3752,.F.);
#1666=ORIENTED_EDGE('',*,*,#3756,.F.);
#1667=ORIENTED_EDGE('',*,*,#3658,.T.);
#1668=ORIENTED_EDGE('',*,*,#3757,.F.);
#1669=ORIENTED_EDGE('',*,*,#3706,.T.);
#1670=ORIENTED_EDGE('',*,*,#3753,.F.);
#1671=ORIENTED_EDGE('',*,*,#3757,.T.);
#1672=ORIENTED_EDGE('',*,*,#3657,.T.);
#1673=ORIENTED_EDGE('',*,*,#3758,.T.);
#1674=ORIENTED_EDGE('',*,*,#3709,.T.);
#1675=ORIENTED_EDGE('',*,*,#3755,.F.);
#1676=ORIENTED_EDGE('',*,*,#3750,.F.);
#1677=ORIENTED_EDGE('',*,*,#3715,.T.);
#1678=ORIENTED_EDGE('',*,*,#3710,.T.);
#1679=ORIENTED_EDGE('',*,*,#3759,.T.);
#1680=ORIENTED_EDGE('',*,*,#3659,.T.);
#1681=ORIENTED_EDGE('',*,*,#3756,.T.);
#1682=ORIENTED_EDGE('',*,*,#3751,.F.);
#1683=ORIENTED_EDGE('',*,*,#3607,.T.);
#1684=ORIENTED_EDGE('',*,*,#3564,.F.);
#1685=ORIENTED_EDGE('',*,*,#3758,.F.);
#1686=ORIENTED_EDGE('',*,*,#3656,.F.);
#1687=ORIENTED_EDGE('',*,*,#3542,.T.);
#1688=ORIENTED_EDGE('',*,*,#3760,.T.);
#1689=ORIENTED_EDGE('',*,*,#3760,.F.);
#1690=ORIENTED_EDGE('',*,*,#3761,.T.);
#1691=ORIENTED_EDGE('',*,*,#3762,.T.);
#1692=ORIENTED_EDGE('',*,*,#3726,.F.);
#1693=ORIENTED_EDGE('',*,*,#3722,.F.);
#1694=ORIENTED_EDGE('',*,*,#3763,.F.);
#1695=ORIENTED_EDGE('',*,*,#3654,.T.);
#1696=ORIENTED_EDGE('',*,*,#3764,.F.);
#1697=ORIENTED_EDGE('',*,*,#3729,.T.);
#1698=ORIENTED_EDGE('',*,*,#3723,.F.);
#1699=ORIENTED_EDGE('',*,*,#3764,.T.);
#1700=ORIENTED_EDGE('',*,*,#3653,.T.);
#1701=ORIENTED_EDGE('',*,*,#3765,.T.);
#1702=ORIENTED_EDGE('',*,*,#3766,.T.);
#1703=ORIENTED_EDGE('',*,*,#3717,.T.);
#1704=ORIENTED_EDGE('',*,*,#3728,.F.);
#1705=ORIENTED_EDGE('',*,*,#3730,.T.);
#1706=ORIENTED_EDGE('',*,*,#3766,.F.);
#1707=ORIENTED_EDGE('',*,*,#3573,.F.);
#1708=ORIENTED_EDGE('',*,*,#3767,.F.);
#1709=ORIENTED_EDGE('',*,*,#3543,.F.);
#1710=ORIENTED_EDGE('',*,*,#3762,.F.);
#1711=ORIENTED_EDGE('',*,*,#3761,.F.);
#1712=ORIENTED_EDGE('',*,*,#3718,.T.);
#1713=ORIENTED_EDGE('',*,*,#3767,.T.);
#1714=ORIENTED_EDGE('',*,*,#3622,.T.);
#1715=ORIENTED_EDGE('',*,*,#3655,.T.);
#1716=ORIENTED_EDGE('',*,*,#3763,.T.);
#1717=ORIENTED_EDGE('',*,*,#3721,.F.);
#1718=ORIENTED_EDGE('',*,*,#3745,.F.);
#1719=ORIENTED_EDGE('',*,*,#3660,.F.);
#1720=ORIENTED_EDGE('',*,*,#3759,.F.);
#1721=ORIENTED_EDGE('',*,*,#3562,.F.);
#1722=ORIENTED_EDGE('',*,*,#3633,.F.);
#1723=ORIENTED_EDGE('',*,*,#3632,.T.);
#1724=ORIENTED_EDGE('',*,*,#3628,.T.);
#1725=ORIENTED_EDGE('',*,*,#3574,.T.);
#1726=ORIENTED_EDGE('',*,*,#3765,.F.);
#1727=ORIENTED_EDGE('',*,*,#3652,.F.);
#1728=ORIENTED_EDGE('',*,*,#3768,.T.);
#1729=ORIENTED_EDGE('',*,*,#3667,.T.);
#1730=ORIENTED_EDGE('',*,*,#3769,.T.);
#1731=ORIENTED_EDGE('',*,*,#3649,.T.);
#1732=ORIENTED_EDGE('',*,*,#3664,.T.);
#1733=ORIENTED_EDGE('',*,*,#3650,.T.);
#1734=ORIENTED_EDGE('',*,*,#3769,.F.);
#1735=ORIENTED_EDGE('',*,*,#3666,.T.);
#1736=ORIENTED_EDGE('',*,*,#3648,.F.);
#1737=ORIENTED_EDGE('',*,*,#3770,.T.);
#1738=ORIENTED_EDGE('',*,*,#3580,.T.);
#1739=ORIENTED_EDGE('',*,*,#3771,.T.);
#1740=ORIENTED_EDGE('',*,*,#3772,.T.);
#1741=ORIENTED_EDGE('',*,*,#3773,.T.);
#1742=ORIENTED_EDGE('',*,*,#3674,.T.);
#1743=ORIENTED_EDGE('',*,*,#3774,.T.);
#1744=ORIENTED_EDGE('',*,*,#3668,.T.);
#1745=ORIENTED_EDGE('',*,*,#3768,.F.);
#1746=ORIENTED_EDGE('',*,*,#3639,.F.);
#1747=ORIENTED_EDGE('',*,*,#3676,.T.);
#1748=ORIENTED_EDGE('',*,*,#3775,.T.);
#1749=ORIENTED_EDGE('',*,*,#3776,.F.);
#1750=ORIENTED_EDGE('',*,*,#3640,.F.);
#1751=ORIENTED_EDGE('',*,*,#3776,.T.);
#1752=ORIENTED_EDGE('',*,*,#3777,.T.);
#1753=ORIENTED_EDGE('',*,*,#3778,.F.);
#1754=ORIENTED_EDGE('',*,*,#3641,.F.);
#1755=ORIENTED_EDGE('',*,*,#3778,.T.);
#1756=ORIENTED_EDGE('',*,*,#3779,.T.);
#1757=ORIENTED_EDGE('',*,*,#3578,.F.);
#1758=ORIENTED_EDGE('',*,*,#3671,.F.);
#1759=ORIENTED_EDGE('',*,*,#3669,.T.);
#1760=ORIENTED_EDGE('',*,*,#3774,.F.);
#1761=ORIENTED_EDGE('',*,*,#3673,.F.);
#1762=ORIENTED_EDGE('',*,*,#3779,.F.);
#1763=ORIENTED_EDGE('',*,*,#3780,.T.);
#1764=ORIENTED_EDGE('',*,*,#3771,.F.);
#1765=ORIENTED_EDGE('',*,*,#3579,.F.);
#1766=ORIENTED_EDGE('',*,*,#3777,.F.);
#1767=ORIENTED_EDGE('',*,*,#3781,.T.);
#1768=ORIENTED_EDGE('',*,*,#3772,.F.);
#1769=ORIENTED_EDGE('',*,*,#3780,.F.);
#1770=ORIENTED_EDGE('',*,*,#3775,.F.);
#1771=ORIENTED_EDGE('',*,*,#3675,.T.);
#1772=ORIENTED_EDGE('',*,*,#3773,.F.);
#1773=ORIENTED_EDGE('',*,*,#3781,.F.);
#1774=ORIENTED_EDGE('',*,*,#3647,.F.);
#1775=ORIENTED_EDGE('',*,*,#3748,.F.);
#1776=ORIENTED_EDGE('',*,*,#3581,.F.);
#1777=ORIENTED_EDGE('',*,*,#3770,.F.);
#1778=ORIENTED_EDGE('',*,*,#3782,.T.);
#1779=ORIENTED_EDGE('',*,*,#3783,.F.);
#1780=ORIENTED_EDGE('',*,*,#3784,.T.);
#1781=ORIENTED_EDGE('',*,*,#3785,.F.);
#1782=ORIENTED_EDGE('',*,*,#3785,.T.);
#1783=ORIENTED_EDGE('',*,*,#3783,.T.);
#1784=ORIENTED_EDGE('',*,*,#3786,.F.);
#1785=ORIENTED_EDGE('',*,*,#3784,.F.);
#1786=ORIENTED_EDGE('',*,*,#3787,.T.);
#1787=ORIENTED_EDGE('',*,*,#3788,.F.);
#1788=ORIENTED_EDGE('',*,*,#3789,.T.);
#1789=ORIENTED_EDGE('',*,*,#3790,.F.);
#1790=ORIENTED_EDGE('',*,*,#3790,.T.);
#1791=ORIENTED_EDGE('',*,*,#3788,.T.);
#1792=ORIENTED_EDGE('',*,*,#3791,.T.);
#1793=ORIENTED_EDGE('',*,*,#3792,.T.);
#1794=ORIENTED_EDGE('',*,*,#3793,.T.);
#1795=ORIENTED_EDGE('',*,*,#3789,.F.);
#1796=ORIENTED_EDGE('',*,*,#3794,.F.);
#1797=ORIENTED_EDGE('',*,*,#3795,.F.);
#1798=ORIENTED_EDGE('',*,*,#3786,.T.);
#1799=ORIENTED_EDGE('',*,*,#3794,.T.);
#1800=ORIENTED_EDGE('',*,*,#3796,.F.);
#1801=ORIENTED_EDGE('',*,*,#3797,.F.);
#1802=ORIENTED_EDGE('',*,*,#3797,.T.);
#1803=ORIENTED_EDGE('',*,*,#3793,.F.);
#1804=ORIENTED_EDGE('',*,*,#3782,.F.);
#1805=ORIENTED_EDGE('',*,*,#3792,.F.);
#1806=ORIENTED_EDGE('',*,*,#3787,.F.);
#1807=ORIENTED_EDGE('',*,*,#3791,.F.);
#1808=ORIENTED_EDGE('',*,*,#3796,.T.);
#1809=ORIENTED_EDGE('',*,*,#3795,.T.);
#1810=ORIENTED_EDGE('',*,*,#3798,.F.);
#1811=ORIENTED_EDGE('',*,*,#3799,.T.);
#1812=ORIENTED_EDGE('',*,*,#3800,.F.);
#1813=ORIENTED_EDGE('',*,*,#3801,.T.);
#1814=ORIENTED_EDGE('',*,*,#3802,.F.);
#1815=ORIENTED_EDGE('',*,*,#3803,.T.);
#1816=ORIENTED_EDGE('',*,*,#3804,.F.);
#1817=ORIENTED_EDGE('',*,*,#3805,.T.);
#1818=ORIENTED_EDGE('',*,*,#3806,.F.);
#1819=ORIENTED_EDGE('',*,*,#3807,.F.);
#1820=ORIENTED_EDGE('',*,*,#3808,.F.);
#1821=ORIENTED_EDGE('',*,*,#3809,.F.);
#1822=ORIENTED_EDGE('',*,*,#3809,.T.);
#1823=ORIENTED_EDGE('',*,*,#3810,.F.);
#1824=ORIENTED_EDGE('',*,*,#3811,.T.);
#1825=ORIENTED_EDGE('',*,*,#3812,.F.);
#1826=ORIENTED_EDGE('',*,*,#3813,.F.);
#1827=ORIENTED_EDGE('',*,*,#3814,.F.);
#1828=ORIENTED_EDGE('',*,*,#3815,.F.);
#1829=ORIENTED_EDGE('',*,*,#3811,.F.);
#1830=ORIENTED_EDGE('',*,*,#3813,.T.);
#1831=ORIENTED_EDGE('',*,*,#3810,.T.);
#1832=ORIENTED_EDGE('',*,*,#3808,.T.);
#1833=ORIENTED_EDGE('',*,*,#3816,.T.);
#1834=ORIENTED_EDGE('',*,*,#3817,.F.);
#1835=ORIENTED_EDGE('',*,*,#3818,.F.);
#1836=ORIENTED_EDGE('',*,*,#3819,.F.);
#1837=ORIENTED_EDGE('',*,*,#3820,.T.);
#1838=ORIENTED_EDGE('',*,*,#3821,.F.);
#1839=ORIENTED_EDGE('',*,*,#3822,.T.);
#1840=ORIENTED_EDGE('',*,*,#3823,.T.);
#1841=ORIENTED_EDGE('',*,*,#3824,.T.);
#1842=ORIENTED_EDGE('',*,*,#3825,.T.);
#1843=ORIENTED_EDGE('',*,*,#3826,.T.);
#1844=ORIENTED_EDGE('',*,*,#3827,.T.);
#1845=ORIENTED_EDGE('',*,*,#3828,.F.);
#1846=ORIENTED_EDGE('',*,*,#3829,.F.);
#1847=ORIENTED_EDGE('',*,*,#3830,.F.);
#1848=ORIENTED_EDGE('',*,*,#3831,.T.);
#1849=ORIENTED_EDGE('',*,*,#3832,.T.);
#1850=ORIENTED_EDGE('',*,*,#3833,.T.);
#1851=ORIENTED_EDGE('',*,*,#3834,.T.);
#1852=ORIENTED_EDGE('',*,*,#3835,.T.);
#1853=ORIENTED_EDGE('',*,*,#3836,.T.);
#1854=ORIENTED_EDGE('',*,*,#3837,.T.);
#1855=ORIENTED_EDGE('',*,*,#3838,.T.);
#1856=ORIENTED_EDGE('',*,*,#3839,.T.);
#1857=ORIENTED_EDGE('',*,*,#3840,.F.);
#1858=ORIENTED_EDGE('',*,*,#3841,.F.);
#1859=ORIENTED_EDGE('',*,*,#3842,.F.);
#1860=ORIENTED_EDGE('',*,*,#3843,.T.);
#1861=ORIENTED_EDGE('',*,*,#3844,.F.);
#1862=ORIENTED_EDGE('',*,*,#3845,.F.);
#1863=ORIENTED_EDGE('',*,*,#3846,.F.);
#1864=ORIENTED_EDGE('',*,*,#3847,.T.);
#1865=ORIENTED_EDGE('',*,*,#3848,.T.);
#1866=ORIENTED_EDGE('',*,*,#3849,.T.);
#1867=ORIENTED_EDGE('',*,*,#3850,.T.);
#1868=ORIENTED_EDGE('',*,*,#3851,.T.);
#1869=ORIENTED_EDGE('',*,*,#3852,.T.);
#1870=ORIENTED_EDGE('',*,*,#3853,.T.);
#1871=ORIENTED_EDGE('',*,*,#3850,.F.);
#1872=ORIENTED_EDGE('',*,*,#3854,.F.);
#1873=ORIENTED_EDGE('',*,*,#3855,.F.);
#1874=ORIENTED_EDGE('',*,*,#3856,.F.);
#1875=ORIENTED_EDGE('',*,*,#3854,.T.);
#1876=ORIENTED_EDGE('',*,*,#3849,.F.);
#1877=ORIENTED_EDGE('',*,*,#3857,.T.);
#1878=ORIENTED_EDGE('',*,*,#3858,.F.);
#1879=ORIENTED_EDGE('',*,*,#3848,.F.);
#1880=ORIENTED_EDGE('',*,*,#3859,.F.);
#1881=ORIENTED_EDGE('',*,*,#3860,.F.);
#1882=ORIENTED_EDGE('',*,*,#3857,.F.);
#1883=ORIENTED_EDGE('',*,*,#3834,.F.);
#1884=ORIENTED_EDGE('',*,*,#3861,.F.);
#1885=ORIENTED_EDGE('',*,*,#3862,.F.);
#1886=ORIENTED_EDGE('',*,*,#3863,.F.);
#1887=ORIENTED_EDGE('',*,*,#3861,.T.);
#1888=ORIENTED_EDGE('',*,*,#3833,.F.);
#1889=ORIENTED_EDGE('',*,*,#3864,.T.);
#1890=ORIENTED_EDGE('',*,*,#3865,.F.);
#1891=ORIENTED_EDGE('',*,*,#3832,.F.);
#1892=ORIENTED_EDGE('',*,*,#3866,.F.);
#1893=ORIENTED_EDGE('',*,*,#3867,.F.);
#1894=ORIENTED_EDGE('',*,*,#3864,.F.);
#1895=ORIENTED_EDGE('',*,*,#3836,.F.);
#1896=ORIENTED_EDGE('',*,*,#3868,.F.);
#1897=ORIENTED_EDGE('',*,*,#3869,.F.);
#1898=ORIENTED_EDGE('',*,*,#3870,.F.);
#1899=ORIENTED_EDGE('',*,*,#3863,.T.);
#1900=ORIENTED_EDGE('',*,*,#3871,.F.);
#1901=ORIENTED_EDGE('',*,*,#3868,.T.);
#1902=ORIENTED_EDGE('',*,*,#3835,.F.);
#1903=ORIENTED_EDGE('',*,*,#3872,.F.);
#1904=ORIENTED_EDGE('',*,*,#3873,.F.);
#1905=ORIENTED_EDGE('',*,*,#3838,.F.);
#1906=ORIENTED_EDGE('',*,*,#3874,.F.);
#1907=ORIENTED_EDGE('',*,*,#3870,.T.);
#1908=ORIENTED_EDGE('',*,*,#3875,.F.);
#1909=ORIENTED_EDGE('',*,*,#3874,.T.);
#1910=ORIENTED_EDGE('',*,*,#3837,.F.);
#1911=ORIENTED_EDGE('',*,*,#3852,.F.);
#1912=ORIENTED_EDGE('',*,*,#3876,.F.);
#1913=ORIENTED_EDGE('',*,*,#3814,.T.);
#1914=ORIENTED_EDGE('',*,*,#3851,.F.);
#1915=ORIENTED_EDGE('',*,*,#3856,.T.);
#1916=ORIENTED_EDGE('',*,*,#3877,.F.);
#1917=ORIENTED_EDGE('',*,*,#3859,.T.);
#1918=ORIENTED_EDGE('',*,*,#3847,.F.);
#1919=ORIENTED_EDGE('',*,*,#3878,.F.);
#1920=ORIENTED_EDGE('',*,*,#3879,.F.);
#1921=ORIENTED_EDGE('',*,*,#3807,.T.);
#1922=ORIENTED_EDGE('',*,*,#3880,.F.);
#1923=ORIENTED_EDGE('',*,*,#3881,.F.);
#1924=ORIENTED_EDGE('',*,*,#3816,.F.);
#1925=ORIENTED_EDGE('',*,*,#3853,.F.);
#1926=ORIENTED_EDGE('',*,*,#3882,.F.);
#1927=ORIENTED_EDGE('',*,*,#3866,.T.);
#1928=ORIENTED_EDGE('',*,*,#3831,.F.);
#1929=ORIENTED_EDGE('',*,*,#3883,.F.);
#1930=ORIENTED_EDGE('',*,*,#3884,.F.);
#1931=ORIENTED_EDGE('',*,*,#3873,.T.);
#1932=ORIENTED_EDGE('',*,*,#3885,.F.);
#1933=ORIENTED_EDGE('',*,*,#3886,.F.);
#1934=ORIENTED_EDGE('',*,*,#3839,.F.);
#1935=ORIENTED_EDGE('',*,*,#3887,.T.);
#1936=ORIENTED_EDGE('',*,*,#3888,.T.);
#1937=ORIENTED_EDGE('',*,*,#3889,.T.);
#1938=ORIENTED_EDGE('',*,*,#3890,.T.);
#1939=ORIENTED_EDGE('',*,*,#3891,.T.);
#1940=ORIENTED_EDGE('',*,*,#3892,.T.);
#1941=ORIENTED_EDGE('',*,*,#3893,.T.);
#1942=ORIENTED_EDGE('',*,*,#3894,.T.);
#1943=ORIENTED_EDGE('',*,*,#3895,.T.);
#1944=ORIENTED_EDGE('',*,*,#3896,.F.);
#1945=ORIENTED_EDGE('',*,*,#3897,.F.);
#1946=ORIENTED_EDGE('',*,*,#3896,.T.);
#1947=ORIENTED_EDGE('',*,*,#3898,.T.);
#1948=ORIENTED_EDGE('',*,*,#3899,.T.);
#1949=ORIENTED_EDGE('',*,*,#3897,.T.);
#1950=ORIENTED_EDGE('',*,*,#3900,.T.);
#1951=ORIENTED_EDGE('',*,*,#3901,.F.);
#1952=ORIENTED_EDGE('',*,*,#3893,.F.);
#1953=ORIENTED_EDGE('',*,*,#3887,.F.);
#1954=ORIENTED_EDGE('',*,*,#3889,.F.);
#1955=ORIENTED_EDGE('',*,*,#3891,.F.);
#1956=ORIENTED_EDGE('',*,*,#3899,.F.);
#1957=ORIENTED_EDGE('',*,*,#3902,.T.);
#1958=ORIENTED_EDGE('',*,*,#3903,.T.);
#1959=ORIENTED_EDGE('',*,*,#3904,.T.);
#1960=ORIENTED_EDGE('',*,*,#3905,.T.);
#1961=ORIENTED_EDGE('',*,*,#3906,.T.);
#1962=ORIENTED_EDGE('',*,*,#3907,.T.);
#1963=ORIENTED_EDGE('',*,*,#3908,.T.);
#1964=ORIENTED_EDGE('',*,*,#3909,.T.);
#1965=ORIENTED_EDGE('',*,*,#3910,.T.);
#1966=ORIENTED_EDGE('',*,*,#3911,.T.);
#1967=ORIENTED_EDGE('',*,*,#3912,.T.);
#1968=ORIENTED_EDGE('',*,*,#3913,.T.);
#1969=ORIENTED_EDGE('',*,*,#3821,.T.);
#1970=ORIENTED_EDGE('',*,*,#3914,.T.);
#1971=ORIENTED_EDGE('',*,*,#3900,.F.);
#1972=ORIENTED_EDGE('',*,*,#3815,.T.);
#1973=ORIENTED_EDGE('',*,*,#3877,.T.);
#1974=ORIENTED_EDGE('',*,*,#3855,.T.);
#1975=ORIENTED_EDGE('',*,*,#3858,.T.);
#1976=ORIENTED_EDGE('',*,*,#3860,.T.);
#1977=ORIENTED_EDGE('',*,*,#3879,.T.);
#1978=ORIENTED_EDGE('',*,*,#3915,.T.);
#1979=ORIENTED_EDGE('',*,*,#3916,.T.);
#1980=ORIENTED_EDGE('',*,*,#3917,.T.);
#1981=ORIENTED_EDGE('',*,*,#3885,.T.);
#1982=ORIENTED_EDGE('',*,*,#3872,.T.);
#1983=ORIENTED_EDGE('',*,*,#3875,.T.);
#1984=ORIENTED_EDGE('',*,*,#3869,.T.);
#1985=ORIENTED_EDGE('',*,*,#3871,.T.);
#1986=ORIENTED_EDGE('',*,*,#3862,.T.);
#1987=ORIENTED_EDGE('',*,*,#3865,.T.);
#1988=ORIENTED_EDGE('',*,*,#3867,.T.);
#1989=ORIENTED_EDGE('',*,*,#3884,.T.);
#1990=ORIENTED_EDGE('',*,*,#3918,.T.);
#1991=ORIENTED_EDGE('',*,*,#3919,.T.);
#1992=ORIENTED_EDGE('',*,*,#3920,.T.);
#1993=ORIENTED_EDGE('',*,*,#3921,.F.);
#1994=ORIENTED_EDGE('',*,*,#3922,.F.);
#1995=ORIENTED_EDGE('',*,*,#3923,.F.);
#1996=ORIENTED_EDGE('',*,*,#3902,.F.);
#1997=ORIENTED_EDGE('',*,*,#3898,.F.);
#1998=ORIENTED_EDGE('',*,*,#3895,.F.);
#1999=ORIENTED_EDGE('',*,*,#3924,.F.);
#2000=ORIENTED_EDGE('',*,*,#3925,.T.);
#2001=ORIENTED_EDGE('',*,*,#3880,.T.);
#2002=ORIENTED_EDGE('',*,*,#3806,.T.);
#2003=ORIENTED_EDGE('',*,*,#3812,.T.);
#2004=ORIENTED_EDGE('',*,*,#3876,.T.);
#2005=ORIENTED_EDGE('',*,*,#3882,.T.);
#2006=ORIENTED_EDGE('',*,*,#3888,.F.);
#2007=ORIENTED_EDGE('',*,*,#3890,.F.);
#2008=ORIENTED_EDGE('',*,*,#3892,.F.);
#2009=ORIENTED_EDGE('',*,*,#3903,.F.);
#2010=ORIENTED_EDGE('',*,*,#3923,.T.);
#2011=ORIENTED_EDGE('',*,*,#3926,.T.);
#2012=ORIENTED_EDGE('',*,*,#3927,.F.);
#2013=ORIENTED_EDGE('',*,*,#3904,.F.);
#2014=ORIENTED_EDGE('',*,*,#3927,.T.);
#2015=ORIENTED_EDGE('',*,*,#3928,.T.);
#2016=ORIENTED_EDGE('',*,*,#3929,.F.);
#2017=ORIENTED_EDGE('',*,*,#3905,.F.);
#2018=ORIENTED_EDGE('',*,*,#3929,.T.);
#2019=ORIENTED_EDGE('',*,*,#3930,.T.);
#2020=ORIENTED_EDGE('',*,*,#3931,.F.);
#2021=ORIENTED_EDGE('',*,*,#3906,.F.);
#2022=ORIENTED_EDGE('',*,*,#3931,.T.);
#2023=ORIENTED_EDGE('',*,*,#3932,.T.);
#2024=ORIENTED_EDGE('',*,*,#3933,.F.);
#2025=ORIENTED_EDGE('',*,*,#3934,.F.);
#2026=ORIENTED_EDGE('',*,*,#3935,.F.);
#2027=ORIENTED_EDGE('',*,*,#3907,.F.);
#2028=ORIENTED_EDGE('',*,*,#3935,.T.);
#2029=ORIENTED_EDGE('',*,*,#3936,.T.);
#2030=ORIENTED_EDGE('',*,*,#3937,.F.);
#2031=ORIENTED_EDGE('',*,*,#3908,.F.);
#2032=ORIENTED_EDGE('',*,*,#3937,.T.);
#2033=ORIENTED_EDGE('',*,*,#3938,.T.);
#2034=ORIENTED_EDGE('',*,*,#3939,.F.);
#2035=ORIENTED_EDGE('',*,*,#3940,.F.);
#2036=ORIENTED_EDGE('',*,*,#3941,.F.);
#2037=ORIENTED_EDGE('',*,*,#3942,.F.);
#2038=ORIENTED_EDGE('',*,*,#3943,.F.);
#2039=ORIENTED_EDGE('',*,*,#3944,.F.);
#2040=ORIENTED_EDGE('',*,*,#3945,.F.);
#2041=ORIENTED_EDGE('',*,*,#3944,.T.);
#2042=ORIENTED_EDGE('',*,*,#3946,.F.);
#2043=ORIENTED_EDGE('',*,*,#3918,.F.);
#2044=ORIENTED_EDGE('',*,*,#3947,.F.);
#2045=ORIENTED_EDGE('',*,*,#3948,.T.);
#2046=ORIENTED_EDGE('',*,*,#3949,.T.);
#2047=ORIENTED_EDGE('',*,*,#3799,.F.);
#2048=ORIENTED_EDGE('',*,*,#3945,.T.);
#2049=ORIENTED_EDGE('',*,*,#3949,.F.);
#2050=ORIENTED_EDGE('',*,*,#3950,.T.);
#2051=ORIENTED_EDGE('',*,*,#3951,.F.);
#2052=ORIENTED_EDGE('',*,*,#3948,.F.);
#2053=ORIENTED_EDGE('',*,*,#3952,.F.);
#2054=ORIENTED_EDGE('',*,*,#3953,.F.);
#2055=ORIENTED_EDGE('',*,*,#3950,.F.);
#2056=ORIENTED_EDGE('',*,*,#3954,.F.);
#2057=ORIENTED_EDGE('',*,*,#3955,.F.);
#2058=ORIENTED_EDGE('',*,*,#3956,.F.);
#2059=ORIENTED_EDGE('',*,*,#3957,.F.);
#2060=ORIENTED_EDGE('',*,*,#3956,.T.);
#2061=ORIENTED_EDGE('',*,*,#3958,.F.);
#2062=ORIENTED_EDGE('',*,*,#3917,.F.);
#2063=ORIENTED_EDGE('',*,*,#3959,.F.);
#2064=ORIENTED_EDGE('',*,*,#3960,.T.);
#2065=ORIENTED_EDGE('',*,*,#3961,.T.);
#2066=ORIENTED_EDGE('',*,*,#3801,.F.);
#2067=ORIENTED_EDGE('',*,*,#3957,.T.);
#2068=ORIENTED_EDGE('',*,*,#3961,.F.);
#2069=ORIENTED_EDGE('',*,*,#3962,.T.);
#2070=ORIENTED_EDGE('',*,*,#3963,.F.);
#2071=ORIENTED_EDGE('',*,*,#3960,.F.);
#2072=ORIENTED_EDGE('',*,*,#3964,.F.);
#2073=ORIENTED_EDGE('',*,*,#3965,.F.);
#2074=ORIENTED_EDGE('',*,*,#3962,.F.);
#2075=ORIENTED_EDGE('',*,*,#3966,.F.);
#2076=ORIENTED_EDGE('',*,*,#3967,.F.);
#2077=ORIENTED_EDGE('',*,*,#3968,.F.);
#2078=ORIENTED_EDGE('',*,*,#3969,.F.);
#2079=ORIENTED_EDGE('',*,*,#3968,.T.);
#2080=ORIENTED_EDGE('',*,*,#3970,.F.);
#2081=ORIENTED_EDGE('',*,*,#3915,.F.);
#2082=ORIENTED_EDGE('',*,*,#3971,.F.);
#2083=ORIENTED_EDGE('',*,*,#3972,.T.);
#2084=ORIENTED_EDGE('',*,*,#3973,.T.);
#2085=ORIENTED_EDGE('',*,*,#3803,.F.);
#2086=ORIENTED_EDGE('',*,*,#3969,.T.);
#2087=ORIENTED_EDGE('',*,*,#3973,.F.);
#2088=ORIENTED_EDGE('',*,*,#3974,.T.);
#2089=ORIENTED_EDGE('',*,*,#3975,.F.);
#2090=ORIENTED_EDGE('',*,*,#3972,.F.);
#2091=ORIENTED_EDGE('',*,*,#3976,.F.);
#2092=ORIENTED_EDGE('',*,*,#3977,.F.);
#2093=ORIENTED_EDGE('',*,*,#3974,.F.);
#2094=ORIENTED_EDGE('',*,*,#3978,.F.);
#2095=ORIENTED_EDGE('',*,*,#3979,.F.);
#2096=ORIENTED_EDGE('',*,*,#3980,.F.);
#2097=ORIENTED_EDGE('',*,*,#3981,.F.);
#2098=ORIENTED_EDGE('',*,*,#3980,.T.);
#2099=ORIENTED_EDGE('',*,*,#3982,.F.);
#2100=ORIENTED_EDGE('',*,*,#3925,.F.);
#2101=ORIENTED_EDGE('',*,*,#3983,.F.);
#2102=ORIENTED_EDGE('',*,*,#3984,.T.);
#2103=ORIENTED_EDGE('',*,*,#3985,.T.);
#2104=ORIENTED_EDGE('',*,*,#3805,.F.);
#2105=ORIENTED_EDGE('',*,*,#3981,.T.);
#2106=ORIENTED_EDGE('',*,*,#3985,.F.);
#2107=ORIENTED_EDGE('',*,*,#3986,.T.);
#2108=ORIENTED_EDGE('',*,*,#3987,.F.);
#2109=ORIENTED_EDGE('',*,*,#3984,.F.);
#2110=ORIENTED_EDGE('',*,*,#3988,.F.);
#2111=ORIENTED_EDGE('',*,*,#3989,.F.);
#2112=ORIENTED_EDGE('',*,*,#3986,.F.);
#2113=ORIENTED_EDGE('',*,*,#3804,.T.);
#2114=ORIENTED_EDGE('',*,*,#3990,.T.);
#2115=ORIENTED_EDGE('',*,*,#3991,.T.);
#2116=ORIENTED_EDGE('',*,*,#3990,.F.);
#2117=ORIENTED_EDGE('',*,*,#3978,.T.);
#2118=ORIENTED_EDGE('',*,*,#3987,.T.);
#2119=ORIENTED_EDGE('',*,*,#3989,.T.);
#2120=ORIENTED_EDGE('',*,*,#3992,.T.);
#2121=ORIENTED_EDGE('',*,*,#3993,.T.);
#2122=ORIENTED_EDGE('',*,*,#3994,.T.);
#2123=ORIENTED_EDGE('',*,*,#3995,.T.);
#2124=ORIENTED_EDGE('',*,*,#3996,.T.);
#2125=ORIENTED_EDGE('',*,*,#3995,.F.);
#2126=ORIENTED_EDGE('',*,*,#3993,.F.);
#2127=ORIENTED_EDGE('',*,*,#3997,.F.);
#2128=ORIENTED_EDGE('',*,*,#3818,.T.);
#2129=ORIENTED_EDGE('',*,*,#3998,.F.);
#2130=ORIENTED_EDGE('',*,*,#3979,.T.);
#2131=ORIENTED_EDGE('',*,*,#3994,.F.);
#2132=ORIENTED_EDGE('',*,*,#3998,.T.);
#2133=ORIENTED_EDGE('',*,*,#3817,.T.);
#2134=ORIENTED_EDGE('',*,*,#3881,.T.);
#2135=ORIENTED_EDGE('',*,*,#3982,.T.);
#2136=ORIENTED_EDGE('',*,*,#3996,.F.);
#2137=ORIENTED_EDGE('',*,*,#3991,.F.);
#2138=ORIENTED_EDGE('',*,*,#3988,.T.);
#2139=ORIENTED_EDGE('',*,*,#3983,.T.);
#2140=ORIENTED_EDGE('',*,*,#3999,.T.);
#2141=ORIENTED_EDGE('',*,*,#3819,.T.);
#2142=ORIENTED_EDGE('',*,*,#3997,.T.);
#2143=ORIENTED_EDGE('',*,*,#3992,.F.);
#2144=ORIENTED_EDGE('',*,*,#3914,.F.);
#2145=ORIENTED_EDGE('',*,*,#3820,.F.);
#2146=ORIENTED_EDGE('',*,*,#3999,.F.);
#2147=ORIENTED_EDGE('',*,*,#3924,.T.);
#2148=ORIENTED_EDGE('',*,*,#3894,.F.);
#2149=ORIENTED_EDGE('',*,*,#3901,.T.);
#2150=ORIENTED_EDGE('',*,*,#3802,.T.);
#2151=ORIENTED_EDGE('',*,*,#4000,.T.);
#2152=ORIENTED_EDGE('',*,*,#4001,.T.);
#2153=ORIENTED_EDGE('',*,*,#4000,.F.);
#2154=ORIENTED_EDGE('',*,*,#3966,.T.);
#2155=ORIENTED_EDGE('',*,*,#3975,.T.);
#2156=ORIENTED_EDGE('',*,*,#3977,.T.);
#2157=ORIENTED_EDGE('',*,*,#4002,.T.);
#2158=ORIENTED_EDGE('',*,*,#4003,.T.);
#2159=ORIENTED_EDGE('',*,*,#4004,.T.);
#2160=ORIENTED_EDGE('',*,*,#4005,.T.);
#2161=ORIENTED_EDGE('',*,*,#4006,.T.);
#2162=ORIENTED_EDGE('',*,*,#4005,.F.);
#2163=ORIENTED_EDGE('',*,*,#4003,.F.);
#2164=ORIENTED_EDGE('',*,*,#4007,.F.);
#2165=ORIENTED_EDGE('',*,*,#3845,.T.);
#2166=ORIENTED_EDGE('',*,*,#4008,.F.);
#2167=ORIENTED_EDGE('',*,*,#3967,.T.);
#2168=ORIENTED_EDGE('',*,*,#4004,.F.);
#2169=ORIENTED_EDGE('',*,*,#4008,.T.);
#2170=ORIENTED_EDGE('',*,*,#3844,.T.);
#2171=ORIENTED_EDGE('',*,*,#4009,.T.);
#2172=ORIENTED_EDGE('',*,*,#3970,.T.);
#2173=ORIENTED_EDGE('',*,*,#4006,.F.);
#2174=ORIENTED_EDGE('',*,*,#4001,.F.);
#2175=ORIENTED_EDGE('',*,*,#3976,.T.);
#2176=ORIENTED_EDGE('',*,*,#3971,.T.);
#2177=ORIENTED_EDGE('',*,*,#3878,.T.);
#2178=ORIENTED_EDGE('',*,*,#3846,.T.);
#2179=ORIENTED_EDGE('',*,*,#4007,.T.);
#2180=ORIENTED_EDGE('',*,*,#4002,.F.);
#2181=ORIENTED_EDGE('',*,*,#3800,.T.);
#2182=ORIENTED_EDGE('',*,*,#4010,.T.);
#2183=ORIENTED_EDGE('',*,*,#4011,.T.);
#2184=ORIENTED_EDGE('',*,*,#4010,.F.);
#2185=ORIENTED_EDGE('',*,*,#3954,.T.);
#2186=ORIENTED_EDGE('',*,*,#3963,.T.);
#2187=ORIENTED_EDGE('',*,*,#3965,.T.);
#2188=ORIENTED_EDGE('',*,*,#4012,.T.);
#2189=ORIENTED_EDGE('',*,*,#4013,.T.);
#2190=ORIENTED_EDGE('',*,*,#4014,.T.);
#2191=ORIENTED_EDGE('',*,*,#4015,.T.);
#2192=ORIENTED_EDGE('',*,*,#4016,.T.);
#2193=ORIENTED_EDGE('',*,*,#4015,.F.);
#2194=ORIENTED_EDGE('',*,*,#4013,.F.);
#2195=ORIENTED_EDGE('',*,*,#4017,.F.);
#2196=ORIENTED_EDGE('',*,*,#3841,.T.);
#2197=ORIENTED_EDGE('',*,*,#4018,.F.);
#2198=ORIENTED_EDGE('',*,*,#3955,.T.);
#2199=ORIENTED_EDGE('',*,*,#4014,.F.);
#2200=ORIENTED_EDGE('',*,*,#4018,.T.);
#2201=ORIENTED_EDGE('',*,*,#3840,.T.);
#2202=ORIENTED_EDGE('',*,*,#3886,.T.);
#2203=ORIENTED_EDGE('',*,*,#3958,.T.);
#2204=ORIENTED_EDGE('',*,*,#4016,.F.);
#2205=ORIENTED_EDGE('',*,*,#4011,.F.);
#2206=ORIENTED_EDGE('',*,*,#3964,.T.);
#2207=ORIENTED_EDGE('',*,*,#3959,.T.);
#2208=ORIENTED_EDGE('',*,*,#4019,.T.);
#2209=ORIENTED_EDGE('',*,*,#3842,.T.);
#2210=ORIENTED_EDGE('',*,*,#4017,.T.);
#2211=ORIENTED_EDGE('',*,*,#4012,.F.);
#2212=ORIENTED_EDGE('',*,*,#4009,.F.);
#2213=ORIENTED_EDGE('',*,*,#3843,.F.);
#2214=ORIENTED_EDGE('',*,*,#4019,.F.);
#2215=ORIENTED_EDGE('',*,*,#3916,.F.);
#2216=ORIENTED_EDGE('',*,*,#3798,.T.);
#2217=ORIENTED_EDGE('',*,*,#4020,.T.);
#2218=ORIENTED_EDGE('',*,*,#4021,.T.);
#2219=ORIENTED_EDGE('',*,*,#4020,.F.);
#2220=ORIENTED_EDGE('',*,*,#3942,.T.);
#2221=ORIENTED_EDGE('',*,*,#3951,.T.);
#2222=ORIENTED_EDGE('',*,*,#3953,.T.);
#2223=ORIENTED_EDGE('',*,*,#4022,.T.);
#2224=ORIENTED_EDGE('',*,*,#4023,.T.);
#2225=ORIENTED_EDGE('',*,*,#4024,.T.);
#2226=ORIENTED_EDGE('',*,*,#4025,.T.);
#2227=ORIENTED_EDGE('',*,*,#4026,.T.);
#2228=ORIENTED_EDGE('',*,*,#4025,.F.);
#2229=ORIENTED_EDGE('',*,*,#4023,.F.);
#2230=ORIENTED_EDGE('',*,*,#4027,.F.);
#2231=ORIENTED_EDGE('',*,*,#3829,.T.);
#2232=ORIENTED_EDGE('',*,*,#4028,.F.);
#2233=ORIENTED_EDGE('',*,*,#3943,.T.);
#2234=ORIENTED_EDGE('',*,*,#4024,.F.);
#2235=ORIENTED_EDGE('',*,*,#4028,.T.);
#2236=ORIENTED_EDGE('',*,*,#3828,.T.);
#2237=ORIENTED_EDGE('',*,*,#4029,.T.);
#2238=ORIENTED_EDGE('',*,*,#3946,.T.);
#2239=ORIENTED_EDGE('',*,*,#4026,.F.);
#2240=ORIENTED_EDGE('',*,*,#4021,.F.);
#2241=ORIENTED_EDGE('',*,*,#3952,.T.);
#2242=ORIENTED_EDGE('',*,*,#3947,.T.);
#2243=ORIENTED_EDGE('',*,*,#3883,.T.);
#2244=ORIENTED_EDGE('',*,*,#3830,.T.);
#2245=ORIENTED_EDGE('',*,*,#4027,.T.);
#2246=ORIENTED_EDGE('',*,*,#4022,.F.);
#2247=ORIENTED_EDGE('',*,*,#4030,.T.);
#2248=ORIENTED_EDGE('',*,*,#3824,.F.);
#2249=ORIENTED_EDGE('',*,*,#4031,.T.);
#2250=ORIENTED_EDGE('',*,*,#4032,.T.);
#2251=ORIENTED_EDGE('',*,*,#4033,.T.);
#2252=ORIENTED_EDGE('',*,*,#4034,.T.);
#2253=ORIENTED_EDGE('',*,*,#4031,.F.);
#2254=ORIENTED_EDGE('',*,*,#3823,.F.);
#2255=ORIENTED_EDGE('',*,*,#3913,.F.);
#2256=ORIENTED_EDGE('',*,*,#4035,.T.);
#2257=ORIENTED_EDGE('',*,*,#4033,.F.);
#2258=ORIENTED_EDGE('',*,*,#3822,.F.);
#2259=ORIENTED_EDGE('',*,*,#3912,.F.);
#2260=ORIENTED_EDGE('',*,*,#4036,.T.);
#2261=ORIENTED_EDGE('',*,*,#4037,.T.);
#2262=ORIENTED_EDGE('',*,*,#4034,.F.);
#2263=ORIENTED_EDGE('',*,*,#4035,.F.);
#2264=ORIENTED_EDGE('',*,*,#3826,.F.);
#2265=ORIENTED_EDGE('',*,*,#4038,.F.);
#2266=ORIENTED_EDGE('',*,*,#3920,.F.);
#2267=ORIENTED_EDGE('',*,*,#4039,.F.);
#2268=ORIENTED_EDGE('',*,*,#4029,.F.);
#2269=ORIENTED_EDGE('',*,*,#3827,.F.);
#2270=ORIENTED_EDGE('',*,*,#4039,.T.);
#2271=ORIENTED_EDGE('',*,*,#3919,.F.);
#2272=ORIENTED_EDGE('',*,*,#4032,.F.);
#2273=ORIENTED_EDGE('',*,*,#4040,.T.);
#2274=ORIENTED_EDGE('',*,*,#4041,.F.);
#2275=ORIENTED_EDGE('',*,*,#3909,.F.);
#2276=ORIENTED_EDGE('',*,*,#3941,.T.);
#2277=ORIENTED_EDGE('',*,*,#4042,.T.);
#2278=ORIENTED_EDGE('',*,*,#4043,.F.);
#2279=ORIENTED_EDGE('',*,*,#3911,.F.);
#2280=ORIENTED_EDGE('',*,*,#4044,.T.);
#2281=ORIENTED_EDGE('',*,*,#4045,.T.);
#2282=ORIENTED_EDGE('',*,*,#4036,.F.);
#2283=ORIENTED_EDGE('',*,*,#3825,.F.);
#2284=ORIENTED_EDGE('',*,*,#4030,.F.);
#2285=ORIENTED_EDGE('',*,*,#4041,.T.);
#2286=ORIENTED_EDGE('',*,*,#4046,.T.);
#2287=ORIENTED_EDGE('',*,*,#4047,.T.);
#2288=ORIENTED_EDGE('',*,*,#4048,.T.);
#2289=ORIENTED_EDGE('',*,*,#3939,.T.);
#2290=ORIENTED_EDGE('',*,*,#4049,.T.);
#2291=ORIENTED_EDGE('',*,*,#3933,.T.);
#2292=ORIENTED_EDGE('',*,*,#4050,.T.);
#2293=ORIENTED_EDGE('',*,*,#4051,.T.);
#2294=ORIENTED_EDGE('',*,*,#4052,.T.);
#2295=ORIENTED_EDGE('',*,*,#3921,.T.);
#2296=ORIENTED_EDGE('',*,*,#4038,.T.);
#2297=ORIENTED_EDGE('',*,*,#3926,.F.);
#2298=ORIENTED_EDGE('',*,*,#3922,.T.);
#2299=ORIENTED_EDGE('',*,*,#4052,.F.);
#2300=ORIENTED_EDGE('',*,*,#4053,.F.);
#2301=ORIENTED_EDGE('',*,*,#4045,.F.);
#2302=ORIENTED_EDGE('',*,*,#4054,.T.);
#2303=ORIENTED_EDGE('',*,*,#4046,.F.);
#2304=ORIENTED_EDGE('',*,*,#4040,.F.);
#2305=ORIENTED_EDGE('',*,*,#4037,.F.);
#2306=ORIENTED_EDGE('',*,*,#4042,.F.);
#2307=ORIENTED_EDGE('',*,*,#3940,.T.);
#2308=ORIENTED_EDGE('',*,*,#4048,.F.);
#2309=ORIENTED_EDGE('',*,*,#4055,.F.);
#2310=ORIENTED_EDGE('',*,*,#3936,.F.);
#2311=ORIENTED_EDGE('',*,*,#3934,.T.);
#2312=ORIENTED_EDGE('',*,*,#4049,.F.);
#2313=ORIENTED_EDGE('',*,*,#3938,.F.);
#2314=ORIENTED_EDGE('',*,*,#3930,.F.);
#2315=ORIENTED_EDGE('',*,*,#4056,.T.);
#2316=ORIENTED_EDGE('',*,*,#4050,.F.);
#2317=ORIENTED_EDGE('',*,*,#3932,.F.);
#2318=ORIENTED_EDGE('',*,*,#3928,.F.);
#2319=ORIENTED_EDGE('',*,*,#4053,.T.);
#2320=ORIENTED_EDGE('',*,*,#4051,.F.);
#2321=ORIENTED_EDGE('',*,*,#4056,.F.);
#2322=ORIENTED_EDGE('',*,*,#3910,.F.);
#2323=ORIENTED_EDGE('',*,*,#4043,.T.);
#2324=ORIENTED_EDGE('',*,*,#4055,.T.);
#2325=ORIENTED_EDGE('',*,*,#4047,.F.);
#2326=ORIENTED_EDGE('',*,*,#4054,.F.);
#2327=ORIENTED_EDGE('',*,*,#4044,.F.);
#2328=ORIENTED_EDGE('',*,*,#4057,.T.);
#2329=ORIENTED_EDGE('',*,*,#4058,.F.);
#2330=ORIENTED_EDGE('',*,*,#4059,.T.);
#2331=ORIENTED_EDGE('',*,*,#4060,.F.);
#2332=ORIENTED_EDGE('',*,*,#4060,.T.);
#2333=ORIENTED_EDGE('',*,*,#4058,.T.);
#2334=ORIENTED_EDGE('',*,*,#4061,.F.);
#2335=ORIENTED_EDGE('',*,*,#4059,.F.);
#2336=ORIENTED_EDGE('',*,*,#4062,.T.);
#2337=ORIENTED_EDGE('',*,*,#4063,.F.);
#2338=ORIENTED_EDGE('',*,*,#4064,.T.);
#2339=ORIENTED_EDGE('',*,*,#4065,.F.);
#2340=ORIENTED_EDGE('',*,*,#4065,.T.);
#2341=ORIENTED_EDGE('',*,*,#4063,.T.);
#2342=ORIENTED_EDGE('',*,*,#4066,.T.);
#2343=ORIENTED_EDGE('',*,*,#4067,.T.);
#2344=ORIENTED_EDGE('',*,*,#4068,.T.);
#2345=ORIENTED_EDGE('',*,*,#4064,.F.);
#2346=ORIENTED_EDGE('',*,*,#4069,.F.);
#2347=ORIENTED_EDGE('',*,*,#4070,.F.);
#2348=ORIENTED_EDGE('',*,*,#4061,.T.);
#2349=ORIENTED_EDGE('',*,*,#4069,.T.);
#2350=ORIENTED_EDGE('',*,*,#4071,.F.);
#2351=ORIENTED_EDGE('',*,*,#4072,.F.);
#2352=ORIENTED_EDGE('',*,*,#4072,.T.);
#2353=ORIENTED_EDGE('',*,*,#4068,.F.);
#2354=ORIENTED_EDGE('',*,*,#4057,.F.);
#2355=ORIENTED_EDGE('',*,*,#4067,.F.);
#2356=ORIENTED_EDGE('',*,*,#4062,.F.);
#2357=ORIENTED_EDGE('',*,*,#4066,.F.);
#2358=ORIENTED_EDGE('',*,*,#4071,.T.);
#2359=ORIENTED_EDGE('',*,*,#4070,.T.);
#2360=ORIENTED_EDGE('',*,*,#4073,.T.);
#2361=ORIENTED_EDGE('',*,*,#4074,.F.);
#2362=ORIENTED_EDGE('',*,*,#4075,.T.);
#2363=ORIENTED_EDGE('',*,*,#4076,.F.);
#2364=ORIENTED_EDGE('',*,*,#4076,.T.);
#2365=ORIENTED_EDGE('',*,*,#4074,.T.);
#2366=ORIENTED_EDGE('',*,*,#4077,.F.);
#2367=ORIENTED_EDGE('',*,*,#4075,.F.);
#2368=ORIENTED_EDGE('',*,*,#4078,.T.);
#2369=ORIENTED_EDGE('',*,*,#4079,.F.);
#2370=ORIENTED_EDGE('',*,*,#4080,.T.);
#2371=ORIENTED_EDGE('',*,*,#4081,.F.);
#2372=ORIENTED_EDGE('',*,*,#4081,.T.);
#2373=ORIENTED_EDGE('',*,*,#4079,.T.);
#2374=ORIENTED_EDGE('',*,*,#4082,.T.);
#2375=ORIENTED_EDGE('',*,*,#4083,.T.);
#2376=ORIENTED_EDGE('',*,*,#4084,.T.);
#2377=ORIENTED_EDGE('',*,*,#4080,.F.);
#2378=ORIENTED_EDGE('',*,*,#4085,.F.);
#2379=ORIENTED_EDGE('',*,*,#4086,.F.);
#2380=ORIENTED_EDGE('',*,*,#4077,.T.);
#2381=ORIENTED_EDGE('',*,*,#4085,.T.);
#2382=ORIENTED_EDGE('',*,*,#4087,.F.);
#2383=ORIENTED_EDGE('',*,*,#4088,.F.);
#2384=ORIENTED_EDGE('',*,*,#4088,.T.);
#2385=ORIENTED_EDGE('',*,*,#4084,.F.);
#2386=ORIENTED_EDGE('',*,*,#4073,.F.);
#2387=ORIENTED_EDGE('',*,*,#4083,.F.);
#2388=ORIENTED_EDGE('',*,*,#4078,.F.);
#2389=ORIENTED_EDGE('',*,*,#4082,.F.);
#2390=ORIENTED_EDGE('',*,*,#4087,.T.);
#2391=ORIENTED_EDGE('',*,*,#4086,.T.);
#2392=ORIENTED_EDGE('',*,*,#4089,.T.);
#2393=ORIENTED_EDGE('',*,*,#4090,.F.);
#2394=ORIENTED_EDGE('',*,*,#4091,.T.);
#2395=ORIENTED_EDGE('',*,*,#4092,.F.);
#2396=ORIENTED_EDGE('',*,*,#4092,.T.);
#2397=ORIENTED_EDGE('',*,*,#4090,.T.);
#2398=ORIENTED_EDGE('',*,*,#4093,.F.);
#2399=ORIENTED_EDGE('',*,*,#4091,.F.);
#2400=ORIENTED_EDGE('',*,*,#4094,.T.);
#2401=ORIENTED_EDGE('',*,*,#4095,.F.);
#2402=ORIENTED_EDGE('',*,*,#4096,.T.);
#2403=ORIENTED_EDGE('',*,*,#4097,.F.);
#2404=ORIENTED_EDGE('',*,*,#4097,.T.);
#2405=ORIENTED_EDGE('',*,*,#4095,.T.);
#2406=ORIENTED_EDGE('',*,*,#4098,.T.);
#2407=ORIENTED_EDGE('',*,*,#4099,.T.);
#2408=ORIENTED_EDGE('',*,*,#4100,.T.);
#2409=ORIENTED_EDGE('',*,*,#4096,.F.);
#2410=ORIENTED_EDGE('',*,*,#4101,.F.);
#2411=ORIENTED_EDGE('',*,*,#4102,.F.);
#2412=ORIENTED_EDGE('',*,*,#4093,.T.);
#2413=ORIENTED_EDGE('',*,*,#4101,.T.);
#2414=ORIENTED_EDGE('',*,*,#4103,.F.);
#2415=ORIENTED_EDGE('',*,*,#4104,.F.);
#2416=ORIENTED_EDGE('',*,*,#4104,.T.);
#2417=ORIENTED_EDGE('',*,*,#4100,.F.);
#2418=ORIENTED_EDGE('',*,*,#4089,.F.);
#2419=ORIENTED_EDGE('',*,*,#4099,.F.);
#2420=ORIENTED_EDGE('',*,*,#4094,.F.);
#2421=ORIENTED_EDGE('',*,*,#4098,.F.);
#2422=ORIENTED_EDGE('',*,*,#4103,.T.);
#2423=ORIENTED_EDGE('',*,*,#4102,.T.);
#2424=ORIENTED_EDGE('',*,*,#4105,.F.);
#2425=ORIENTED_EDGE('',*,*,#4106,.T.);
#2426=ORIENTED_EDGE('',*,*,#4107,.F.);
#2427=ORIENTED_EDGE('',*,*,#4108,.T.);
#2428=ORIENTED_EDGE('',*,*,#4109,.F.);
#2429=ORIENTED_EDGE('',*,*,#4110,.T.);
#2430=ORIENTED_EDGE('',*,*,#4111,.F.);
#2431=ORIENTED_EDGE('',*,*,#4112,.T.);
#2432=ORIENTED_EDGE('',*,*,#4113,.F.);
#2433=ORIENTED_EDGE('',*,*,#4114,.F.);
#2434=ORIENTED_EDGE('',*,*,#4115,.F.);
#2435=ORIENTED_EDGE('',*,*,#4116,.F.);
#2436=ORIENTED_EDGE('',*,*,#4116,.T.);
#2437=ORIENTED_EDGE('',*,*,#4117,.F.);
#2438=ORIENTED_EDGE('',*,*,#4118,.T.);
#2439=ORIENTED_EDGE('',*,*,#4119,.F.);
#2440=ORIENTED_EDGE('',*,*,#4120,.F.);
#2441=ORIENTED_EDGE('',*,*,#4118,.F.);
#2442=ORIENTED_EDGE('',*,*,#4121,.F.);
#2443=ORIENTED_EDGE('',*,*,#4122,.F.);
#2444=ORIENTED_EDGE('',*,*,#4122,.T.);
#2445=ORIENTED_EDGE('',*,*,#4123,.F.);
#2446=ORIENTED_EDGE('',*,*,#4124,.T.);
#2447=ORIENTED_EDGE('',*,*,#4125,.F.);
#2448=ORIENTED_EDGE('',*,*,#4120,.T.);
#2449=ORIENTED_EDGE('',*,*,#4125,.T.);
#2450=ORIENTED_EDGE('',*,*,#4126,.T.);
#2451=ORIENTED_EDGE('',*,*,#4127,.T.);
#2452=ORIENTED_EDGE('',*,*,#4128,.T.);
#2453=ORIENTED_EDGE('',*,*,#4129,.T.);
#2454=ORIENTED_EDGE('',*,*,#4130,.F.);
#2455=ORIENTED_EDGE('',*,*,#4131,.F.);
#2456=ORIENTED_EDGE('',*,*,#4132,.F.);
#2457=ORIENTED_EDGE('',*,*,#4133,.T.);
#2458=ORIENTED_EDGE('',*,*,#4134,.T.);
#2459=ORIENTED_EDGE('',*,*,#4135,.T.);
#2460=ORIENTED_EDGE('',*,*,#4136,.F.);
#2461=ORIENTED_EDGE('',*,*,#4137,.T.);
#2462=ORIENTED_EDGE('',*,*,#4138,.T.);
#2463=ORIENTED_EDGE('',*,*,#4139,.T.);
#2464=ORIENTED_EDGE('',*,*,#4140,.T.);
#2465=ORIENTED_EDGE('',*,*,#4141,.F.);
#2466=ORIENTED_EDGE('',*,*,#4142,.F.);
#2467=ORIENTED_EDGE('',*,*,#4143,.F.);
#2468=ORIENTED_EDGE('',*,*,#4144,.T.);
#2469=ORIENTED_EDGE('',*,*,#4145,.T.);
#2470=ORIENTED_EDGE('',*,*,#4146,.T.);
#2471=ORIENTED_EDGE('',*,*,#4147,.T.);
#2472=ORIENTED_EDGE('',*,*,#4148,.T.);
#2473=ORIENTED_EDGE('',*,*,#4149,.T.);
#2474=ORIENTED_EDGE('',*,*,#4150,.T.);
#2475=ORIENTED_EDGE('',*,*,#4151,.T.);
#2476=ORIENTED_EDGE('',*,*,#4152,.T.);
#2477=ORIENTED_EDGE('',*,*,#4153,.F.);
#2478=ORIENTED_EDGE('',*,*,#4154,.F.);
#2479=ORIENTED_EDGE('',*,*,#4155,.F.);
#2480=ORIENTED_EDGE('',*,*,#4156,.T.);
#2481=ORIENTED_EDGE('',*,*,#4157,.F.);
#2482=ORIENTED_EDGE('',*,*,#4158,.F.);
#2483=ORIENTED_EDGE('',*,*,#4159,.F.);
#2484=ORIENTED_EDGE('',*,*,#4160,.T.);
#2485=ORIENTED_EDGE('',*,*,#4113,.T.);
#2486=ORIENTED_EDGE('',*,*,#4119,.T.);
#2487=ORIENTED_EDGE('',*,*,#4161,.F.);
#2488=ORIENTED_EDGE('',*,*,#4162,.F.);
#2489=ORIENTED_EDGE('',*,*,#4163,.F.);
#2490=ORIENTED_EDGE('',*,*,#4164,.T.);
#2491=ORIENTED_EDGE('',*,*,#4165,.T.);
#2492=ORIENTED_EDGE('',*,*,#4126,.F.);
#2493=ORIENTED_EDGE('',*,*,#4124,.F.);
#2494=ORIENTED_EDGE('',*,*,#4166,.F.);
#2495=ORIENTED_EDGE('',*,*,#4167,.F.);
#2496=ORIENTED_EDGE('',*,*,#4121,.T.);
#2497=ORIENTED_EDGE('',*,*,#4117,.T.);
#2498=ORIENTED_EDGE('',*,*,#4115,.T.);
#2499=ORIENTED_EDGE('',*,*,#4168,.T.);
#2500=ORIENTED_EDGE('',*,*,#4169,.T.);
#2501=ORIENTED_EDGE('',*,*,#4170,.T.);
#2502=ORIENTED_EDGE('',*,*,#4171,.T.);
#2503=ORIENTED_EDGE('',*,*,#4172,.T.);
#2504=ORIENTED_EDGE('',*,*,#4173,.T.);
#2505=ORIENTED_EDGE('',*,*,#4174,.T.);
#2506=ORIENTED_EDGE('',*,*,#4175,.T.);
#2507=ORIENTED_EDGE('',*,*,#4176,.T.);
#2508=ORIENTED_EDGE('',*,*,#4177,.T.);
#2509=ORIENTED_EDGE('',*,*,#4178,.T.);
#2510=ORIENTED_EDGE('',*,*,#4179,.T.);
#2511=ORIENTED_EDGE('',*,*,#4180,.T.);
#2512=ORIENTED_EDGE('',*,*,#4181,.T.);
#2513=ORIENTED_EDGE('',*,*,#4182,.F.);
#2514=ORIENTED_EDGE('',*,*,#4183,.F.);
#2515=ORIENTED_EDGE('',*,*,#4184,.T.);
#2516=ORIENTED_EDGE('',*,*,#4185,.F.);
#2517=ORIENTED_EDGE('',*,*,#4186,.T.);
#2518=ORIENTED_EDGE('',*,*,#4187,.T.);
#2519=ORIENTED_EDGE('',*,*,#4188,.F.);
#2520=ORIENTED_EDGE('',*,*,#4189,.T.);
#2521=ORIENTED_EDGE('',*,*,#4190,.T.);
#2522=ORIENTED_EDGE('',*,*,#4191,.T.);
#2523=ORIENTED_EDGE('',*,*,#4192,.T.);
#2524=ORIENTED_EDGE('',*,*,#4193,.T.);
#2525=ORIENTED_EDGE('',*,*,#4166,.T.);
#2526=ORIENTED_EDGE('',*,*,#4123,.T.);
#2527=ORIENTED_EDGE('',*,*,#4194,.T.);
#2528=ORIENTED_EDGE('',*,*,#4195,.T.);
#2529=ORIENTED_EDGE('',*,*,#4167,.T.);
#2530=ORIENTED_EDGE('',*,*,#4193,.F.);
#2531=ORIENTED_EDGE('',*,*,#4196,.T.);
#2532=ORIENTED_EDGE('',*,*,#4127,.F.);
#2533=ORIENTED_EDGE('',*,*,#4192,.F.);
#2534=ORIENTED_EDGE('',*,*,#4197,.F.);
#2535=ORIENTED_EDGE('',*,*,#4128,.F.);
#2536=ORIENTED_EDGE('',*,*,#4196,.F.);
#2537=ORIENTED_EDGE('',*,*,#4145,.F.);
#2538=ORIENTED_EDGE('',*,*,#4198,.F.);
#2539=ORIENTED_EDGE('',*,*,#4179,.F.);
#2540=ORIENTED_EDGE('',*,*,#4199,.F.);
#2541=ORIENTED_EDGE('',*,*,#4199,.T.);
#2542=ORIENTED_EDGE('',*,*,#4178,.F.);
#2543=ORIENTED_EDGE('',*,*,#4200,.T.);
#2544=ORIENTED_EDGE('',*,*,#4146,.F.);
#2545=ORIENTED_EDGE('',*,*,#4147,.F.);
#2546=ORIENTED_EDGE('',*,*,#4200,.F.);
#2547=ORIENTED_EDGE('',*,*,#4177,.F.);
#2548=ORIENTED_EDGE('',*,*,#4201,.F.);
#2549=ORIENTED_EDGE('',*,*,#4201,.T.);
#2550=ORIENTED_EDGE('',*,*,#4176,.F.);
#2551=ORIENTED_EDGE('',*,*,#4202,.T.);
#2552=ORIENTED_EDGE('',*,*,#4148,.F.);
#2553=ORIENTED_EDGE('',*,*,#4173,.F.);
#2554=ORIENTED_EDGE('',*,*,#4203,.F.);
#2555=ORIENTED_EDGE('',*,*,#4151,.F.);
#2556=ORIENTED_EDGE('',*,*,#4204,.F.);
#2557=ORIENTED_EDGE('',*,*,#4204,.T.);
#2558=ORIENTED_EDGE('',*,*,#4150,.F.);
#2559=ORIENTED_EDGE('',*,*,#4205,.T.);
#2560=ORIENTED_EDGE('',*,*,#4174,.F.);
#2561=ORIENTED_EDGE('',*,*,#4149,.F.);
#2562=ORIENTED_EDGE('',*,*,#4202,.F.);
#2563=ORIENTED_EDGE('',*,*,#4175,.F.);
#2564=ORIENTED_EDGE('',*,*,#4205,.F.);
#2565=ORIENTED_EDGE('',*,*,#4165,.F.);
#2566=ORIENTED_EDGE('',*,*,#4195,.F.);
#2567=ORIENTED_EDGE('',*,*,#4114,.T.);
#2568=ORIENTED_EDGE('',*,*,#4160,.F.);
#2569=ORIENTED_EDGE('',*,*,#4206,.F.);
#2570=ORIENTED_EDGE('',*,*,#4168,.F.);
#2571=ORIENTED_EDGE('',*,*,#4197,.T.);
#2572=ORIENTED_EDGE('',*,*,#4191,.F.);
#2573=ORIENTED_EDGE('',*,*,#4207,.F.);
#2574=ORIENTED_EDGE('',*,*,#4129,.F.);
#2575=ORIENTED_EDGE('',*,*,#4164,.F.);
#2576=ORIENTED_EDGE('',*,*,#4194,.F.);
#2577=ORIENTED_EDGE('',*,*,#4198,.T.);
#2578=ORIENTED_EDGE('',*,*,#4144,.F.);
#2579=ORIENTED_EDGE('',*,*,#4208,.F.);
#2580=ORIENTED_EDGE('',*,*,#4180,.F.);
#2581=ORIENTED_EDGE('',*,*,#4203,.T.);
#2582=ORIENTED_EDGE('',*,*,#4172,.F.);
#2583=ORIENTED_EDGE('',*,*,#4209,.F.);
#2584=ORIENTED_EDGE('',*,*,#4152,.F.);
#2585=ORIENTED_EDGE('',*,*,#4163,.T.);
#2586=ORIENTED_EDGE('',*,*,#4210,.T.);
#2587=ORIENTED_EDGE('',*,*,#4162,.T.);
#2588=ORIENTED_EDGE('',*,*,#4211,.T.);
#2589=ORIENTED_EDGE('',*,*,#4161,.T.);
#2590=ORIENTED_EDGE('',*,*,#4212,.T.);
#2591=ORIENTED_EDGE('',*,*,#4182,.T.);
#2592=ORIENTED_EDGE('',*,*,#4213,.T.);
#2593=ORIENTED_EDGE('',*,*,#4214,.F.);
#2594=ORIENTED_EDGE('',*,*,#4215,.F.);
#2595=ORIENTED_EDGE('',*,*,#4183,.T.);
#2596=ORIENTED_EDGE('',*,*,#4215,.T.);
#2597=ORIENTED_EDGE('',*,*,#4216,.F.);
#2598=ORIENTED_EDGE('',*,*,#4217,.T.);
#2599=ORIENTED_EDGE('',*,*,#4218,.F.);
#2600=ORIENTED_EDGE('',*,*,#4219,.F.);
#2601=ORIENTED_EDGE('',*,*,#4213,.F.);
#2602=ORIENTED_EDGE('',*,*,#4220,.T.);
#2603=ORIENTED_EDGE('',*,*,#4219,.T.);
#2604=ORIENTED_EDGE('',*,*,#4221,.T.);
#2605=ORIENTED_EDGE('',*,*,#4222,.T.);
#2606=ORIENTED_EDGE('',*,*,#4216,.T.);
#2607=ORIENTED_EDGE('',*,*,#4214,.T.);
#2608=ORIENTED_EDGE('',*,*,#4210,.F.);
#2609=ORIENTED_EDGE('',*,*,#4211,.F.);
#2610=ORIENTED_EDGE('',*,*,#4212,.F.);
#2611=ORIENTED_EDGE('',*,*,#4222,.F.);
#2612=ORIENTED_EDGE('',*,*,#4223,.F.);
#2613=ORIENTED_EDGE('',*,*,#4139,.F.);
#2614=ORIENTED_EDGE('',*,*,#4224,.F.);
#2615=ORIENTED_EDGE('',*,*,#4225,.F.);
#2616=ORIENTED_EDGE('',*,*,#4226,.F.);
#2617=ORIENTED_EDGE('',*,*,#4227,.F.);
#2618=ORIENTED_EDGE('',*,*,#4228,.F.);
#2619=ORIENTED_EDGE('',*,*,#4229,.F.);
#2620=ORIENTED_EDGE('',*,*,#4230,.F.);
#2621=ORIENTED_EDGE('',*,*,#4231,.F.);
#2622=ORIENTED_EDGE('',*,*,#4232,.F.);
#2623=ORIENTED_EDGE('',*,*,#4233,.F.);
#2624=ORIENTED_EDGE('',*,*,#4234,.F.);
#2625=ORIENTED_EDGE('',*,*,#4184,.F.);
#2626=ORIENTED_EDGE('',*,*,#4217,.F.);
#2627=ORIENTED_EDGE('',*,*,#4231,.T.);
#2628=ORIENTED_EDGE('',*,*,#4235,.F.);
#2629=ORIENTED_EDGE('',*,*,#4236,.T.);
#2630=ORIENTED_EDGE('',*,*,#4237,.T.);
#2631=ORIENTED_EDGE('',*,*,#4238,.F.);
#2632=ORIENTED_EDGE('',*,*,#4239,.T.);
#2633=ORIENTED_EDGE('',*,*,#4240,.T.);
#2634=ORIENTED_EDGE('',*,*,#4241,.T.);
#2635=ORIENTED_EDGE('',*,*,#4236,.F.);
#2636=ORIENTED_EDGE('',*,*,#4242,.F.);
#2637=ORIENTED_EDGE('',*,*,#4229,.T.);
#2638=ORIENTED_EDGE('',*,*,#4243,.F.);
#2639=ORIENTED_EDGE('',*,*,#4244,.T.);
#2640=ORIENTED_EDGE('',*,*,#4245,.T.);
#2641=ORIENTED_EDGE('',*,*,#4240,.F.);
#2642=ORIENTED_EDGE('',*,*,#4246,.T.);
#2643=ORIENTED_EDGE('',*,*,#4247,.T.);
#2644=ORIENTED_EDGE('',*,*,#4248,.T.);
#2645=ORIENTED_EDGE('',*,*,#4249,.T.);
#2646=ORIENTED_EDGE('',*,*,#4250,.F.);
#2647=ORIENTED_EDGE('',*,*,#4251,.F.);
#2648=ORIENTED_EDGE('',*,*,#4252,.T.);
#2649=ORIENTED_EDGE('',*,*,#4253,.T.);
#2650=ORIENTED_EDGE('',*,*,#4254,.F.);
#2651=ORIENTED_EDGE('',*,*,#4255,.T.);
#2652=ORIENTED_EDGE('',*,*,#4256,.F.);
#2653=ORIENTED_EDGE('',*,*,#4238,.T.);
#2654=ORIENTED_EDGE('',*,*,#4257,.T.);
#2655=ORIENTED_EDGE('',*,*,#4252,.F.);
#2656=ORIENTED_EDGE('',*,*,#4258,.F.);
#2657=ORIENTED_EDGE('',*,*,#4259,.T.);
#2658=ORIENTED_EDGE('',*,*,#4260,.T.);
#2659=ORIENTED_EDGE('',*,*,#4244,.F.);
#2660=ORIENTED_EDGE('',*,*,#4261,.F.);
#2661=ORIENTED_EDGE('',*,*,#4254,.T.);
#2662=ORIENTED_EDGE('',*,*,#4262,.T.);
#2663=ORIENTED_EDGE('',*,*,#4186,.F.);
#2664=ORIENTED_EDGE('',*,*,#4230,.T.);
#2665=ORIENTED_EDGE('',*,*,#4246,.F.);
#2666=ORIENTED_EDGE('',*,*,#4242,.T.);
#2667=ORIENTED_EDGE('',*,*,#4235,.T.);
#2668=ORIENTED_EDGE('',*,*,#4232,.T.);
#2669=ORIENTED_EDGE('',*,*,#4239,.F.);
#2670=ORIENTED_EDGE('',*,*,#4256,.T.);
#2671=ORIENTED_EDGE('',*,*,#4263,.T.);
#2672=ORIENTED_EDGE('',*,*,#4233,.T.);
#2673=ORIENTED_EDGE('',*,*,#4263,.F.);
#2674=ORIENTED_EDGE('',*,*,#4255,.F.);
#2675=ORIENTED_EDGE('',*,*,#4264,.T.);
#2676=ORIENTED_EDGE('',*,*,#4234,.T.);
#2677=ORIENTED_EDGE('',*,*,#4264,.F.);
#2678=ORIENTED_EDGE('',*,*,#4261,.T.);
#2679=ORIENTED_EDGE('',*,*,#4185,.T.);
#2680=ORIENTED_EDGE('',*,*,#4265,.T.);
#2681=ORIENTED_EDGE('',*,*,#4266,.T.);
#2682=ORIENTED_EDGE('',*,*,#4267,.F.);
#2683=ORIENTED_EDGE('',*,*,#4137,.F.);
#2684=ORIENTED_EDGE('',*,*,#4268,.F.);
#2685=ORIENTED_EDGE('',*,*,#4135,.F.);
#2686=ORIENTED_EDGE('',*,*,#4269,.F.);
#2687=ORIENTED_EDGE('',*,*,#4187,.F.);
#2688=ORIENTED_EDGE('',*,*,#4262,.F.);
#2689=ORIENTED_EDGE('',*,*,#4253,.F.);
#2690=ORIENTED_EDGE('',*,*,#4257,.F.);
#2691=ORIENTED_EDGE('',*,*,#4237,.F.);
#2692=ORIENTED_EDGE('',*,*,#4241,.F.);
#2693=ORIENTED_EDGE('',*,*,#4245,.F.);
#2694=ORIENTED_EDGE('',*,*,#4260,.F.);
#2695=ORIENTED_EDGE('',*,*,#4270,.F.);
#2696=ORIENTED_EDGE('',*,*,#4249,.F.);
#2697=ORIENTED_EDGE('',*,*,#4271,.F.);
#2698=ORIENTED_EDGE('',*,*,#4272,.F.);
#2699=ORIENTED_EDGE('',*,*,#4271,.T.);
#2700=ORIENTED_EDGE('',*,*,#4248,.F.);
#2701=ORIENTED_EDGE('',*,*,#4134,.F.);
#2702=ORIENTED_EDGE('',*,*,#4273,.T.);
#2703=ORIENTED_EDGE('',*,*,#4188,.T.);
#2704=ORIENTED_EDGE('',*,*,#4269,.T.);
#2705=ORIENTED_EDGE('',*,*,#4268,.T.);
#2706=ORIENTED_EDGE('',*,*,#4272,.T.);
#2707=ORIENTED_EDGE('',*,*,#4265,.F.);
#2708=ORIENTED_EDGE('',*,*,#4136,.T.);
#2709=ORIENTED_EDGE('',*,*,#4274,.T.);
#2710=ORIENTED_EDGE('',*,*,#4275,.T.);
#2711=ORIENTED_EDGE('',*,*,#4208,.T.);
#2712=ORIENTED_EDGE('',*,*,#4143,.T.);
#2713=ORIENTED_EDGE('',*,*,#4276,.T.);
#2714=ORIENTED_EDGE('',*,*,#4277,.F.);
#2715=ORIENTED_EDGE('',*,*,#4278,.F.);
#2716=ORIENTED_EDGE('',*,*,#4279,.F.);
#2717=ORIENTED_EDGE('',*,*,#4280,.T.);
#2718=ORIENTED_EDGE('',*,*,#4281,.F.);
#2719=ORIENTED_EDGE('',*,*,#4282,.T.);
#2720=ORIENTED_EDGE('',*,*,#4141,.T.);
#2721=ORIENTED_EDGE('',*,*,#4283,.T.);
#2722=ORIENTED_EDGE('',*,*,#4218,.T.);
#2723=ORIENTED_EDGE('',*,*,#4284,.T.);
#2724=ORIENTED_EDGE('',*,*,#4285,.F.);
#2725=ORIENTED_EDGE('',*,*,#4276,.F.);
#2726=ORIENTED_EDGE('',*,*,#4142,.T.);
#2727=ORIENTED_EDGE('',*,*,#4282,.F.);
#2728=ORIENTED_EDGE('',*,*,#4278,.T.);
#2729=ORIENTED_EDGE('',*,*,#4286,.F.);
#2730=ORIENTED_EDGE('',*,*,#4287,.T.);
#2731=ORIENTED_EDGE('',*,*,#4288,.T.);
#2732=ORIENTED_EDGE('',*,*,#4289,.T.);
#2733=ORIENTED_EDGE('',*,*,#4277,.T.);
#2734=ORIENTED_EDGE('',*,*,#4285,.T.);
#2735=ORIENTED_EDGE('',*,*,#4281,.T.);
#2736=ORIENTED_EDGE('',*,*,#4286,.T.);
#2737=ORIENTED_EDGE('',*,*,#4279,.T.);
#2738=ORIENTED_EDGE('',*,*,#4290,.F.);
#2739=ORIENTED_EDGE('',*,*,#4111,.T.);
#2740=ORIENTED_EDGE('',*,*,#4290,.T.);
#2741=ORIENTED_EDGE('',*,*,#4291,.F.);
#2742=ORIENTED_EDGE('',*,*,#4156,.F.);
#2743=ORIENTED_EDGE('',*,*,#4292,.F.);
#2744=ORIENTED_EDGE('',*,*,#4170,.F.);
#2745=ORIENTED_EDGE('',*,*,#4293,.T.);
#2746=ORIENTED_EDGE('',*,*,#4294,.T.);
#2747=ORIENTED_EDGE('',*,*,#4292,.T.);
#2748=ORIENTED_EDGE('',*,*,#4155,.T.);
#2749=ORIENTED_EDGE('',*,*,#4295,.T.);
#2750=ORIENTED_EDGE('',*,*,#4296,.F.);
#2751=ORIENTED_EDGE('',*,*,#4297,.F.);
#2752=ORIENTED_EDGE('',*,*,#4298,.F.);
#2753=ORIENTED_EDGE('',*,*,#4299,.T.);
#2754=ORIENTED_EDGE('',*,*,#4300,.F.);
#2755=ORIENTED_EDGE('',*,*,#4301,.T.);
#2756=ORIENTED_EDGE('',*,*,#4153,.T.);
#2757=ORIENTED_EDGE('',*,*,#4209,.T.);
#2758=ORIENTED_EDGE('',*,*,#4302,.T.);
#2759=ORIENTED_EDGE('',*,*,#4303,.F.);
#2760=ORIENTED_EDGE('',*,*,#4295,.F.);
#2761=ORIENTED_EDGE('',*,*,#4154,.T.);
#2762=ORIENTED_EDGE('',*,*,#4301,.F.);
#2763=ORIENTED_EDGE('',*,*,#4297,.T.);
#2764=ORIENTED_EDGE('',*,*,#4304,.F.);
#2765=ORIENTED_EDGE('',*,*,#4305,.T.);
#2766=ORIENTED_EDGE('',*,*,#4306,.T.);
#2767=ORIENTED_EDGE('',*,*,#4307,.T.);
#2768=ORIENTED_EDGE('',*,*,#4296,.T.);
#2769=ORIENTED_EDGE('',*,*,#4303,.T.);
#2770=ORIENTED_EDGE('',*,*,#4300,.T.);
#2771=ORIENTED_EDGE('',*,*,#4304,.T.);
#2772=ORIENTED_EDGE('',*,*,#4298,.T.);
#2773=ORIENTED_EDGE('',*,*,#4308,.F.);
#2774=ORIENTED_EDGE('',*,*,#4109,.T.);
#2775=ORIENTED_EDGE('',*,*,#4308,.T.);
#2776=ORIENTED_EDGE('',*,*,#4309,.T.);
#2777=ORIENTED_EDGE('',*,*,#4310,.T.);
#2778=ORIENTED_EDGE('',*,*,#4206,.T.);
#2779=ORIENTED_EDGE('',*,*,#4159,.T.);
#2780=ORIENTED_EDGE('',*,*,#4311,.T.);
#2781=ORIENTED_EDGE('',*,*,#4312,.F.);
#2782=ORIENTED_EDGE('',*,*,#4313,.F.);
#2783=ORIENTED_EDGE('',*,*,#4314,.F.);
#2784=ORIENTED_EDGE('',*,*,#4315,.T.);
#2785=ORIENTED_EDGE('',*,*,#4316,.F.);
#2786=ORIENTED_EDGE('',*,*,#4317,.T.);
#2787=ORIENTED_EDGE('',*,*,#4157,.T.);
#2788=ORIENTED_EDGE('',*,*,#4291,.T.);
#2789=ORIENTED_EDGE('',*,*,#4318,.T.);
#2790=ORIENTED_EDGE('',*,*,#4319,.F.);
#2791=ORIENTED_EDGE('',*,*,#4311,.F.);
#2792=ORIENTED_EDGE('',*,*,#4158,.T.);
#2793=ORIENTED_EDGE('',*,*,#4317,.F.);
#2794=ORIENTED_EDGE('',*,*,#4313,.T.);
#2795=ORIENTED_EDGE('',*,*,#4320,.F.);
#2796=ORIENTED_EDGE('',*,*,#4321,.T.);
#2797=ORIENTED_EDGE('',*,*,#4322,.T.);
#2798=ORIENTED_EDGE('',*,*,#4323,.T.);
#2799=ORIENTED_EDGE('',*,*,#4312,.T.);
#2800=ORIENTED_EDGE('',*,*,#4319,.T.);
#2801=ORIENTED_EDGE('',*,*,#4316,.T.);
#2802=ORIENTED_EDGE('',*,*,#4320,.T.);
#2803=ORIENTED_EDGE('',*,*,#4314,.T.);
#2804=ORIENTED_EDGE('',*,*,#4324,.F.);
#2805=ORIENTED_EDGE('',*,*,#4107,.T.);
#2806=ORIENTED_EDGE('',*,*,#4324,.T.);
#2807=ORIENTED_EDGE('',*,*,#4325,.F.);
#2808=ORIENTED_EDGE('',*,*,#4189,.F.);
#2809=ORIENTED_EDGE('',*,*,#4273,.F.);
#2810=ORIENTED_EDGE('',*,*,#4133,.F.);
#2811=ORIENTED_EDGE('',*,*,#4326,.T.);
#2812=ORIENTED_EDGE('',*,*,#4327,.T.);
#2813=ORIENTED_EDGE('',*,*,#4325,.T.);
#2814=ORIENTED_EDGE('',*,*,#4132,.T.);
#2815=ORIENTED_EDGE('',*,*,#4328,.T.);
#2816=ORIENTED_EDGE('',*,*,#4329,.F.);
#2817=ORIENTED_EDGE('',*,*,#4330,.F.);
#2818=ORIENTED_EDGE('',*,*,#4331,.F.);
#2819=ORIENTED_EDGE('',*,*,#4332,.T.);
#2820=ORIENTED_EDGE('',*,*,#4333,.F.);
#2821=ORIENTED_EDGE('',*,*,#4334,.T.);
#2822=ORIENTED_EDGE('',*,*,#4130,.T.);
#2823=ORIENTED_EDGE('',*,*,#4207,.T.);
#2824=ORIENTED_EDGE('',*,*,#4335,.T.);
#2825=ORIENTED_EDGE('',*,*,#4336,.F.);
#2826=ORIENTED_EDGE('',*,*,#4328,.F.);
#2827=ORIENTED_EDGE('',*,*,#4131,.T.);
#2828=ORIENTED_EDGE('',*,*,#4334,.F.);
#2829=ORIENTED_EDGE('',*,*,#4330,.T.);
#2830=ORIENTED_EDGE('',*,*,#4337,.F.);
#2831=ORIENTED_EDGE('',*,*,#4338,.T.);
#2832=ORIENTED_EDGE('',*,*,#4339,.T.);
#2833=ORIENTED_EDGE('',*,*,#4340,.T.);
#2834=ORIENTED_EDGE('',*,*,#4329,.T.);
#2835=ORIENTED_EDGE('',*,*,#4336,.T.);
#2836=ORIENTED_EDGE('',*,*,#4333,.T.);
#2837=ORIENTED_EDGE('',*,*,#4337,.T.);
#2838=ORIENTED_EDGE('',*,*,#4331,.T.);
#2839=ORIENTED_EDGE('',*,*,#4341,.F.);
#2840=ORIENTED_EDGE('',*,*,#4105,.T.);
#2841=ORIENTED_EDGE('',*,*,#4341,.T.);
#2842=ORIENTED_EDGE('',*,*,#4342,.F.);
#2843=ORIENTED_EDGE('',*,*,#4326,.F.);
#2844=ORIENTED_EDGE('',*,*,#4340,.F.);
#2845=ORIENTED_EDGE('',*,*,#4343,.F.);
#2846=ORIENTED_EDGE('',*,*,#4344,.T.);
#2847=ORIENTED_EDGE('',*,*,#4345,.F.);
#2848=ORIENTED_EDGE('',*,*,#4343,.T.);
#2849=ORIENTED_EDGE('',*,*,#4339,.F.);
#2850=ORIENTED_EDGE('',*,*,#4346,.T.);
#2851=ORIENTED_EDGE('',*,*,#4335,.F.);
#2852=ORIENTED_EDGE('',*,*,#4190,.F.);
#2853=ORIENTED_EDGE('',*,*,#4327,.F.);
#2854=ORIENTED_EDGE('',*,*,#4342,.T.);
#2855=ORIENTED_EDGE('',*,*,#4345,.T.);
#2856=ORIENTED_EDGE('',*,*,#4106,.F.);
#2857=ORIENTED_EDGE('',*,*,#4338,.F.);
#2858=ORIENTED_EDGE('',*,*,#4332,.F.);
#2859=ORIENTED_EDGE('',*,*,#4346,.F.);
#2860=ORIENTED_EDGE('',*,*,#4344,.F.);
#2861=ORIENTED_EDGE('',*,*,#4347,.F.);
#2862=ORIENTED_EDGE('',*,*,#4309,.F.);
#2863=ORIENTED_EDGE('',*,*,#4323,.F.);
#2864=ORIENTED_EDGE('',*,*,#4348,.F.);
#2865=ORIENTED_EDGE('',*,*,#4349,.T.);
#2866=ORIENTED_EDGE('',*,*,#4350,.F.);
#2867=ORIENTED_EDGE('',*,*,#4348,.T.);
#2868=ORIENTED_EDGE('',*,*,#4322,.F.);
#2869=ORIENTED_EDGE('',*,*,#4351,.T.);
#2870=ORIENTED_EDGE('',*,*,#4318,.F.);
#2871=ORIENTED_EDGE('',*,*,#4169,.F.);
#2872=ORIENTED_EDGE('',*,*,#4310,.F.);
#2873=ORIENTED_EDGE('',*,*,#4347,.T.);
#2874=ORIENTED_EDGE('',*,*,#4350,.T.);
#2875=ORIENTED_EDGE('',*,*,#4108,.F.);
#2876=ORIENTED_EDGE('',*,*,#4321,.F.);
#2877=ORIENTED_EDGE('',*,*,#4315,.F.);
#2878=ORIENTED_EDGE('',*,*,#4351,.F.);
#2879=ORIENTED_EDGE('',*,*,#4349,.F.);
#2880=ORIENTED_EDGE('',*,*,#4352,.F.);
#2881=ORIENTED_EDGE('',*,*,#4293,.F.);
#2882=ORIENTED_EDGE('',*,*,#4307,.F.);
#2883=ORIENTED_EDGE('',*,*,#4353,.F.);
#2884=ORIENTED_EDGE('',*,*,#4354,.T.);
#2885=ORIENTED_EDGE('',*,*,#4355,.F.);
#2886=ORIENTED_EDGE('',*,*,#4353,.T.);
#2887=ORIENTED_EDGE('',*,*,#4306,.F.);
#2888=ORIENTED_EDGE('',*,*,#4356,.T.);
#2889=ORIENTED_EDGE('',*,*,#4302,.F.);
#2890=ORIENTED_EDGE('',*,*,#4171,.F.);
#2891=ORIENTED_EDGE('',*,*,#4294,.F.);
#2892=ORIENTED_EDGE('',*,*,#4352,.T.);
#2893=ORIENTED_EDGE('',*,*,#4355,.T.);
#2894=ORIENTED_EDGE('',*,*,#4110,.F.);
#2895=ORIENTED_EDGE('',*,*,#4305,.F.);
#2896=ORIENTED_EDGE('',*,*,#4299,.F.);
#2897=ORIENTED_EDGE('',*,*,#4356,.F.);
#2898=ORIENTED_EDGE('',*,*,#4354,.F.);
#2899=ORIENTED_EDGE('',*,*,#4357,.F.);
#2900=ORIENTED_EDGE('',*,*,#4274,.F.);
#2901=ORIENTED_EDGE('',*,*,#4289,.F.);
#2902=ORIENTED_EDGE('',*,*,#4358,.F.);
#2903=ORIENTED_EDGE('',*,*,#4359,.T.);
#2904=ORIENTED_EDGE('',*,*,#4360,.F.);
#2905=ORIENTED_EDGE('',*,*,#4358,.T.);
#2906=ORIENTED_EDGE('',*,*,#4288,.F.);
#2907=ORIENTED_EDGE('',*,*,#4361,.T.);
#2908=ORIENTED_EDGE('',*,*,#4284,.F.);
#2909=ORIENTED_EDGE('',*,*,#4220,.F.);
#2910=ORIENTED_EDGE('',*,*,#4181,.F.);
#2911=ORIENTED_EDGE('',*,*,#4275,.F.);
#2912=ORIENTED_EDGE('',*,*,#4357,.T.);
#2913=ORIENTED_EDGE('',*,*,#4360,.T.);
#2914=ORIENTED_EDGE('',*,*,#4112,.F.);
#2915=ORIENTED_EDGE('',*,*,#4287,.F.);
#2916=ORIENTED_EDGE('',*,*,#4280,.F.);
#2917=ORIENTED_EDGE('',*,*,#4361,.F.);
#2918=ORIENTED_EDGE('',*,*,#4359,.F.);
#2919=ORIENTED_EDGE('',*,*,#4228,.T.);
#2920=ORIENTED_EDGE('',*,*,#4362,.F.);
#2921=ORIENTED_EDGE('',*,*,#4258,.T.);
#2922=ORIENTED_EDGE('',*,*,#4243,.T.);
#2923=ORIENTED_EDGE('',*,*,#4227,.T.);
#2924=ORIENTED_EDGE('',*,*,#4363,.F.);
#2925=ORIENTED_EDGE('',*,*,#4250,.T.);
#2926=ORIENTED_EDGE('',*,*,#4270,.T.);
#2927=ORIENTED_EDGE('',*,*,#4259,.F.);
#2928=ORIENTED_EDGE('',*,*,#4362,.T.);
#2929=ORIENTED_EDGE('',*,*,#4226,.T.);
#2930=ORIENTED_EDGE('',*,*,#4364,.F.);
#2931=ORIENTED_EDGE('',*,*,#4251,.T.);
#2932=ORIENTED_EDGE('',*,*,#4363,.T.);
#2933=ORIENTED_EDGE('',*,*,#4225,.T.);
#2934=ORIENTED_EDGE('',*,*,#4365,.F.);
#2935=ORIENTED_EDGE('',*,*,#4266,.F.);
#2936=ORIENTED_EDGE('',*,*,#4247,.F.);
#2937=ORIENTED_EDGE('',*,*,#4364,.T.);
#2938=ORIENTED_EDGE('',*,*,#4224,.T.);
#2939=ORIENTED_EDGE('',*,*,#4138,.F.);
#2940=ORIENTED_EDGE('',*,*,#4267,.T.);
#2941=ORIENTED_EDGE('',*,*,#4365,.T.);
#2942=ORIENTED_EDGE('',*,*,#4221,.F.);
#2943=ORIENTED_EDGE('',*,*,#4283,.F.);
#2944=ORIENTED_EDGE('',*,*,#4140,.F.);
#2945=ORIENTED_EDGE('',*,*,#4223,.T.);
#2946=ORIENTED_EDGE('',*,*,#4366,.F.);
#2947=ORIENTED_EDGE('',*,*,#4367,.T.);
#2948=ORIENTED_EDGE('',*,*,#4368,.F.);
#2949=ORIENTED_EDGE('',*,*,#4369,.T.);
#2950=ORIENTED_EDGE('',*,*,#4370,.F.);
#2951=ORIENTED_EDGE('',*,*,#4371,.T.);
#2952=ORIENTED_EDGE('',*,*,#4372,.F.);
#2953=ORIENTED_EDGE('',*,*,#4373,.T.);
#2954=ORIENTED_EDGE('',*,*,#4374,.F.);
#2955=ORIENTED_EDGE('',*,*,#4375,.F.);
#2956=ORIENTED_EDGE('',*,*,#4376,.F.);
#2957=ORIENTED_EDGE('',*,*,#4377,.F.);
#2958=ORIENTED_EDGE('',*,*,#4376,.T.);
#2959=ORIENTED_EDGE('',*,*,#4378,.F.);
#2960=ORIENTED_EDGE('',*,*,#4379,.T.);
#2961=ORIENTED_EDGE('',*,*,#4380,.F.);
#2962=ORIENTED_EDGE('',*,*,#4381,.T.);
#2963=ORIENTED_EDGE('',*,*,#4382,.T.);
#2964=ORIENTED_EDGE('',*,*,#4383,.T.);
#2965=ORIENTED_EDGE('',*,*,#4384,.T.);
#2966=ORIENTED_EDGE('',*,*,#4385,.T.);
#2967=ORIENTED_EDGE('',*,*,#4386,.T.);
#2968=ORIENTED_EDGE('',*,*,#4387,.T.);
#2969=ORIENTED_EDGE('',*,*,#4388,.F.);
#2970=ORIENTED_EDGE('',*,*,#4389,.T.);
#2971=ORIENTED_EDGE('',*,*,#4390,.F.);
#2972=ORIENTED_EDGE('',*,*,#4391,.T.);
#2973=ORIENTED_EDGE('',*,*,#4392,.F.);
#2974=ORIENTED_EDGE('',*,*,#4393,.T.);
#2975=ORIENTED_EDGE('',*,*,#4394,.T.);
#2976=ORIENTED_EDGE('',*,*,#4395,.T.);
#2977=ORIENTED_EDGE('',*,*,#4396,.T.);
#2978=ORIENTED_EDGE('',*,*,#4397,.F.);
#2979=ORIENTED_EDGE('',*,*,#4398,.T.);
#2980=ORIENTED_EDGE('',*,*,#4399,.F.);
#2981=ORIENTED_EDGE('',*,*,#4400,.T.);
#2982=ORIENTED_EDGE('',*,*,#4401,.T.);
#2983=ORIENTED_EDGE('',*,*,#4402,.F.);
#2984=ORIENTED_EDGE('',*,*,#4403,.F.);
#2985=ORIENTED_EDGE('',*,*,#4404,.T.);
#2986=ORIENTED_EDGE('',*,*,#4405,.T.);
#2987=ORIENTED_EDGE('',*,*,#4406,.T.);
#2988=ORIENTED_EDGE('',*,*,#4407,.F.);
#2989=ORIENTED_EDGE('',*,*,#4408,.F.);
#2990=ORIENTED_EDGE('',*,*,#4409,.F.);
#2991=ORIENTED_EDGE('',*,*,#4377,.T.);
#2992=ORIENTED_EDGE('',*,*,#4407,.T.);
#2993=ORIENTED_EDGE('',*,*,#4410,.T.);
#2994=ORIENTED_EDGE('',*,*,#4411,.T.);
#2995=ORIENTED_EDGE('',*,*,#4406,.F.);
#2996=ORIENTED_EDGE('',*,*,#4412,.F.);
#2997=ORIENTED_EDGE('',*,*,#4413,.F.);
#2998=ORIENTED_EDGE('',*,*,#4410,.F.);
#2999=ORIENTED_EDGE('',*,*,#4414,.F.);
#3000=ORIENTED_EDGE('',*,*,#4415,.F.);
#3001=ORIENTED_EDGE('',*,*,#4381,.F.);
#3002=ORIENTED_EDGE('',*,*,#4416,.F.);
#3003=ORIENTED_EDGE('',*,*,#4416,.T.);
#3004=ORIENTED_EDGE('',*,*,#4380,.T.);
#3005=ORIENTED_EDGE('',*,*,#4417,.T.);
#3006=ORIENTED_EDGE('',*,*,#4418,.T.);
#3007=ORIENTED_EDGE('',*,*,#4419,.F.);
#3008=ORIENTED_EDGE('',*,*,#4417,.F.);
#3009=ORIENTED_EDGE('',*,*,#4379,.F.);
#3010=ORIENTED_EDGE('',*,*,#4420,.F.);
#3011=ORIENTED_EDGE('',*,*,#4421,.F.);
#3012=ORIENTED_EDGE('',*,*,#4422,.F.);
#3013=ORIENTED_EDGE('',*,*,#4393,.F.);
#3014=ORIENTED_EDGE('',*,*,#4423,.F.);
#3015=ORIENTED_EDGE('',*,*,#4423,.T.);
#3016=ORIENTED_EDGE('',*,*,#4392,.T.);
#3017=ORIENTED_EDGE('',*,*,#4424,.T.);
#3018=ORIENTED_EDGE('',*,*,#4425,.T.);
#3019=ORIENTED_EDGE('',*,*,#4387,.F.);
#3020=ORIENTED_EDGE('',*,*,#4426,.F.);
#3021=ORIENTED_EDGE('',*,*,#4427,.F.);
#3022=ORIENTED_EDGE('',*,*,#4428,.F.);
#3023=ORIENTED_EDGE('',*,*,#4428,.T.);
#3024=ORIENTED_EDGE('',*,*,#4429,.T.);
#3025=ORIENTED_EDGE('',*,*,#4430,.T.);
#3026=ORIENTED_EDGE('',*,*,#4388,.T.);
#3027=ORIENTED_EDGE('',*,*,#4431,.F.);
#3028=ORIENTED_EDGE('',*,*,#4424,.F.);
#3029=ORIENTED_EDGE('',*,*,#4391,.F.);
#3030=ORIENTED_EDGE('',*,*,#4432,.F.);
#3031=ORIENTED_EDGE('',*,*,#4433,.F.);
#3032=ORIENTED_EDGE('',*,*,#4434,.F.);
#3033=ORIENTED_EDGE('',*,*,#4389,.F.);
#3034=ORIENTED_EDGE('',*,*,#4430,.F.);
#3035=ORIENTED_EDGE('',*,*,#4435,.T.);
#3036=ORIENTED_EDGE('',*,*,#4408,.T.);
#3037=ORIENTED_EDGE('',*,*,#4432,.T.);
#3038=ORIENTED_EDGE('',*,*,#4390,.T.);
#3039=ORIENTED_EDGE('',*,*,#4434,.T.);
#3040=ORIENTED_EDGE('',*,*,#4436,.T.);
#3041=ORIENTED_EDGE('',*,*,#4422,.T.);
#3042=ORIENTED_EDGE('',*,*,#4437,.F.);
#3043=ORIENTED_EDGE('',*,*,#4438,.F.);
#3044=ORIENTED_EDGE('',*,*,#4394,.F.);
#3045=ORIENTED_EDGE('',*,*,#4439,.T.);
#3046=ORIENTED_EDGE('',*,*,#4409,.T.);
#3047=ORIENTED_EDGE('',*,*,#4375,.T.);
#3048=ORIENTED_EDGE('',*,*,#4440,.T.);
#3049=ORIENTED_EDGE('',*,*,#4420,.T.);
#3050=ORIENTED_EDGE('',*,*,#4378,.T.);
#3051=ORIENTED_EDGE('',*,*,#4415,.T.);
#3052=ORIENTED_EDGE('',*,*,#4441,.F.);
#3053=ORIENTED_EDGE('',*,*,#4442,.F.);
#3054=ORIENTED_EDGE('',*,*,#4382,.F.);
#3055=ORIENTED_EDGE('',*,*,#4443,.T.);
#3056=ORIENTED_EDGE('',*,*,#4444,.T.);
#3057=ORIENTED_EDGE('',*,*,#4445,.T.);
#3058=ORIENTED_EDGE('',*,*,#4446,.T.);
#3059=ORIENTED_EDGE('',*,*,#4447,.T.);
#3060=ORIENTED_EDGE('',*,*,#4448,.T.);
#3061=ORIENTED_EDGE('',*,*,#4402,.T.);
#3062=ORIENTED_EDGE('',*,*,#4449,.T.);
#3063=ORIENTED_EDGE('',*,*,#4450,.F.);
#3064=ORIENTED_EDGE('',*,*,#4451,.F.);
#3065=ORIENTED_EDGE('',*,*,#4403,.T.);
#3066=ORIENTED_EDGE('',*,*,#4451,.T.);
#3067=ORIENTED_EDGE('',*,*,#4452,.F.);
#3068=ORIENTED_EDGE('',*,*,#4453,.F.);
#3069=ORIENTED_EDGE('',*,*,#4454,.F.);
#3070=ORIENTED_EDGE('',*,*,#4455,.T.);
#3071=ORIENTED_EDGE('',*,*,#4453,.T.);
#3072=ORIENTED_EDGE('',*,*,#4456,.F.);
#3073=ORIENTED_EDGE('',*,*,#4457,.T.);
#3074=ORIENTED_EDGE('',*,*,#4458,.T.);
#3075=ORIENTED_EDGE('',*,*,#4456,.T.);
#3076=ORIENTED_EDGE('',*,*,#4452,.T.);
#3077=ORIENTED_EDGE('',*,*,#4450,.T.);
#3078=ORIENTED_EDGE('',*,*,#4443,.F.);
#3079=ORIENTED_EDGE('',*,*,#4445,.F.);
#3080=ORIENTED_EDGE('',*,*,#4447,.F.);
#3081=ORIENTED_EDGE('',*,*,#4449,.F.);
#3082=ORIENTED_EDGE('',*,*,#4401,.F.);
#3083=ORIENTED_EDGE('',*,*,#4459,.F.);
#3084=ORIENTED_EDGE('',*,*,#4460,.F.);
#3085=ORIENTED_EDGE('',*,*,#4461,.F.);
#3086=ORIENTED_EDGE('',*,*,#4462,.F.);
#3087=ORIENTED_EDGE('',*,*,#4463,.F.);
#3088=ORIENTED_EDGE('',*,*,#4464,.F.);
#3089=ORIENTED_EDGE('',*,*,#4465,.F.);
#3090=ORIENTED_EDGE('',*,*,#4466,.F.);
#3091=ORIENTED_EDGE('',*,*,#4467,.F.);
#3092=ORIENTED_EDGE('',*,*,#4457,.F.);
#3093=ORIENTED_EDGE('',*,*,#4458,.F.);
#3094=ORIENTED_EDGE('',*,*,#4467,.T.);
#3095=ORIENTED_EDGE('',*,*,#4468,.F.);
#3096=ORIENTED_EDGE('',*,*,#4469,.F.);
#3097=ORIENTED_EDGE('',*,*,#4470,.T.);
#3098=ORIENTED_EDGE('',*,*,#4471,.T.);
#3099=ORIENTED_EDGE('',*,*,#4472,.F.);
#3100=ORIENTED_EDGE('',*,*,#4473,.F.);
#3101=ORIENTED_EDGE('',*,*,#4462,.T.);
#3102=ORIENTED_EDGE('',*,*,#4474,.F.);
#3103=ORIENTED_EDGE('',*,*,#4475,.T.);
#3104=ORIENTED_EDGE('',*,*,#4476,.T.);
#3105=ORIENTED_EDGE('',*,*,#4470,.F.);
#3106=ORIENTED_EDGE('',*,*,#4477,.T.);
#3107=ORIENTED_EDGE('',*,*,#4478,.F.);
#3108=ORIENTED_EDGE('',*,*,#4479,.F.);
#3109=ORIENTED_EDGE('',*,*,#4480,.F.);
#3110=ORIENTED_EDGE('',*,*,#4396,.F.);
#3111=ORIENTED_EDGE('',*,*,#4463,.T.);
#3112=ORIENTED_EDGE('',*,*,#4477,.F.);
#3113=ORIENTED_EDGE('',*,*,#4473,.T.);
#3114=ORIENTED_EDGE('',*,*,#4481,.T.);
#3115=ORIENTED_EDGE('',*,*,#4482,.T.);
#3116=ORIENTED_EDGE('',*,*,#4483,.T.);
#3117=ORIENTED_EDGE('',*,*,#4484,.T.);
#3118=ORIENTED_EDGE('',*,*,#4475,.F.);
#3119=ORIENTED_EDGE('',*,*,#4485,.T.);
#3120=ORIENTED_EDGE('',*,*,#4486,.T.);
#3121=ORIENTED_EDGE('',*,*,#4483,.F.);
#3122=ORIENTED_EDGE('',*,*,#4487,.T.);
#3123=ORIENTED_EDGE('',*,*,#4488,.T.);
#3124=ORIENTED_EDGE('',*,*,#4399,.T.);
#3125=ORIENTED_EDGE('',*,*,#4489,.T.);
#3126=ORIENTED_EDGE('',*,*,#4485,.F.);
#3127=ORIENTED_EDGE('',*,*,#4490,.T.);
#3128=ORIENTED_EDGE('',*,*,#4491,.T.);
#3129=ORIENTED_EDGE('',*,*,#4492,.F.);
#3130=ORIENTED_EDGE('',*,*,#4493,.T.);
#3131=ORIENTED_EDGE('',*,*,#4465,.T.);
#3132=ORIENTED_EDGE('',*,*,#4494,.T.);
#3133=ORIENTED_EDGE('',*,*,#4492,.T.);
#3134=ORIENTED_EDGE('',*,*,#4495,.T.);
#3135=ORIENTED_EDGE('',*,*,#4496,.F.);
#3136=ORIENTED_EDGE('',*,*,#4497,.F.);
#3137=ORIENTED_EDGE('',*,*,#4498,.F.);
#3138=ORIENTED_EDGE('',*,*,#4471,.F.);
#3139=ORIENTED_EDGE('',*,*,#4476,.F.);
#3140=ORIENTED_EDGE('',*,*,#4484,.F.);
#3141=ORIENTED_EDGE('',*,*,#4486,.F.);
#3142=ORIENTED_EDGE('',*,*,#4489,.F.);
#3143=ORIENTED_EDGE('',*,*,#4398,.F.);
#3144=ORIENTED_EDGE('',*,*,#4499,.F.);
#3145=ORIENTED_EDGE('',*,*,#4464,.T.);
#3146=ORIENTED_EDGE('',*,*,#4481,.F.);
#3147=ORIENTED_EDGE('',*,*,#4472,.T.);
#3148=ORIENTED_EDGE('',*,*,#4498,.T.);
#3149=ORIENTED_EDGE('',*,*,#4500,.F.);
#3150=ORIENTED_EDGE('',*,*,#4493,.F.);
#3151=ORIENTED_EDGE('',*,*,#4494,.F.);
#3152=ORIENTED_EDGE('',*,*,#4501,.F.);
#3153=ORIENTED_EDGE('',*,*,#4499,.T.);
#3154=ORIENTED_EDGE('',*,*,#4397,.T.);
#3155=ORIENTED_EDGE('',*,*,#4480,.T.);
#3156=ORIENTED_EDGE('',*,*,#4497,.T.);
#3157=ORIENTED_EDGE('',*,*,#4502,.F.);
#3158=ORIENTED_EDGE('',*,*,#4490,.F.);
#3159=ORIENTED_EDGE('',*,*,#4500,.T.);
#3160=ORIENTED_EDGE('',*,*,#4503,.F.);
#3161=ORIENTED_EDGE('',*,*,#4504,.F.);
#3162=ORIENTED_EDGE('',*,*,#4505,.F.);
#3163=ORIENTED_EDGE('',*,*,#4384,.F.);
#3164=ORIENTED_EDGE('',*,*,#4506,.T.);
#3165=ORIENTED_EDGE('',*,*,#4507,.T.);
#3166=ORIENTED_EDGE('',*,*,#4438,.T.);
#3167=ORIENTED_EDGE('',*,*,#4508,.T.);
#3168=ORIENTED_EDGE('',*,*,#4509,.T.);
#3169=ORIENTED_EDGE('',*,*,#4510,.F.);
#3170=ORIENTED_EDGE('',*,*,#4511,.F.);
#3171=ORIENTED_EDGE('',*,*,#4512,.F.);
#3172=ORIENTED_EDGE('',*,*,#4513,.T.);
#3173=ORIENTED_EDGE('',*,*,#4514,.F.);
#3174=ORIENTED_EDGE('',*,*,#4515,.T.);
#3175=ORIENTED_EDGE('',*,*,#4516,.T.);
#3176=ORIENTED_EDGE('',*,*,#4478,.T.);
#3177=ORIENTED_EDGE('',*,*,#4517,.T.);
#3178=ORIENTED_EDGE('',*,*,#4518,.F.);
#3179=ORIENTED_EDGE('',*,*,#4509,.F.);
#3180=ORIENTED_EDGE('',*,*,#4519,.T.);
#3181=ORIENTED_EDGE('',*,*,#4515,.F.);
#3182=ORIENTED_EDGE('',*,*,#4511,.T.);
#3183=ORIENTED_EDGE('',*,*,#4520,.F.);
#3184=ORIENTED_EDGE('',*,*,#4521,.T.);
#3185=ORIENTED_EDGE('',*,*,#4522,.T.);
#3186=ORIENTED_EDGE('',*,*,#4523,.T.);
#3187=ORIENTED_EDGE('',*,*,#4510,.T.);
#3188=ORIENTED_EDGE('',*,*,#4518,.T.);
#3189=ORIENTED_EDGE('',*,*,#4514,.T.);
#3190=ORIENTED_EDGE('',*,*,#4520,.T.);
#3191=ORIENTED_EDGE('',*,*,#4524,.F.);
#3192=ORIENTED_EDGE('',*,*,#4512,.T.);
#3193=ORIENTED_EDGE('',*,*,#4372,.T.);
#3194=ORIENTED_EDGE('',*,*,#4524,.T.);
#3195=ORIENTED_EDGE('',*,*,#4426,.T.);
#3196=ORIENTED_EDGE('',*,*,#4386,.F.);
#3197=ORIENTED_EDGE('',*,*,#4525,.F.);
#3198=ORIENTED_EDGE('',*,*,#4526,.F.);
#3199=ORIENTED_EDGE('',*,*,#4527,.T.);
#3200=ORIENTED_EDGE('',*,*,#4528,.T.);
#3201=ORIENTED_EDGE('',*,*,#4505,.T.);
#3202=ORIENTED_EDGE('',*,*,#4529,.T.);
#3203=ORIENTED_EDGE('',*,*,#4530,.T.);
#3204=ORIENTED_EDGE('',*,*,#4531,.F.);
#3205=ORIENTED_EDGE('',*,*,#4532,.F.);
#3206=ORIENTED_EDGE('',*,*,#4533,.F.);
#3207=ORIENTED_EDGE('',*,*,#4534,.T.);
#3208=ORIENTED_EDGE('',*,*,#4535,.F.);
#3209=ORIENTED_EDGE('',*,*,#4536,.T.);
#3210=ORIENTED_EDGE('',*,*,#4537,.F.);
#3211=ORIENTED_EDGE('',*,*,#4385,.F.);
#3212=ORIENTED_EDGE('',*,*,#4528,.F.);
#3213=ORIENTED_EDGE('',*,*,#4371,.F.);
#3214=ORIENTED_EDGE('',*,*,#4538,.T.);
#3215=ORIENTED_EDGE('',*,*,#4539,.F.);
#3216=ORIENTED_EDGE('',*,*,#4540,.T.);
#3217=ORIENTED_EDGE('',*,*,#4541,.T.);
#3218=ORIENTED_EDGE('',*,*,#4525,.T.);
#3219=ORIENTED_EDGE('',*,*,#4537,.T.);
#3220=ORIENTED_EDGE('',*,*,#4542,.F.);
#3221=ORIENTED_EDGE('',*,*,#4530,.F.);
#3222=ORIENTED_EDGE('',*,*,#4543,.T.);
#3223=ORIENTED_EDGE('',*,*,#4540,.F.);
#3224=ORIENTED_EDGE('',*,*,#4532,.T.);
#3225=ORIENTED_EDGE('',*,*,#4544,.F.);
#3226=ORIENTED_EDGE('',*,*,#4545,.F.);
#3227=ORIENTED_EDGE('',*,*,#4533,.T.);
#3228=ORIENTED_EDGE('',*,*,#4370,.T.);
#3229=ORIENTED_EDGE('',*,*,#4545,.T.);
#3230=ORIENTED_EDGE('',*,*,#4546,.T.);
#3231=ORIENTED_EDGE('',*,*,#4547,.T.);
#3232=ORIENTED_EDGE('',*,*,#4442,.T.);
#3233=ORIENTED_EDGE('',*,*,#4548,.T.);
#3234=ORIENTED_EDGE('',*,*,#4549,.T.);
#3235=ORIENTED_EDGE('',*,*,#4550,.F.);
#3236=ORIENTED_EDGE('',*,*,#4551,.F.);
#3237=ORIENTED_EDGE('',*,*,#4552,.F.);
#3238=ORIENTED_EDGE('',*,*,#4553,.T.);
#3239=ORIENTED_EDGE('',*,*,#4554,.F.);
#3240=ORIENTED_EDGE('',*,*,#4555,.T.);
#3241=ORIENTED_EDGE('',*,*,#4556,.F.);
#3242=ORIENTED_EDGE('',*,*,#4383,.F.);
#3243=ORIENTED_EDGE('',*,*,#4547,.F.);
#3244=ORIENTED_EDGE('',*,*,#4369,.F.);
#3245=ORIENTED_EDGE('',*,*,#4557,.T.);
#3246=ORIENTED_EDGE('',*,*,#4558,.F.);
#3247=ORIENTED_EDGE('',*,*,#4559,.T.);
#3248=ORIENTED_EDGE('',*,*,#4560,.T.);
#3249=ORIENTED_EDGE('',*,*,#4503,.T.);
#3250=ORIENTED_EDGE('',*,*,#4556,.T.);
#3251=ORIENTED_EDGE('',*,*,#4561,.F.);
#3252=ORIENTED_EDGE('',*,*,#4549,.F.);
#3253=ORIENTED_EDGE('',*,*,#4562,.T.);
#3254=ORIENTED_EDGE('',*,*,#4559,.F.);
#3255=ORIENTED_EDGE('',*,*,#4551,.T.);
#3256=ORIENTED_EDGE('',*,*,#4563,.F.);
#3257=ORIENTED_EDGE('',*,*,#4564,.F.);
#3258=ORIENTED_EDGE('',*,*,#4552,.T.);
#3259=ORIENTED_EDGE('',*,*,#4368,.T.);
#3260=ORIENTED_EDGE('',*,*,#4564,.T.);
#3261=ORIENTED_EDGE('',*,*,#4412,.T.);
#3262=ORIENTED_EDGE('',*,*,#4405,.F.);
#3263=ORIENTED_EDGE('',*,*,#4565,.F.);
#3264=ORIENTED_EDGE('',*,*,#4566,.F.);
#3265=ORIENTED_EDGE('',*,*,#4567,.T.);
#3266=ORIENTED_EDGE('',*,*,#4568,.T.);
#3267=ORIENTED_EDGE('',*,*,#4454,.T.);
#3268=ORIENTED_EDGE('',*,*,#4469,.T.);
#3269=ORIENTED_EDGE('',*,*,#4569,.T.);
#3270=ORIENTED_EDGE('',*,*,#4570,.T.);
#3271=ORIENTED_EDGE('',*,*,#4571,.F.);
#3272=ORIENTED_EDGE('',*,*,#4572,.F.);
#3273=ORIENTED_EDGE('',*,*,#4573,.F.);
#3274=ORIENTED_EDGE('',*,*,#4574,.T.);
#3275=ORIENTED_EDGE('',*,*,#4575,.F.);
#3276=ORIENTED_EDGE('',*,*,#4576,.T.);
#3277=ORIENTED_EDGE('',*,*,#4577,.T.);
#3278=ORIENTED_EDGE('',*,*,#4565,.T.);
#3279=ORIENTED_EDGE('',*,*,#4578,.T.);
#3280=ORIENTED_EDGE('',*,*,#4579,.F.);
#3281=ORIENTED_EDGE('',*,*,#4570,.F.);
#3282=ORIENTED_EDGE('',*,*,#4580,.T.);
#3283=ORIENTED_EDGE('',*,*,#4576,.F.);
#3284=ORIENTED_EDGE('',*,*,#4572,.T.);
#3285=ORIENTED_EDGE('',*,*,#4581,.F.);
#3286=ORIENTED_EDGE('',*,*,#4582,.T.);
#3287=ORIENTED_EDGE('',*,*,#4583,.T.);
#3288=ORIENTED_EDGE('',*,*,#4584,.T.);
#3289=ORIENTED_EDGE('',*,*,#4571,.T.);
#3290=ORIENTED_EDGE('',*,*,#4579,.T.);
#3291=ORIENTED_EDGE('',*,*,#4575,.T.);
#3292=ORIENTED_EDGE('',*,*,#4581,.T.);
#3293=ORIENTED_EDGE('',*,*,#4585,.F.);
#3294=ORIENTED_EDGE('',*,*,#4573,.T.);
#3295=ORIENTED_EDGE('',*,*,#4366,.T.);
#3296=ORIENTED_EDGE('',*,*,#4585,.T.);
#3297=ORIENTED_EDGE('',*,*,#4374,.T.);
#3298=ORIENTED_EDGE('',*,*,#4411,.F.);
#3299=ORIENTED_EDGE('',*,*,#4413,.T.);
#3300=ORIENTED_EDGE('',*,*,#4566,.T.);
#3301=ORIENTED_EDGE('',*,*,#4577,.F.);
#3302=ORIENTED_EDGE('',*,*,#4580,.F.);
#3303=ORIENTED_EDGE('',*,*,#4569,.F.);
#3304=ORIENTED_EDGE('',*,*,#4468,.T.);
#3305=ORIENTED_EDGE('',*,*,#4466,.T.);
#3306=ORIENTED_EDGE('',*,*,#4495,.F.);
#3307=ORIENTED_EDGE('',*,*,#4491,.F.);
#3308=ORIENTED_EDGE('',*,*,#4502,.T.);
#3309=ORIENTED_EDGE('',*,*,#4496,.T.);
#3310=ORIENTED_EDGE('',*,*,#4501,.T.);
#3311=ORIENTED_EDGE('',*,*,#4479,.T.);
#3312=ORIENTED_EDGE('',*,*,#4516,.F.);
#3313=ORIENTED_EDGE('',*,*,#4519,.F.);
#3314=ORIENTED_EDGE('',*,*,#4508,.F.);
#3315=ORIENTED_EDGE('',*,*,#4437,.T.);
#3316=ORIENTED_EDGE('',*,*,#4421,.T.);
#3317=ORIENTED_EDGE('',*,*,#4425,.F.);
#3318=ORIENTED_EDGE('',*,*,#4431,.T.);
#3319=ORIENTED_EDGE('',*,*,#4436,.F.);
#3320=ORIENTED_EDGE('',*,*,#4433,.T.);
#3321=ORIENTED_EDGE('',*,*,#4429,.F.);
#3322=ORIENTED_EDGE('',*,*,#4427,.T.);
#3323=ORIENTED_EDGE('',*,*,#4526,.T.);
#3324=ORIENTED_EDGE('',*,*,#4541,.F.);
#3325=ORIENTED_EDGE('',*,*,#4543,.F.);
#3326=ORIENTED_EDGE('',*,*,#4529,.F.);
#3327=ORIENTED_EDGE('',*,*,#4504,.T.);
#3328=ORIENTED_EDGE('',*,*,#4560,.F.);
#3329=ORIENTED_EDGE('',*,*,#4562,.F.);
#3330=ORIENTED_EDGE('',*,*,#4548,.F.);
#3331=ORIENTED_EDGE('',*,*,#4441,.T.);
#3332=ORIENTED_EDGE('',*,*,#4414,.T.);
#3333=ORIENTED_EDGE('',*,*,#4418,.F.);
#3334=ORIENTED_EDGE('',*,*,#4419,.T.);
#3335=ORIENTED_EDGE('',*,*,#4440,.F.);
#3336=ORIENTED_EDGE('',*,*,#4435,.F.);
#3337=ORIENTED_EDGE('',*,*,#4439,.F.);
#3338=ORIENTED_EDGE('',*,*,#4444,.F.);
#3339=ORIENTED_EDGE('',*,*,#4446,.F.);
#3340=ORIENTED_EDGE('',*,*,#4448,.F.);
#3341=ORIENTED_EDGE('',*,*,#4586,.F.);
#3342=ORIENTED_EDGE('',*,*,#4506,.F.);
#3343=ORIENTED_EDGE('',*,*,#4523,.F.);
#3344=ORIENTED_EDGE('',*,*,#4587,.F.);
#3345=ORIENTED_EDGE('',*,*,#4588,.T.);
#3346=ORIENTED_EDGE('',*,*,#4589,.T.);
#3347=ORIENTED_EDGE('',*,*,#4587,.T.);
#3348=ORIENTED_EDGE('',*,*,#4522,.F.);
#3349=ORIENTED_EDGE('',*,*,#4590,.T.);
#3350=ORIENTED_EDGE('',*,*,#4517,.F.);
#3351=ORIENTED_EDGE('',*,*,#4395,.F.);
#3352=ORIENTED_EDGE('',*,*,#4507,.F.);
#3353=ORIENTED_EDGE('',*,*,#4586,.T.);
#3354=ORIENTED_EDGE('',*,*,#4589,.F.);
#3355=ORIENTED_EDGE('',*,*,#4373,.F.);
#3356=ORIENTED_EDGE('',*,*,#4521,.F.);
#3357=ORIENTED_EDGE('',*,*,#4513,.F.);
#3358=ORIENTED_EDGE('',*,*,#4590,.F.);
#3359=ORIENTED_EDGE('',*,*,#4588,.F.);
#3360=ORIENTED_EDGE('',*,*,#4591,.F.);
#3361=ORIENTED_EDGE('',*,*,#4538,.F.);
#3362=ORIENTED_EDGE('',*,*,#4536,.F.);
#3363=ORIENTED_EDGE('',*,*,#4592,.F.);
#3364=ORIENTED_EDGE('',*,*,#4593,.T.);
#3365=ORIENTED_EDGE('',*,*,#4594,.F.);
#3366=ORIENTED_EDGE('',*,*,#4592,.T.);
#3367=ORIENTED_EDGE('',*,*,#4535,.T.);
#3368=ORIENTED_EDGE('',*,*,#4595,.T.);
#3369=ORIENTED_EDGE('',*,*,#4531,.T.);
#3370=ORIENTED_EDGE('',*,*,#4542,.T.);
#3371=ORIENTED_EDGE('',*,*,#4539,.T.);
#3372=ORIENTED_EDGE('',*,*,#4591,.T.);
#3373=ORIENTED_EDGE('',*,*,#4594,.T.);
#3374=ORIENTED_EDGE('',*,*,#4544,.T.);
#3375=ORIENTED_EDGE('',*,*,#4534,.F.);
#3376=ORIENTED_EDGE('',*,*,#4527,.F.);
#3377=ORIENTED_EDGE('',*,*,#4595,.F.);
#3378=ORIENTED_EDGE('',*,*,#4593,.F.);
#3379=ORIENTED_EDGE('',*,*,#4596,.F.);
#3380=ORIENTED_EDGE('',*,*,#4557,.F.);
#3381=ORIENTED_EDGE('',*,*,#4555,.F.);
#3382=ORIENTED_EDGE('',*,*,#4597,.F.);
#3383=ORIENTED_EDGE('',*,*,#4598,.T.);
#3384=ORIENTED_EDGE('',*,*,#4599,.F.);
#3385=ORIENTED_EDGE('',*,*,#4597,.T.);
#3386=ORIENTED_EDGE('',*,*,#4554,.T.);
#3387=ORIENTED_EDGE('',*,*,#4600,.T.);
#3388=ORIENTED_EDGE('',*,*,#4550,.T.);
#3389=ORIENTED_EDGE('',*,*,#4561,.T.);
#3390=ORIENTED_EDGE('',*,*,#4558,.T.);
#3391=ORIENTED_EDGE('',*,*,#4596,.T.);
#3392=ORIENTED_EDGE('',*,*,#4599,.T.);
#3393=ORIENTED_EDGE('',*,*,#4563,.T.);
#3394=ORIENTED_EDGE('',*,*,#4553,.F.);
#3395=ORIENTED_EDGE('',*,*,#4546,.F.);
#3396=ORIENTED_EDGE('',*,*,#4600,.F.);
#3397=ORIENTED_EDGE('',*,*,#4598,.F.);
#3398=ORIENTED_EDGE('',*,*,#4601,.F.);
#3399=ORIENTED_EDGE('',*,*,#4567,.F.);
#3400=ORIENTED_EDGE('',*,*,#4584,.F.);
#3401=ORIENTED_EDGE('',*,*,#4602,.F.);
#3402=ORIENTED_EDGE('',*,*,#4603,.T.);
#3403=ORIENTED_EDGE('',*,*,#4604,.T.);
#3404=ORIENTED_EDGE('',*,*,#4602,.T.);
#3405=ORIENTED_EDGE('',*,*,#4583,.F.);
#3406=ORIENTED_EDGE('',*,*,#4605,.T.);
#3407=ORIENTED_EDGE('',*,*,#4578,.F.);
#3408=ORIENTED_EDGE('',*,*,#4404,.F.);
#3409=ORIENTED_EDGE('',*,*,#4455,.F.);
#3410=ORIENTED_EDGE('',*,*,#4568,.F.);
#3411=ORIENTED_EDGE('',*,*,#4601,.T.);
#3412=ORIENTED_EDGE('',*,*,#4604,.F.);
#3413=ORIENTED_EDGE('',*,*,#4367,.F.);
#3414=ORIENTED_EDGE('',*,*,#4582,.F.);
#3415=ORIENTED_EDGE('',*,*,#4574,.F.);
#3416=ORIENTED_EDGE('',*,*,#4605,.F.);
#3417=ORIENTED_EDGE('',*,*,#4603,.F.);
#3418=ORIENTED_EDGE('',*,*,#4461,.T.);
#3419=ORIENTED_EDGE('',*,*,#4606,.F.);
#3420=ORIENTED_EDGE('',*,*,#4482,.F.);
#3421=ORIENTED_EDGE('',*,*,#4474,.T.);
#3422=ORIENTED_EDGE('',*,*,#4460,.T.);
#3423=ORIENTED_EDGE('',*,*,#4607,.F.);
#3424=ORIENTED_EDGE('',*,*,#4487,.F.);
#3425=ORIENTED_EDGE('',*,*,#4606,.T.);
#3426=ORIENTED_EDGE('',*,*,#4459,.T.);
#3427=ORIENTED_EDGE('',*,*,#4400,.F.);
#3428=ORIENTED_EDGE('',*,*,#4488,.F.);
#3429=ORIENTED_EDGE('',*,*,#4607,.T.);
#3430=ORIENTED_EDGE('',*,*,#4608,.T.);
#3431=ORIENTED_EDGE('',*,*,#4609,.F.);
#3432=ORIENTED_EDGE('',*,*,#4610,.T.);
#3433=ORIENTED_EDGE('',*,*,#4611,.F.);
#3434=ORIENTED_EDGE('',*,*,#4611,.T.);
#3435=ORIENTED_EDGE('',*,*,#4609,.T.);
#3436=ORIENTED_EDGE('',*,*,#4612,.F.);
#3437=ORIENTED_EDGE('',*,*,#4610,.F.);
#3438=ORIENTED_EDGE('',*,*,#4613,.T.);
#3439=ORIENTED_EDGE('',*,*,#4614,.F.);
#3440=ORIENTED_EDGE('',*,*,#4615,.T.);
#3441=ORIENTED_EDGE('',*,*,#4616,.F.);
#3442=ORIENTED_EDGE('',*,*,#4616,.T.);
#3443=ORIENTED_EDGE('',*,*,#4614,.T.);
#3444=ORIENTED_EDGE('',*,*,#4617,.T.);
#3445=ORIENTED_EDGE('',*,*,#4618,.T.);
#3446=ORIENTED_EDGE('',*,*,#4619,.T.);
#3447=ORIENTED_EDGE('',*,*,#4615,.F.);
#3448=ORIENTED_EDGE('',*,*,#4620,.F.);
#3449=ORIENTED_EDGE('',*,*,#4621,.F.);
#3450=ORIENTED_EDGE('',*,*,#4612,.T.);
#3451=ORIENTED_EDGE('',*,*,#4620,.T.);
#3452=ORIENTED_EDGE('',*,*,#4622,.F.);
#3453=ORIENTED_EDGE('',*,*,#4623,.F.);
#3454=ORIENTED_EDGE('',*,*,#4623,.T.);
#3455=ORIENTED_EDGE('',*,*,#4619,.F.);
#3456=ORIENTED_EDGE('',*,*,#4608,.F.);
#3457=ORIENTED_EDGE('',*,*,#4618,.F.);
#3458=ORIENTED_EDGE('',*,*,#4613,.F.);
#3459=ORIENTED_EDGE('',*,*,#4617,.F.);
#3460=ORIENTED_EDGE('',*,*,#4622,.T.);
#3461=ORIENTED_EDGE('',*,*,#4621,.T.);
#3462=ORIENTED_EDGE('',*,*,#4624,.T.);
#3463=ORIENTED_EDGE('',*,*,#4625,.F.);
#3464=ORIENTED_EDGE('',*,*,#4626,.T.);
#3465=ORIENTED_EDGE('',*,*,#4627,.F.);
#3466=ORIENTED_EDGE('',*,*,#4627,.T.);
#3467=ORIENTED_EDGE('',*,*,#4625,.T.);
#3468=ORIENTED_EDGE('',*,*,#4628,.F.);
#3469=ORIENTED_EDGE('',*,*,#4626,.F.);
#3470=ORIENTED_EDGE('',*,*,#4629,.T.);
#3471=ORIENTED_EDGE('',*,*,#4630,.F.);
#3472=ORIENTED_EDGE('',*,*,#4631,.T.);
#3473=ORIENTED_EDGE('',*,*,#4632,.F.);
#3474=ORIENTED_EDGE('',*,*,#4632,.T.);
#3475=ORIENTED_EDGE('',*,*,#4630,.T.);
#3476=ORIENTED_EDGE('',*,*,#4633,.T.);
#3477=ORIENTED_EDGE('',*,*,#4634,.T.);
#3478=ORIENTED_EDGE('',*,*,#4635,.T.);
#3479=ORIENTED_EDGE('',*,*,#4631,.F.);
#3480=ORIENTED_EDGE('',*,*,#4636,.F.);
#3481=ORIENTED_EDGE('',*,*,#4637,.F.);
#3482=ORIENTED_EDGE('',*,*,#4628,.T.);
#3483=ORIENTED_EDGE('',*,*,#4636,.T.);
#3484=ORIENTED_EDGE('',*,*,#4638,.F.);
#3485=ORIENTED_EDGE('',*,*,#4639,.F.);
#3486=ORIENTED_EDGE('',*,*,#4639,.T.);
#3487=ORIENTED_EDGE('',*,*,#4635,.F.);
#3488=ORIENTED_EDGE('',*,*,#4624,.F.);
#3489=ORIENTED_EDGE('',*,*,#4634,.F.);
#3490=ORIENTED_EDGE('',*,*,#4629,.F.);
#3491=ORIENTED_EDGE('',*,*,#4633,.F.);
#3492=ORIENTED_EDGE('',*,*,#4638,.T.);
#3493=ORIENTED_EDGE('',*,*,#4637,.T.);
#3494=ORIENTED_EDGE('',*,*,#4640,.T.);
#3495=ORIENTED_EDGE('',*,*,#4641,.F.);
#3496=ORIENTED_EDGE('',*,*,#4642,.T.);
#3497=ORIENTED_EDGE('',*,*,#4643,.F.);
#3498=ORIENTED_EDGE('',*,*,#4643,.T.);
#3499=ORIENTED_EDGE('',*,*,#4641,.T.);
#3500=ORIENTED_EDGE('',*,*,#4644,.F.);
#3501=ORIENTED_EDGE('',*,*,#4642,.F.);
#3502=ORIENTED_EDGE('',*,*,#4645,.T.);
#3503=ORIENTED_EDGE('',*,*,#4646,.F.);
#3504=ORIENTED_EDGE('',*,*,#4647,.T.);
#3505=ORIENTED_EDGE('',*,*,#4648,.F.);
#3506=ORIENTED_EDGE('',*,*,#4648,.T.);
#3507=ORIENTED_EDGE('',*,*,#4646,.T.);
#3508=ORIENTED_EDGE('',*,*,#4649,.T.);
#3509=ORIENTED_EDGE('',*,*,#4650,.T.);
#3510=ORIENTED_EDGE('',*,*,#4651,.T.);
#3511=ORIENTED_EDGE('',*,*,#4647,.F.);
#3512=ORIENTED_EDGE('',*,*,#4652,.F.);
#3513=ORIENTED_EDGE('',*,*,#4653,.F.);
#3514=ORIENTED_EDGE('',*,*,#4644,.T.);
#3515=ORIENTED_EDGE('',*,*,#4652,.T.);
#3516=ORIENTED_EDGE('',*,*,#4654,.F.);
#3517=ORIENTED_EDGE('',*,*,#4655,.F.);
#3518=ORIENTED_EDGE('',*,*,#4655,.T.);
#3519=ORIENTED_EDGE('',*,*,#4651,.F.);
#3520=ORIENTED_EDGE('',*,*,#4640,.F.);
#3521=ORIENTED_EDGE('',*,*,#4650,.F.);
#3522=ORIENTED_EDGE('',*,*,#4645,.F.);
#3523=ORIENTED_EDGE('',*,*,#4649,.F.);
#3524=ORIENTED_EDGE('',*,*,#4654,.T.);
#3525=ORIENTED_EDGE('',*,*,#4653,.T.);
#3526=EDGE_CURVE('',#4656,#4656,#5466,.T.);
#3527=EDGE_CURVE('',#4657,#4657,#5467,.T.);
#3528=EDGE_CURVE('',#4658,#4658,#5468,.T.);
#3529=EDGE_CURVE('',#4659,#4659,#5469,.T.);
#3530=EDGE_CURVE('',#4660,#4660,#5470,.T.);
#3531=EDGE_CURVE('',#4661,#4661,#5471,.T.);
#3532=EDGE_CURVE('',#4662,#4662,#5472,.T.);
#3533=EDGE_CURVE('',#4663,#4663,#5473,.T.);
#3534=EDGE_CURVE('',#4664,#4664,#5474,.T.);
#3535=EDGE_CURVE('',#4665,#4665,#5475,.T.);
#3536=EDGE_CURVE('',#4666,#4666,#5476,.T.);
#3537=EDGE_CURVE('',#4667,#4667,#5477,.T.);
#3538=EDGE_CURVE('',#4668,#4668,#5478,.T.);
#3539=EDGE_CURVE('',#4669,#4669,#5479,.T.);
#3540=EDGE_CURVE('',#4670,#4670,#5480,.T.);
#3541=EDGE_CURVE('',#4671,#4671,#5481,.T.);
#3542=EDGE_CURVE('',#4672,#4672,#5482,.T.);
#3543=EDGE_CURVE('',#4672,#4672,#924,.T.);
#3544=EDGE_CURVE('',#4673,#4673,#5483,.T.);
#3545=EDGE_CURVE('',#4673,#4673,#925,.T.);
#3546=EDGE_CURVE('',#4674,#4674,#5484,.T.);
#3547=EDGE_CURVE('',#4674,#4674,#926,.T.);
#3548=EDGE_CURVE('',#4675,#4675,#5485,.T.);
#3549=EDGE_CURVE('',#4675,#4675,#927,.T.);
#3550=EDGE_CURVE('',#4676,#4677,#5486,.T.);
#3551=EDGE_CURVE('',#4678,#4676,#80,.T.);
#3552=EDGE_CURVE('',#4679,#4678,#5487,.T.);
#3553=EDGE_CURVE('',#4677,#4679,#81,.T.);
#3554=EDGE_CURVE('',#4679,#4680,#82,.T.);
#3555=EDGE_CURVE('',#4680,#4681,#83,.T.);
#3556=EDGE_CURVE('',#4681,#4677,#84,.T.);
#3557=EDGE_CURVE('',#4681,#4682,#5488,.T.);
#3558=EDGE_CURVE('',#4683,#4680,#5489,.T.);
#3559=EDGE_CURVE('',#4682,#4683,#85,.T.);
#3560=EDGE_CURVE('',#4678,#4684,#5490,.T.);
#3561=EDGE_CURVE('',#4684,#4685,#5491,.T.);
#3562=EDGE_CURVE('',#4685,#4686,#5492,.T.);
#3563=EDGE_CURVE('',#4686,#4687,#5493,.T.);
#3564=EDGE_CURVE('',#4687,#4688,#5494,.T.);
#3565=EDGE_CURVE('',#4688,#4689,#5495,.T.);
#3566=EDGE_CURVE('',#4690,#4689,#86,.T.);
#3567=EDGE_CURVE('',#4690,#4691,#5496,.T.);
#3568=EDGE_CURVE('',#4692,#4691,#87,.T.);
#3569=EDGE_CURVE('',#4692,#4693,#5497,.T.);
#3570=EDGE_CURVE('',#4694,#4693,#88,.T.);
#3571=EDGE_CURVE('',#4694,#4695,#5498,.T.);
#3572=EDGE_CURVE('',#4695,#4696,#5499,.T.);
#3573=EDGE_CURVE('',#4696,#4697,#5500,.T.);
#3574=EDGE_CURVE('',#4698,#4697,#5501,.T.);
#3575=EDGE_CURVE('',#4699,#4698,#89,.T.);
#3576=EDGE_CURVE('',#4700,#4699,#5502,.T.);
#3577=EDGE_CURVE('',#4701,#4700,#90,.T.);
#3578=EDGE_CURVE('',#4701,#4702,#5503,.T.);
#3579=EDGE_CURVE('',#4702,#4703,#5504,.T.);
#3580=EDGE_CURVE('',#4704,#4703,#91,.T.);
#3581=EDGE_CURVE('',#4704,#4705,#5505,.T.);
#3582=EDGE_CURVE('',#4705,#4706,#5506,.T.);
#3583=EDGE_CURVE('',#4706,#4707,#5507,.T.);
#3584=EDGE_CURVE('',#4707,#4708,#5508,.T.);
#3585=EDGE_CURVE('',#4708,#4709,#5509,.T.);
#3586=EDGE_CURVE('',#4710,#4709,#92,.T.);
#3587=EDGE_CURVE('',#4710,#4711,#5510,.T.);
#3588=EDGE_CURVE('',#4683,#4711,#93,.T.);
#3589=EDGE_CURVE('',#4712,#4712,#5511,.T.);
#3590=EDGE_CURVE('',#4713,#4713,#5512,.T.);
#3591=EDGE_CURVE('',#4714,#4714,#5513,.T.);
#3592=EDGE_CURVE('',#4715,#4715,#5514,.T.);
#3593=EDGE_CURVE('',#4716,#4716,#5515,.T.);
#3594=EDGE_CURVE('',#4711,#4717,#94,.T.);
#3595=EDGE_CURVE('',#4717,#4682,#95,.T.);
#3596=EDGE_CURVE('',#4718,#4708,#96,.T.);
#3597=EDGE_CURVE('',#4719,#4718,#5516,.T.);
#3598=EDGE_CURVE('',#4709,#4719,#97,.T.);
#3599=EDGE_CURVE('',#4719,#4720,#98,.T.);
#3600=EDGE_CURVE('',#4720,#4710,#99,.T.);
#3601=EDGE_CURVE('',#4717,#4720,#5517,.T.);
#3602=EDGE_CURVE('',#4721,#4722,#5518,.T.);
#3603=EDGE_CURVE('',#4691,#4721,#100,.T.);
#3604=EDGE_CURVE('',#4722,#4690,#101,.T.);
#3605=EDGE_CURVE('',#4689,#4723,#102,.T.);
#3606=EDGE_CURVE('',#4723,#4722,#103,.T.);
#3607=EDGE_CURVE('',#4724,#4688,#104,.T.);
#3608=EDGE_CURVE('',#4723,#4724,#5519,.T.);
#3609=EDGE_CURVE('',#4725,#4726,#5520,.T.);
#3610=EDGE_CURVE('',#4693,#4725,#105,.T.);
#3611=EDGE_CURVE('',#4726,#4692,#106,.T.);
#3612=EDGE_CURVE('',#4721,#4726,#107,.T.);
#3613=EDGE_CURVE('',#4727,#4728,#5521,.T.);
#3614=EDGE_CURVE('',#4695,#4727,#108,.T.);
#3615=EDGE_CURVE('',#4728,#4694,#109,.T.);
#3616=EDGE_CURVE('',#4725,#4728,#110,.T.);
#3617=EDGE_CURVE('',#4729,#4729,#5522,.T.);
#3618=EDGE_CURVE('',#4730,#4676,#5523,.T.);
#3619=EDGE_CURVE('',#4684,#4730,#111,.T.);
#3620=EDGE_CURVE('',#4731,#4731,#5524,.T.);
#3621=EDGE_CURVE('',#4732,#4727,#5525,.T.);
#3622=EDGE_CURVE('',#4696,#4732,#112,.T.);
#3623=EDGE_CURVE('',#4733,#4733,#5526,.T.);
#3624=EDGE_CURVE('',#4734,#4734,#5527,.T.);
#3625=EDGE_CURVE('',#4735,#4735,#5528,.T.);
#3626=EDGE_CURVE('',#4736,#4737,#113,.T.);
#3627=EDGE_CURVE('',#4736,#4699,#114,.T.);
#3628=EDGE_CURVE('',#4737,#4698,#115,.T.);
#3629=EDGE_CURVE('',#4738,#4736,#5529,.T.);
#3630=EDGE_CURVE('',#4738,#4700,#116,.T.);
#3631=EDGE_CURVE('',#4739,#4738,#117,.T.);
#3632=EDGE_CURVE('',#4739,#4737,#5530,.T.);
#3633=EDGE_CURVE('',#4739,#4740,#118,.T.);
#3634=EDGE_CURVE('',#4740,#4741,#119,.T.);
#3635=EDGE_CURVE('',#4741,#4742,#120,.T.);
#3636=EDGE_CURVE('',#4742,#4743,#121,.T.);
#3637=EDGE_CURVE('',#4743,#4744,#122,.T.);
#3638=EDGE_CURVE('',#4744,#4745,#123,.T.);
#3639=EDGE_CURVE('',#4745,#4746,#124,.T.);
#3640=EDGE_CURVE('',#4746,#4747,#5531,.T.);
#3641=EDGE_CURVE('',#4747,#4701,#125,.T.);
#3642=EDGE_CURVE('',#4718,#4748,#5532,.T.);
#3643=EDGE_CURVE('',#4749,#4748,#126,.T.);
#3644=EDGE_CURVE('',#4750,#4749,#5533,.T.);
#3645=EDGE_CURVE('',#4751,#4750,#127,.T.);
#3646=EDGE_CURVE('',#4751,#4752,#5534,.T.);
#3647=EDGE_CURVE('',#4752,#4753,#5535,.T.);
#3648=EDGE_CURVE('',#4753,#4754,#128,.T.);
#3649=EDGE_CURVE('',#4755,#4754,#129,.T.);
#3650=EDGE_CURVE('',#4756,#4755,#5536,.T.);
#3651=EDGE_CURVE('',#4741,#4756,#5537,.T.);
#3652=EDGE_CURVE('',#4740,#4757,#5538,.T.);
#3653=EDGE_CURVE('',#4758,#4757,#130,.T.);
#3654=EDGE_CURVE('',#4759,#4758,#5539,.T.);
#3655=EDGE_CURVE('',#4732,#4759,#131,.T.);
#3656=EDGE_CURVE('',#4724,#4760,#5540,.T.);
#3657=EDGE_CURVE('',#4761,#4760,#132,.T.);
#3658=EDGE_CURVE('',#4762,#4761,#5541,.T.);
#3659=EDGE_CURVE('',#4763,#4762,#133,.T.);
#3660=EDGE_CURVE('',#4763,#4764,#5542,.T.);
#3661=EDGE_CURVE('',#4765,#4764,#134,.T.);
#3662=EDGE_CURVE('',#4766,#4765,#5543,.T.);
#3663=EDGE_CURVE('',#4730,#4766,#135,.T.);
#3664=EDGE_CURVE('',#4767,#4756,#136,.T.);
#3665=EDGE_CURVE('',#4767,#4742,#5544,.T.);
#3666=EDGE_CURVE('',#4768,#4767,#5545,.T.);
#3667=EDGE_CURVE('',#4769,#4768,#137,.T.);
#3668=EDGE_CURVE('',#4770,#4769,#138,.T.);
#3669=EDGE_CURVE('',#4771,#4770,#5546,.T.);
#3670=EDGE_CURVE('',#4743,#4771,#5547,.T.);
#3671=EDGE_CURVE('',#4771,#4772,#139,.T.);
#3672=EDGE_CURVE('',#4744,#4772,#5548,.T.);
#3673=EDGE_CURVE('',#4772,#4773,#5549,.T.);
#3674=EDGE_CURVE('',#4774,#4773,#140,.T.);
#3675=EDGE_CURVE('',#4775,#4774,#5550,.T.);
#3676=EDGE_CURVE('',#4745,#4775,#5551,.T.);
#3677=EDGE_CURVE('',#4776,#4777,#928,.T.);
#3678=EDGE_CURVE('',#4778,#4776,#141,.T.);
#3679=EDGE_CURVE('',#4779,#4778,#5552,.T.);
#3680=EDGE_CURVE('',#4777,#4779,#142,.T.);
#3681=EDGE_CURVE('',#4778,#4780,#143,.T.);
#3682=EDGE_CURVE('',#4780,#4781,#5553,.T.);
#3683=EDGE_CURVE('',#4781,#4782,#144,.T.);
#3684=EDGE_CURVE('',#4782,#4783,#5554,.T.);
#3685=EDGE_CURVE('',#4783,#4779,#5555,.T.);
#3686=EDGE_CURVE('',#4784,#4784,#5556,.T.);
#3687=EDGE_CURVE('',#4783,#4785,#145,.T.);
#3688=EDGE_CURVE('',#4785,#4777,#5557,.T.);
#3689=EDGE_CURVE('',#4786,#4782,#146,.T.);
#3690=EDGE_CURVE('',#4785,#4786,#929,.T.);
#3691=EDGE_CURVE('',#4787,#4788,#930,.T.);
#3692=EDGE_CURVE('',#4789,#4787,#147,.T.);
#3693=EDGE_CURVE('',#4790,#4789,#5558,.T.);
#3694=EDGE_CURVE('',#4788,#4790,#148,.T.);
#3695=EDGE_CURVE('',#4789,#4791,#149,.T.);
#3696=EDGE_CURVE('',#4791,#4792,#5559,.T.);
#3697=EDGE_CURVE('',#4792,#4793,#150,.T.);
#3698=EDGE_CURVE('',#4793,#4794,#5560,.T.);
#3699=EDGE_CURVE('',#4794,#4790,#5561,.T.);
#3700=EDGE_CURVE('',#4795,#4795,#5562,.T.);
#3701=EDGE_CURVE('',#4794,#4796,#151,.T.);
#3702=EDGE_CURVE('',#4796,#4788,#5563,.T.);
#3703=EDGE_CURVE('',#4797,#4793,#152,.T.);
#3704=EDGE_CURVE('',#4796,#4797,#931,.T.);
#3705=EDGE_CURVE('',#4798,#4799,#5564,.T.);
#3706=EDGE_CURVE('',#4800,#4798,#153,.T.);
#3707=EDGE_CURVE('',#4801,#4800,#932,.T.);
#3708=EDGE_CURVE('',#4799,#4801,#154,.T.);
#3709=EDGE_CURVE('',#4687,#4800,#16,.T.);
#3710=EDGE_CURVE('',#4802,#4686,#17,.T.);
#3711=EDGE_CURVE('',#4802,#4803,#933,.T.);
#3712=EDGE_CURVE('',#4801,#4803,#5565,.T.);
#3713=EDGE_CURVE('',#4803,#4804,#155,.T.);
#3714=EDGE_CURVE('',#4799,#4804,#5566,.T.);
#3715=EDGE_CURVE('',#4805,#4802,#156,.T.);
#3716=EDGE_CURVE('',#4804,#4805,#5567,.T.);
#3717=EDGE_CURVE('',#4806,#4807,#934,.T.);
#3718=EDGE_CURVE('',#4808,#4806,#157,.T.);
#3719=EDGE_CURVE('',#4809,#4808,#5568,.T.);
#3720=EDGE_CURVE('',#4807,#4809,#158,.T.);
#3721=EDGE_CURVE('',#4808,#4810,#159,.T.);
#3722=EDGE_CURVE('',#4810,#4811,#5569,.T.);
#3723=EDGE_CURVE('',#4811,#4812,#160,.T.);
#3724=EDGE_CURVE('',#4812,#4813,#5570,.T.);
#3725=EDGE_CURVE('',#4813,#4809,#5571,.T.);
#3726=EDGE_CURVE('',#4814,#4814,#5572,.T.);
#3727=EDGE_CURVE('',#4813,#4815,#161,.T.);
#3728=EDGE_CURVE('',#4815,#4807,#5573,.T.);
#3729=EDGE_CURVE('',#4816,#4812,#162,.T.);
#3730=EDGE_CURVE('',#4815,#4816,#935,.T.);
#3731=EDGE_CURVE('',#4817,#4817,#5574,.T.);
#3732=EDGE_CURVE('',#4818,#4818,#5575,.T.);
#3733=EDGE_CURVE('',#4819,#4819,#5576,.T.);
#3734=EDGE_CURVE('',#4750,#4780,#18,.T.);
#3735=EDGE_CURVE('',#4781,#4749,#19,.T.);
#3736=EDGE_CURVE('',#4748,#4707,#163,.T.);
#3737=EDGE_CURVE('',#4707,#4786,#20,.T.);
#3738=EDGE_CURVE('',#4776,#4706,#21,.T.);
#3739=EDGE_CURVE('',#4706,#4751,#164,.T.);
#3740=EDGE_CURVE('',#4820,#4820,#5577,.T.);
#3741=EDGE_CURVE('',#4821,#4821,#5578,.T.);
#3742=EDGE_CURVE('',#4822,#4822,#5579,.T.);
#3743=EDGE_CURVE('',#4766,#4791,#22,.T.);
#3744=EDGE_CURVE('',#4792,#4765,#23,.T.);
#3745=EDGE_CURVE('',#4764,#4685,#165,.T.);
#3746=EDGE_CURVE('',#4685,#4797,#24,.T.);
#3747=EDGE_CURVE('',#4787,#4684,#25,.T.);
#3748=EDGE_CURVE('',#4705,#4752,#166,.T.);
#3749=EDGE_CURVE('',#4823,#4823,#5580,.T.);
#3750=EDGE_CURVE('',#4824,#4824,#5581,.T.);
#3751=EDGE_CURVE('',#4805,#4825,#167,.T.);
#3752=EDGE_CURVE('',#4825,#4826,#5582,.T.);
#3753=EDGE_CURVE('',#4826,#4798,#168,.T.);
#3754=EDGE_CURVE('',#4827,#4827,#5583,.T.);
#3755=EDGE_CURVE('',#4828,#4828,#5584,.T.);
#3756=EDGE_CURVE('',#4762,#4825,#26,.T.);
#3757=EDGE_CURVE('',#4826,#4761,#27,.T.);
#3758=EDGE_CURVE('',#4760,#4687,#169,.T.);
#3759=EDGE_CURVE('',#4686,#4763,#170,.T.);
#3760=EDGE_CURVE('',#4829,#4829,#5585,.T.);
#3761=EDGE_CURVE('',#4830,#4830,#5586,.T.);
#3762=EDGE_CURVE('',#4831,#4831,#5587,.T.);
#3763=EDGE_CURVE('',#4759,#4810,#28,.T.);
#3764=EDGE_CURVE('',#4811,#4758,#29,.T.);
#3765=EDGE_CURVE('',#4757,#4697,#171,.T.);
#3766=EDGE_CURVE('',#4697,#4816,#30,.T.);
#3767=EDGE_CURVE('',#4806,#4696,#31,.T.);
#3768=EDGE_CURVE('',#4754,#4769,#172,.T.);
#3769=EDGE_CURVE('',#4768,#4755,#173,.T.);
#3770=EDGE_CURVE('',#4753,#4704,#174,.T.);
#3771=EDGE_CURVE('',#4703,#4832,#175,.T.);
#3772=EDGE_CURVE('',#4832,#4833,#5588,.T.);
#3773=EDGE_CURVE('',#4833,#4774,#176,.T.);
#3774=EDGE_CURVE('',#4773,#4770,#177,.T.);
#3775=EDGE_CURVE('',#4775,#4834,#178,.T.);
#3776=EDGE_CURVE('',#4746,#4834,#5589,.T.);
#3777=EDGE_CURVE('',#4834,#4835,#5590,.T.);
#3778=EDGE_CURVE('',#4747,#4835,#5591,.T.);
#3779=EDGE_CURVE('',#4835,#4702,#179,.T.);
#3780=EDGE_CURVE('',#4835,#4832,#5592,.T.);
#3781=EDGE_CURVE('',#4834,#4833,#5593,.T.);
#3782=EDGE_CURVE('',#4836,#4836,#5594,.T.);
#3783=EDGE_CURVE('',#4837,#4837,#5595,.T.);
#3784=EDGE_CURVE('',#4838,#4838,#5596,.T.);
#3785=EDGE_CURVE('',#4839,#4839,#5597,.T.);
#3786=EDGE_CURVE('',#4840,#4840,#5598,.T.);
#3787=EDGE_CURVE('',#4841,#4841,#5599,.T.);
#3788=EDGE_CURVE('',#4842,#4842,#5600,.T.);
#3789=EDGE_CURVE('',#4843,#4843,#5601,.T.);
#3790=EDGE_CURVE('',#4844,#4844,#5602,.T.);
#3791=EDGE_CURVE('',#4845,#4845,#5603,.T.);
#3792=EDGE_CURVE('',#4846,#4846,#5604,.T.);
#3793=EDGE_CURVE('',#4847,#4847,#5605,.T.);
#3794=EDGE_CURVE('',#4848,#4848,#5606,.T.);
#3795=EDGE_CURVE('',#4849,#4849,#5607,.T.);
#3796=EDGE_CURVE('',#4850,#4850,#5608,.T.);
#3797=EDGE_CURVE('',#4851,#4851,#5609,.T.);
#3798=EDGE_CURVE('',#4852,#4852,#5610,.T.);
#3799=EDGE_CURVE('',#4852,#4852,#936,.T.);
#3800=EDGE_CURVE('',#4853,#4853,#5611,.T.);
#3801=EDGE_CURVE('',#4853,#4853,#937,.T.);
#3802=EDGE_CURVE('',#4854,#4854,#5612,.T.);
#3803=EDGE_CURVE('',#4854,#4854,#938,.T.);
#3804=EDGE_CURVE('',#4855,#4855,#5613,.T.);
#3805=EDGE_CURVE('',#4855,#4855,#939,.T.);
#3806=EDGE_CURVE('',#4856,#4857,#5614,.T.);
#3807=EDGE_CURVE('',#4858,#4856,#180,.T.);
#3808=EDGE_CURVE('',#4859,#4858,#5615,.T.);
#3809=EDGE_CURVE('',#4857,#4859,#181,.T.);
#3810=EDGE_CURVE('',#4860,#4859,#182,.T.);
#3811=EDGE_CURVE('',#4860,#4861,#183,.T.);
#3812=EDGE_CURVE('',#4857,#4861,#184,.T.);
#3813=EDGE_CURVE('',#4862,#4860,#5616,.T.);
#3814=EDGE_CURVE('',#4863,#4862,#185,.T.);
#3815=EDGE_CURVE('',#4861,#4863,#5617,.T.);
#3816=EDGE_CURVE('',#4858,#4864,#5618,.T.);
#3817=EDGE_CURVE('',#4865,#4864,#186,.T.);
#3818=EDGE_CURVE('',#4866,#4865,#5619,.T.);
#3819=EDGE_CURVE('',#4867,#4866,#187,.T.);
#3820=EDGE_CURVE('',#4867,#4868,#5620,.T.);
#3821=EDGE_CURVE('',#4869,#4868,#188,.T.);
#3822=EDGE_CURVE('',#4869,#4870,#5621,.T.);
#3823=EDGE_CURVE('',#4870,#4871,#5622,.T.);
#3824=EDGE_CURVE('',#4871,#4872,#189,.T.);
#3825=EDGE_CURVE('',#4872,#4873,#190,.T.);
#3826=EDGE_CURVE('',#4873,#4874,#5623,.T.);
#3827=EDGE_CURVE('',#4874,#4875,#5624,.T.);
#3828=EDGE_CURVE('',#4876,#4875,#191,.T.);
#3829=EDGE_CURVE('',#4877,#4876,#5625,.T.);
#3830=EDGE_CURVE('',#4878,#4877,#192,.T.);
#3831=EDGE_CURVE('',#4878,#4879,#5626,.T.);
#3832=EDGE_CURVE('',#4879,#4880,#5627,.T.);
#3833=EDGE_CURVE('',#4880,#4881,#193,.T.);
#3834=EDGE_CURVE('',#4881,#4882,#5628,.T.);
#3835=EDGE_CURVE('',#4882,#4883,#194,.T.);
#3836=EDGE_CURVE('',#4883,#4884,#5629,.T.);
#3837=EDGE_CURVE('',#4884,#4885,#195,.T.);
#3838=EDGE_CURVE('',#4885,#4886,#5630,.T.);
#3839=EDGE_CURVE('',#4886,#4887,#5631,.T.);
#3840=EDGE_CURVE('',#4888,#4887,#196,.T.);
#3841=EDGE_CURVE('',#4889,#4888,#5632,.T.);
#3842=EDGE_CURVE('',#4890,#4889,#197,.T.);
#3843=EDGE_CURVE('',#4890,#4891,#5633,.T.);
#3844=EDGE_CURVE('',#4892,#4891,#198,.T.);
#3845=EDGE_CURVE('',#4893,#4892,#5634,.T.);
#3846=EDGE_CURVE('',#4894,#4893,#199,.T.);
#3847=EDGE_CURVE('',#4894,#4895,#5635,.T.);
#3848=EDGE_CURVE('',#4895,#4896,#5636,.T.);
#3849=EDGE_CURVE('',#4896,#4897,#200,.T.);
#3850=EDGE_CURVE('',#4897,#4898,#5637,.T.);
#3851=EDGE_CURVE('',#4898,#4862,#201,.T.);
#3852=EDGE_CURVE('',#4899,#4899,#5638,.T.);
#3853=EDGE_CURVE('',#4900,#4900,#5639,.T.);
#3854=EDGE_CURVE('',#4901,#4897,#202,.T.);
#3855=EDGE_CURVE('',#4902,#4901,#5640,.T.);
#3856=EDGE_CURVE('',#4898,#4902,#203,.T.);
#3857=EDGE_CURVE('',#4896,#4903,#204,.T.);
#3858=EDGE_CURVE('',#4901,#4903,#205,.T.);
#3859=EDGE_CURVE('',#4904,#4895,#206,.T.);
#3860=EDGE_CURVE('',#4903,#4904,#5641,.T.);
#3861=EDGE_CURVE('',#4905,#4881,#207,.T.);
#3862=EDGE_CURVE('',#4906,#4905,#5642,.T.);
#3863=EDGE_CURVE('',#4882,#4906,#208,.T.);
#3864=EDGE_CURVE('',#4880,#4907,#209,.T.);
#3865=EDGE_CURVE('',#4905,#4907,#210,.T.);
#3866=EDGE_CURVE('',#4908,#4879,#211,.T.);
#3867=EDGE_CURVE('',#4907,#4908,#5643,.T.);
#3868=EDGE_CURVE('',#4909,#4883,#212,.T.);
#3869=EDGE_CURVE('',#4910,#4909,#5644,.T.);
#3870=EDGE_CURVE('',#4884,#4910,#213,.T.);
#3871=EDGE_CURVE('',#4909,#4906,#214,.T.);
#3872=EDGE_CURVE('',#4911,#4912,#5645,.T.);
#3873=EDGE_CURVE('',#4886,#4911,#215,.T.);
#3874=EDGE_CURVE('',#4912,#4885,#216,.T.);
#3875=EDGE_CURVE('',#4912,#4910,#217,.T.);
#3876=EDGE_CURVE('',#4913,#4913,#5646,.T.);
#3877=EDGE_CURVE('',#4863,#4902,#218,.T.);
#3878=EDGE_CURVE('',#4914,#4894,#219,.T.);
#3879=EDGE_CURVE('',#4904,#4914,#5647,.T.);
#3880=EDGE_CURVE('',#4915,#4856,#5648,.T.);
#3881=EDGE_CURVE('',#4864,#4915,#220,.T.);
#3882=EDGE_CURVE('',#4916,#4916,#5649,.T.);
#3883=EDGE_CURVE('',#4917,#4878,#221,.T.);
#3884=EDGE_CURVE('',#4908,#4917,#5650,.T.);
#3885=EDGE_CURVE('',#4918,#4911,#5651,.T.);
#3886=EDGE_CURVE('',#4887,#4918,#222,.T.);
#3887=EDGE_CURVE('',#4919,#4919,#5652,.T.);
#3888=EDGE_CURVE('',#4920,#4920,#5653,.T.);
#3889=EDGE_CURVE('',#4921,#4921,#5654,.T.);
#3890=EDGE_CURVE('',#4922,#4922,#5655,.T.);
#3891=EDGE_CURVE('',#4923,#4923,#5656,.T.);
#3892=EDGE_CURVE('',#4924,#4924,#5657,.T.);
#3893=EDGE_CURVE('',#4925,#4926,#223,.T.);
#3894=EDGE_CURVE('',#4926,#4927,#224,.T.);
#3895=EDGE_CURVE('',#4927,#4928,#225,.T.);
#3896=EDGE_CURVE('',#4925,#4928,#226,.T.);
#3897=EDGE_CURVE('',#4925,#4929,#5658,.T.);
#3898=EDGE_CURVE('',#4928,#4930,#5659,.T.);
#3899=EDGE_CURVE('',#4930,#4929,#227,.T.);
#3900=EDGE_CURVE('',#4929,#4931,#228,.T.);
#3901=EDGE_CURVE('',#4926,#4931,#5660,.T.);
#3902=EDGE_CURVE('',#4930,#4932,#229,.T.);
#3903=EDGE_CURVE('',#4932,#4933,#230,.T.);
#3904=EDGE_CURVE('',#4933,#4934,#5661,.T.);
#3905=EDGE_CURVE('',#4934,#4935,#231,.T.);
#3906=EDGE_CURVE('',#4935,#4936,#232,.T.);
#3907=EDGE_CURVE('',#4936,#4937,#233,.T.);
#3908=EDGE_CURVE('',#4937,#4938,#234,.T.);
#3909=EDGE_CURVE('',#4938,#4939,#235,.T.);
#3910=EDGE_CURVE('',#4939,#4940,#236,.T.);
#3911=EDGE_CURVE('',#4940,#4941,#237,.T.);
#3912=EDGE_CURVE('',#4941,#4942,#238,.T.);
#3913=EDGE_CURVE('',#4942,#4869,#239,.T.);
#3914=EDGE_CURVE('',#4868,#4931,#240,.T.);
#3915=EDGE_CURVE('',#4914,#4943,#5662,.T.);
#3916=EDGE_CURVE('',#4943,#4944,#5663,.T.);
#3917=EDGE_CURVE('',#4944,#4918,#5664,.T.);
#3918=EDGE_CURVE('',#4917,#4945,#5665,.T.);
#3919=EDGE_CURVE('',#4945,#4946,#5666,.T.);
#3920=EDGE_CURVE('',#4946,#4947,#5667,.T.);
#3921=EDGE_CURVE('',#4948,#4947,#241,.T.);
#3922=EDGE_CURVE('',#4949,#4948,#5668,.T.);
#3923=EDGE_CURVE('',#4932,#4949,#5669,.T.);
#3924=EDGE_CURVE('',#4950,#4927,#5670,.T.);
#3925=EDGE_CURVE('',#4950,#4915,#5671,.T.);
#3926=EDGE_CURVE('',#4949,#4951,#242,.T.);
#3927=EDGE_CURVE('',#4933,#4951,#5672,.T.);
#3928=EDGE_CURVE('',#4951,#4952,#5673,.T.);
#3929=EDGE_CURVE('',#4934,#4952,#5674,.T.);
#3930=EDGE_CURVE('',#4952,#4953,#243,.T.);
#3931=EDGE_CURVE('',#4935,#4953,#5675,.T.);
#3932=EDGE_CURVE('',#4953,#4954,#5676,.T.);
#3933=EDGE_CURVE('',#4955,#4954,#244,.T.);
#3934=EDGE_CURVE('',#4956,#4955,#5677,.T.);
#3935=EDGE_CURVE('',#4936,#4956,#5678,.T.);
#3936=EDGE_CURVE('',#4956,#4957,#245,.T.);
#3937=EDGE_CURVE('',#4937,#4957,#5679,.T.);
#3938=EDGE_CURVE('',#4957,#4958,#5680,.T.);
#3939=EDGE_CURVE('',#4959,#4958,#246,.T.);
#3940=EDGE_CURVE('',#4960,#4959,#5681,.T.);
#3941=EDGE_CURVE('',#4938,#4960,#5682,.T.);
#3942=EDGE_CURVE('',#4961,#4962,#5683,.T.);
#3943=EDGE_CURVE('',#4963,#4961,#247,.T.);
#3944=EDGE_CURVE('',#4964,#4963,#940,.T.);
#3945=EDGE_CURVE('',#4962,#4964,#248,.T.);
#3946=EDGE_CURVE('',#4945,#4963,#32,.T.);
#3947=EDGE_CURVE('',#4965,#4917,#33,.T.);
#3948=EDGE_CURVE('',#4965,#4966,#941,.T.);
#3949=EDGE_CURVE('',#4966,#4964,#5684,.T.);
#3950=EDGE_CURVE('',#4966,#4967,#249,.T.);
#3951=EDGE_CURVE('',#4962,#4967,#5685,.T.);
#3952=EDGE_CURVE('',#4968,#4965,#250,.T.);
#3953=EDGE_CURVE('',#4967,#4968,#5686,.T.);
#3954=EDGE_CURVE('',#4969,#4970,#5687,.T.);
#3955=EDGE_CURVE('',#4971,#4969,#251,.T.);
#3956=EDGE_CURVE('',#4972,#4971,#942,.T.);
#3957=EDGE_CURVE('',#4970,#4972,#252,.T.);
#3958=EDGE_CURVE('',#4918,#4971,#34,.T.);
#3959=EDGE_CURVE('',#4973,#4944,#35,.T.);
#3960=EDGE_CURVE('',#4973,#4974,#943,.T.);
#3961=EDGE_CURVE('',#4974,#4972,#5688,.T.);
#3962=EDGE_CURVE('',#4974,#4975,#253,.T.);
#3963=EDGE_CURVE('',#4970,#4975,#5689,.T.);
#3964=EDGE_CURVE('',#4976,#4973,#254,.T.);
#3965=EDGE_CURVE('',#4975,#4976,#5690,.T.);
#3966=EDGE_CURVE('',#4977,#4978,#5691,.T.);
#3967=EDGE_CURVE('',#4979,#4977,#255,.T.);
#3968=EDGE_CURVE('',#4980,#4979,#944,.T.);
#3969=EDGE_CURVE('',#4978,#4980,#256,.T.);
#3970=EDGE_CURVE('',#4943,#4979,#36,.T.);
#3971=EDGE_CURVE('',#4981,#4914,#37,.T.);
#3972=EDGE_CURVE('',#4981,#4982,#945,.T.);
#3973=EDGE_CURVE('',#4982,#4980,#5692,.T.);
#3974=EDGE_CURVE('',#4982,#4983,#257,.T.);
#3975=EDGE_CURVE('',#4978,#4983,#5693,.T.);
#3976=EDGE_CURVE('',#4984,#4981,#258,.T.);
#3977=EDGE_CURVE('',#4983,#4984,#5694,.T.);
#3978=EDGE_CURVE('',#4985,#4986,#5695,.T.);
#3979=EDGE_CURVE('',#4987,#4985,#259,.T.);
#3980=EDGE_CURVE('',#4988,#4987,#946,.T.);
#3981=EDGE_CURVE('',#4986,#4988,#260,.T.);
#3982=EDGE_CURVE('',#4915,#4987,#38,.T.);
#3983=EDGE_CURVE('',#4989,#4950,#39,.T.);
#3984=EDGE_CURVE('',#4989,#4990,#947,.T.);
#3985=EDGE_CURVE('',#4990,#4988,#5696,.T.);
#3986=EDGE_CURVE('',#4990,#4991,#261,.T.);
#3987=EDGE_CURVE('',#4986,#4991,#5697,.T.);
#3988=EDGE_CURVE('',#4992,#4989,#262,.T.);
#3989=EDGE_CURVE('',#4991,#4992,#5698,.T.);
#3990=EDGE_CURVE('',#4993,#4993,#5699,.T.);
#3991=EDGE_CURVE('',#4994,#4994,#5700,.T.);
#3992=EDGE_CURVE('',#4992,#4995,#263,.T.);
#3993=EDGE_CURVE('',#4995,#4996,#5701,.T.);
#3994=EDGE_CURVE('',#4996,#4985,#264,.T.);
#3995=EDGE_CURVE('',#4997,#4997,#5702,.T.);
#3996=EDGE_CURVE('',#4998,#4998,#5703,.T.);
#3997=EDGE_CURVE('',#4866,#4995,#40,.T.);
#3998=EDGE_CURVE('',#4996,#4865,#41,.T.);
#3999=EDGE_CURVE('',#4950,#4867,#265,.T.);
#4000=EDGE_CURVE('',#4999,#4999,#5704,.T.);
#4001=EDGE_CURVE('',#5000,#5000,#5705,.T.);
#4002=EDGE_CURVE('',#4984,#5001,#266,.T.);
#4003=EDGE_CURVE('',#5001,#5002,#5706,.T.);
#4004=EDGE_CURVE('',#5002,#4977,#267,.T.);
#4005=EDGE_CURVE('',#5003,#5003,#5707,.T.);
#4006=EDGE_CURVE('',#5004,#5004,#5708,.T.);
#4007=EDGE_CURVE('',#4893,#5001,#42,.T.);
#4008=EDGE_CURVE('',#5002,#4892,#43,.T.);
#4009=EDGE_CURVE('',#4891,#4943,#268,.T.);
#4010=EDGE_CURVE('',#5005,#5005,#5709,.T.);
#4011=EDGE_CURVE('',#5006,#5006,#5710,.T.);
#4012=EDGE_CURVE('',#4976,#5007,#269,.T.);
#4013=EDGE_CURVE('',#5007,#5008,#5711,.T.);
#4014=EDGE_CURVE('',#5008,#4969,#270,.T.);
#4015=EDGE_CURVE('',#5009,#5009,#5712,.T.);
#4016=EDGE_CURVE('',#5010,#5010,#5713,.T.);
#4017=EDGE_CURVE('',#4889,#5007,#44,.T.);
#4018=EDGE_CURVE('',#5008,#4888,#45,.T.);
#4019=EDGE_CURVE('',#4944,#4890,#271,.T.);
#4020=EDGE_CURVE('',#5011,#5011,#5714,.T.);
#4021=EDGE_CURVE('',#5012,#5012,#5715,.T.);
#4022=EDGE_CURVE('',#4968,#5013,#272,.T.);
#4023=EDGE_CURVE('',#5013,#5014,#5716,.T.);
#4024=EDGE_CURVE('',#5014,#4961,#273,.T.);
#4025=EDGE_CURVE('',#5015,#5015,#5717,.T.);
#4026=EDGE_CURVE('',#5016,#5016,#5718,.T.);
#4027=EDGE_CURVE('',#4877,#5013,#46,.T.);
#4028=EDGE_CURVE('',#5014,#4876,#47,.T.);
#4029=EDGE_CURVE('',#4875,#4945,#274,.T.);
#4030=EDGE_CURVE('',#5017,#4872,#275,.T.);
#4031=EDGE_CURVE('',#4871,#5018,#276,.T.);
#4032=EDGE_CURVE('',#5018,#5017,#277,.T.);
#4033=EDGE_CURVE('',#4870,#5019,#278,.T.);
#4034=EDGE_CURVE('',#5019,#5018,#5719,.T.);
#4035=EDGE_CURVE('',#4942,#5019,#5720,.T.);
#4036=EDGE_CURVE('',#4941,#5020,#5721,.T.);
#4037=EDGE_CURVE('',#5020,#5018,#948,.T.);
#4038=EDGE_CURVE('',#4947,#4873,#279,.T.);
#4039=EDGE_CURVE('',#4874,#4946,#280,.T.);
#4040=EDGE_CURVE('',#5018,#5021,#949,.T.);
#4041=EDGE_CURVE('',#5017,#5021,#281,.T.);
#4042=EDGE_CURVE('',#4960,#5022,#282,.T.);
#4043=EDGE_CURVE('',#4939,#5022,#5722,.T.);
#4044=EDGE_CURVE('',#4940,#5023,#5723,.T.);
#4045=EDGE_CURVE('',#5023,#5020,#283,.T.);
#4046=EDGE_CURVE('',#5021,#5024,#284,.T.);
#4047=EDGE_CURVE('',#5024,#5025,#285,.T.);
#4048=EDGE_CURVE('',#5025,#4959,#286,.T.);
#4049=EDGE_CURVE('',#4958,#4955,#287,.T.);
#4050=EDGE_CURVE('',#4954,#5026,#288,.T.);
#4051=EDGE_CURVE('',#5026,#5027,#5724,.T.);
#4052=EDGE_CURVE('',#5027,#4948,#289,.T.);
#4053=EDGE_CURVE('',#4951,#5027,#5725,.T.);
#4054=EDGE_CURVE('',#5023,#5024,#950,.T.);
#4055=EDGE_CURVE('',#5022,#5025,#5726,.T.);
#4056=EDGE_CURVE('',#4952,#5026,#5727,.T.);
#4057=EDGE_CURVE('',#5028,#5028,#5728,.T.);
#4058=EDGE_CURVE('',#5029,#5029,#5729,.T.);
#4059=EDGE_CURVE('',#5030,#5030,#5730,.T.);
#4060=EDGE_CURVE('',#5031,#5031,#5731,.T.);
#4061=EDGE_CURVE('',#5032,#5032,#5732,.T.);
#4062=EDGE_CURVE('',#5033,#5033,#5733,.T.);
#4063=EDGE_CURVE('',#5034,#5034,#5734,.T.);
#4064=EDGE_CURVE('',#5035,#5035,#5735,.T.);
#4065=EDGE_CURVE('',#5036,#5036,#5736,.T.);
#4066=EDGE_CURVE('',#5037,#5037,#5737,.T.);
#4067=EDGE_CURVE('',#5038,#5038,#5738,.T.);
#4068=EDGE_CURVE('',#5039,#5039,#5739,.T.);
#4069=EDGE_CURVE('',#5040,#5040,#5740,.T.);
#4070=EDGE_CURVE('',#5041,#5041,#5741,.T.);
#4071=EDGE_CURVE('',#5042,#5042,#5742,.T.);
#4072=EDGE_CURVE('',#5043,#5043,#5743,.T.);
#4073=EDGE_CURVE('',#5044,#5044,#5744,.T.);
#4074=EDGE_CURVE('',#5045,#5045,#5745,.T.);
#4075=EDGE_CURVE('',#5046,#5046,#5746,.T.);
#4076=EDGE_CURVE('',#5047,#5047,#5747,.T.);
#4077=EDGE_CURVE('',#5048,#5048,#5748,.T.);
#4078=EDGE_CURVE('',#5049,#5049,#5749,.T.);
#4079=EDGE_CURVE('',#5050,#5050,#5750,.T.);
#4080=EDGE_CURVE('',#5051,#5051,#5751,.T.);
#4081=EDGE_CURVE('',#5052,#5052,#5752,.T.);
#4082=EDGE_CURVE('',#5053,#5053,#5753,.T.);
#4083=EDGE_CURVE('',#5054,#5054,#5754,.T.);
#4084=EDGE_CURVE('',#5055,#5055,#5755,.T.);
#4085=EDGE_CURVE('',#5056,#5056,#5756,.T.);
#4086=EDGE_CURVE('',#5057,#5057,#5757,.T.);
#4087=EDGE_CURVE('',#5058,#5058,#5758,.T.);
#4088=EDGE_CURVE('',#5059,#5059,#5759,.T.);
#4089=EDGE_CURVE('',#5060,#5060,#5760,.T.);
#4090=EDGE_CURVE('',#5061,#5061,#5761,.T.);
#4091=EDGE_CURVE('',#5062,#5062,#5762,.T.);
#4092=EDGE_CURVE('',#5063,#5063,#5763,.T.);
#4093=EDGE_CURVE('',#5064,#5064,#5764,.T.);
#4094=EDGE_CURVE('',#5065,#5065,#5765,.T.);
#4095=EDGE_CURVE('',#5066,#5066,#5766,.T.);
#4096=EDGE_CURVE('',#5067,#5067,#5767,.T.);
#4097=EDGE_CURVE('',#5068,#5068,#5768,.T.);
#4098=EDGE_CURVE('',#5069,#5069,#5769,.T.);
#4099=EDGE_CURVE('',#5070,#5070,#5770,.T.);
#4100=EDGE_CURVE('',#5071,#5071,#5771,.T.);
#4101=EDGE_CURVE('',#5072,#5072,#5772,.T.);
#4102=EDGE_CURVE('',#5073,#5073,#5773,.T.);
#4103=EDGE_CURVE('',#5074,#5074,#5774,.T.);
#4104=EDGE_CURVE('',#5075,#5075,#5775,.T.);
#4105=EDGE_CURVE('',#5076,#5076,#5776,.T.);
#4106=EDGE_CURVE('',#5076,#5076,#951,.T.);
#4107=EDGE_CURVE('',#5077,#5077,#5777,.T.);
#4108=EDGE_CURVE('',#5077,#5077,#952,.T.);
#4109=EDGE_CURVE('',#5078,#5078,#5778,.T.);
#4110=EDGE_CURVE('',#5078,#5078,#953,.T.);
#4111=EDGE_CURVE('',#5079,#5079,#5779,.T.);
#4112=EDGE_CURVE('',#5079,#5079,#954,.T.);
#4113=EDGE_CURVE('',#5080,#5081,#5780,.T.);
#4114=EDGE_CURVE('',#5082,#5080,#290,.T.);
#4115=EDGE_CURVE('',#5083,#5082,#5781,.T.);
#4116=EDGE_CURVE('',#5081,#5083,#291,.T.);
#4117=EDGE_CURVE('',#5084,#5083,#292,.T.);
#4118=EDGE_CURVE('',#5084,#5085,#293,.T.);
#4119=EDGE_CURVE('',#5081,#5085,#294,.T.);
#4120=EDGE_CURVE('',#5085,#5086,#5782,.T.);
#4121=EDGE_CURVE('',#5087,#5084,#5783,.T.);
#4122=EDGE_CURVE('',#5086,#5087,#295,.T.);
#4123=EDGE_CURVE('',#5088,#5087,#296,.T.);
#4124=EDGE_CURVE('',#5088,#5089,#297,.T.);
#4125=EDGE_CURVE('',#5086,#5089,#298,.T.);
#4126=EDGE_CURVE('',#5089,#5090,#5784,.T.);
#4127=EDGE_CURVE('',#5090,#5091,#299,.T.);
#4128=EDGE_CURVE('',#5091,#5092,#5785,.T.);
#4129=EDGE_CURVE('',#5092,#5093,#5786,.T.);
#4130=EDGE_CURVE('',#5094,#5093,#300,.T.);
#4131=EDGE_CURVE('',#5095,#5094,#5787,.T.);
#4132=EDGE_CURVE('',#5096,#5095,#301,.T.);
#4133=EDGE_CURVE('',#5096,#5097,#5788,.T.);
#4134=EDGE_CURVE('',#5097,#5098,#5789,.T.);
#4135=EDGE_CURVE('',#5098,#5099,#302,.T.);
#4136=EDGE_CURVE('',#5100,#5099,#303,.T.);
#4137=EDGE_CURVE('',#5100,#5101,#5790,.T.);
#4138=EDGE_CURVE('',#5101,#5102,#5791,.T.);
#4139=EDGE_CURVE('',#5102,#5103,#304,.T.);
#4140=EDGE_CURVE('',#5103,#5104,#5792,.T.);
#4141=EDGE_CURVE('',#5105,#5104,#305,.T.);
#4142=EDGE_CURVE('',#5106,#5105,#5793,.T.);
#4143=EDGE_CURVE('',#5107,#5106,#306,.T.);
#4144=EDGE_CURVE('',#5107,#5108,#5794,.T.);
#4145=EDGE_CURVE('',#5108,#5109,#5795,.T.);
#4146=EDGE_CURVE('',#5109,#5110,#307,.T.);
#4147=EDGE_CURVE('',#5110,#5111,#5796,.T.);
#4148=EDGE_CURVE('',#5111,#5112,#308,.T.);
#4149=EDGE_CURVE('',#5112,#5113,#5797,.T.);
#4150=EDGE_CURVE('',#5113,#5114,#309,.T.);
#4151=EDGE_CURVE('',#5114,#5115,#5798,.T.);
#4152=EDGE_CURVE('',#5115,#5116,#5799,.T.);
#4153=EDGE_CURVE('',#5117,#5116,#310,.T.);
#4154=EDGE_CURVE('',#5118,#5117,#5800,.T.);
#4155=EDGE_CURVE('',#5119,#5118,#311,.T.);
#4156=EDGE_CURVE('',#5119,#5120,#5801,.T.);
#4157=EDGE_CURVE('',#5121,#5120,#312,.T.);
#4158=EDGE_CURVE('',#5122,#5121,#5802,.T.);
#4159=EDGE_CURVE('',#5123,#5122,#313,.T.);
#4160=EDGE_CURVE('',#5123,#5080,#5803,.T.);
#4161=EDGE_CURVE('',#5124,#5124,#5804,.T.);
#4162=EDGE_CURVE('',#5125,#5125,#5805,.T.);
#4163=EDGE_CURVE('',#5126,#5126,#5806,.T.);
#4164=EDGE_CURVE('',#5127,#5127,#5807,.T.);
#4165=EDGE_CURVE('',#5128,#5128,#5808,.T.);
#4166=EDGE_CURVE('',#5129,#5088,#5809,.T.);
#4167=EDGE_CURVE('',#5090,#5129,#314,.T.);
#4168=EDGE_CURVE('',#5082,#5130,#5810,.T.);
#4169=EDGE_CURVE('',#5130,#5131,#5811,.T.);
#4170=EDGE_CURVE('',#5131,#5132,#5812,.T.);
#4171=EDGE_CURVE('',#5132,#5133,#5813,.T.);
#4172=EDGE_CURVE('',#5133,#5134,#5814,.T.);
#4173=EDGE_CURVE('',#5134,#5135,#5815,.T.);
#4174=EDGE_CURVE('',#5135,#5136,#315,.T.);
#4175=EDGE_CURVE('',#5136,#5137,#5816,.T.);
#4176=EDGE_CURVE('',#5137,#5138,#316,.T.);
#4177=EDGE_CURVE('',#5138,#5139,#5817,.T.);
#4178=EDGE_CURVE('',#5139,#5140,#317,.T.);
#4179=EDGE_CURVE('',#5140,#5141,#5818,.T.);
#4180=EDGE_CURVE('',#5141,#5142,#5819,.T.);
#4181=EDGE_CURVE('',#5142,#5143,#5820,.T.);
#4182=EDGE_CURVE('',#5144,#5143,#318,.T.);
#4183=EDGE_CURVE('',#5145,#5144,#5821,.T.);
#4184=EDGE_CURVE('',#5145,#5146,#319,.T.);
#4185=EDGE_CURVE('',#5147,#5146,#5822,.T.);
#4186=EDGE_CURVE('',#5147,#5148,#5823,.T.);
#4187=EDGE_CURVE('',#5148,#5149,#320,.T.);
#4188=EDGE_CURVE('',#5150,#5149,#5824,.T.);
#4189=EDGE_CURVE('',#5150,#5151,#5825,.T.);
#4190=EDGE_CURVE('',#5151,#5152,#5826,.T.);
#4191=EDGE_CURVE('',#5152,#5153,#5827,.T.);
#4192=EDGE_CURVE('',#5153,#5154,#5828,.T.);
#4193=EDGE_CURVE('',#5154,#5129,#321,.T.);
#4194=EDGE_CURVE('',#5155,#5155,#5829,.T.);
#4195=EDGE_CURVE('',#5156,#5156,#5830,.T.);
#4196=EDGE_CURVE('',#5154,#5091,#322,.T.);
#4197=EDGE_CURVE('',#5092,#5153,#323,.T.);
#4198=EDGE_CURVE('',#5141,#5108,#324,.T.);
#4199=EDGE_CURVE('',#5109,#5140,#325,.T.);
#4200=EDGE_CURVE('',#5139,#5110,#326,.T.);
#4201=EDGE_CURVE('',#5111,#5138,#327,.T.);
#4202=EDGE_CURVE('',#5137,#5112,#328,.T.);
#4203=EDGE_CURVE('',#5115,#5134,#329,.T.);
#4204=EDGE_CURVE('',#5135,#5114,#330,.T.);
#4205=EDGE_CURVE('',#5113,#5136,#331,.T.);
#4206=EDGE_CURVE('',#5130,#5123,#332,.T.);
#4207=EDGE_CURVE('',#5093,#5152,#333,.T.);
#4208=EDGE_CURVE('',#5142,#5107,#334,.T.);
#4209=EDGE_CURVE('',#5116,#5133,#335,.T.);
#4210=EDGE_CURVE('',#5157,#5157,#5831,.T.);
#4211=EDGE_CURVE('',#5158,#5158,#5832,.T.);
#4212=EDGE_CURVE('',#5159,#5159,#5833,.T.);
#4213=EDGE_CURVE('',#5143,#5160,#336,.T.);
#4214=EDGE_CURVE('',#5161,#5160,#337,.T.);
#4215=EDGE_CURVE('',#5144,#5161,#338,.T.);
#4216=EDGE_CURVE('',#5162,#5161,#5834,.T.);
#4217=EDGE_CURVE('',#5162,#5145,#339,.T.);
#4218=EDGE_CURVE('',#5163,#5164,#340,.T.);
#4219=EDGE_CURVE('',#5160,#5163,#5835,.T.);
#4220=EDGE_CURVE('',#5143,#5164,#5836,.T.);
#4221=EDGE_CURVE('',#5163,#5165,#5837,.T.);
#4222=EDGE_CURVE('',#5165,#5162,#341,.T.);
#4223=EDGE_CURVE('',#5103,#5165,#342,.T.);
#4224=EDGE_CURVE('',#5166,#5102,#343,.T.);
#4225=EDGE_CURVE('',#5167,#5166,#344,.T.);
#4226=EDGE_CURVE('',#5168,#5167,#345,.T.);
#4227=EDGE_CURVE('',#5169,#5168,#346,.T.);
#4228=EDGE_CURVE('',#5170,#5169,#347,.T.);
#4229=EDGE_CURVE('',#5171,#5170,#348,.T.);
#4230=EDGE_CURVE('',#5172,#5171,#349,.T.);
#4231=EDGE_CURVE('',#5173,#5172,#350,.T.);
#4232=EDGE_CURVE('',#5174,#5173,#351,.T.);
#4233=EDGE_CURVE('',#5175,#5174,#5838,.T.);
#4234=EDGE_CURVE('',#5146,#5175,#352,.T.);
#4235=EDGE_CURVE('',#5176,#5172,#5839,.T.);
#4236=EDGE_CURVE('',#5176,#5177,#5840,.T.);
#4237=EDGE_CURVE('',#5177,#5178,#353,.T.);
#4238=EDGE_CURVE('',#5179,#5178,#5841,.T.);
#4239=EDGE_CURVE('',#5179,#5173,#5842,.T.);
#4240=EDGE_CURVE('',#5180,#5181,#5843,.T.);
#4241=EDGE_CURVE('',#5181,#5177,#354,.T.);
#4242=EDGE_CURVE('',#5180,#5176,#355,.T.);
#4243=EDGE_CURVE('',#5182,#5170,#5844,.T.);
#4244=EDGE_CURVE('',#5182,#5183,#5845,.T.);
#4245=EDGE_CURVE('',#5183,#5181,#356,.T.);
#4246=EDGE_CURVE('',#5180,#5171,#5846,.T.);
#4247=EDGE_CURVE('',#5184,#5185,#955,.T.);
#4248=EDGE_CURVE('',#5185,#5186,#956,.T.);
#4249=EDGE_CURVE('',#5186,#5187,#357,.T.);
#4250=EDGE_CURVE('',#5188,#5187,#957,.T.);
#4251=EDGE_CURVE('',#5184,#5188,#358,.T.);
#4252=EDGE_CURVE('',#5189,#5190,#5847,.T.);
#4253=EDGE_CURVE('',#5190,#5191,#5848,.T.);
#4254=EDGE_CURVE('',#5192,#5191,#5849,.T.);
#4255=EDGE_CURVE('',#5192,#5189,#5850,.T.);
#4256=EDGE_CURVE('',#5179,#5189,#359,.T.);
#4257=EDGE_CURVE('',#5178,#5190,#360,.T.);
#4258=EDGE_CURVE('',#5193,#5182,#361,.T.);
#4259=EDGE_CURVE('',#5193,#5194,#5851,.T.);
#4260=EDGE_CURVE('',#5194,#5183,#362,.T.);
#4261=EDGE_CURVE('',#5192,#5147,#363,.T.);
#4262=EDGE_CURVE('',#5191,#5148,#364,.T.);
#4263=EDGE_CURVE('',#5189,#5174,#5852,.T.);
#4264=EDGE_CURVE('',#5192,#5175,#5853,.T.);
#4265=EDGE_CURVE('',#5100,#5185,#365,.T.);
#4266=EDGE_CURVE('',#5185,#5195,#5854,.T.);
#4267=EDGE_CURVE('',#5101,#5195,#366,.T.);
#4268=EDGE_CURVE('',#5099,#5196,#367,.T.);
#4269=EDGE_CURVE('',#5149,#5098,#368,.T.);
#4270=EDGE_CURVE('',#5187,#5194,#369,.T.);
#4271=EDGE_CURVE('',#5196,#5186,#370,.T.);
#4272=EDGE_CURVE('',#5196,#5185,#371,.T.);
#4273=EDGE_CURVE('',#5097,#5150,#372,.T.);
#4274=EDGE_CURVE('',#5197,#5198,#373,.T.);
#4275=EDGE_CURVE('',#5198,#5142,#48,.T.);
#4276=EDGE_CURVE('',#5106,#5199,#49,.T.);
#4277=EDGE_CURVE('',#5197,#5199,#374,.T.);
#4278=EDGE_CURVE('',#5200,#5200,#5855,.T.);
#4279=EDGE_CURVE('',#5201,#5201,#5856,.T.);
#4280=EDGE_CURVE('',#5202,#5203,#375,.T.);
#4281=EDGE_CURVE('',#5204,#5203,#376,.T.);
#4282=EDGE_CURVE('',#5204,#5105,#50,.T.);
#4283=EDGE_CURVE('',#5104,#5163,#377,.T.);
#4284=EDGE_CURVE('',#5164,#5202,#51,.T.);
#4285=EDGE_CURVE('',#5199,#5204,#5857,.T.);
#4286=EDGE_CURVE('',#5205,#5205,#5858,.T.);
#4287=EDGE_CURVE('',#5203,#5206,#5859,.T.);
#4288=EDGE_CURVE('',#5206,#5207,#5860,.T.);
#4289=EDGE_CURVE('',#5207,#5197,#5861,.T.);
#4290=EDGE_CURVE('',#5208,#5208,#5862,.T.);
#4291=EDGE_CURVE('',#5120,#5131,#378,.T.);
#4292=EDGE_CURVE('',#5132,#5119,#379,.T.);
#4293=EDGE_CURVE('',#5209,#5210,#380,.T.);
#4294=EDGE_CURVE('',#5210,#5132,#52,.T.);
#4295=EDGE_CURVE('',#5118,#5211,#53,.T.);
#4296=EDGE_CURVE('',#5209,#5211,#381,.T.);
#4297=EDGE_CURVE('',#5212,#5212,#5863,.T.);
#4298=EDGE_CURVE('',#5213,#5213,#5864,.T.);
#4299=EDGE_CURVE('',#5214,#5215,#382,.T.);
#4300=EDGE_CURVE('',#5216,#5215,#383,.T.);
#4301=EDGE_CURVE('',#5216,#5117,#54,.T.);
#4302=EDGE_CURVE('',#5133,#5214,#55,.T.);
#4303=EDGE_CURVE('',#5211,#5216,#5865,.T.);
#4304=EDGE_CURVE('',#5217,#5217,#5866,.T.);
#4305=EDGE_CURVE('',#5215,#5218,#5867,.T.);
#4306=EDGE_CURVE('',#5218,#5219,#5868,.T.);
#4307=EDGE_CURVE('',#5219,#5209,#5869,.T.);
#4308=EDGE_CURVE('',#5220,#5220,#5870,.T.);
#4309=EDGE_CURVE('',#5221,#5222,#384,.T.);
#4310=EDGE_CURVE('',#5222,#5130,#56,.T.);
#4311=EDGE_CURVE('',#5122,#5223,#57,.T.);
#4312=EDGE_CURVE('',#5221,#5223,#385,.T.);
#4313=EDGE_CURVE('',#5224,#5224,#5871,.T.);
#4314=EDGE_CURVE('',#5225,#5225,#5872,.T.);
#4315=EDGE_CURVE('',#5226,#5227,#386,.T.);
#4316=EDGE_CURVE('',#5228,#5227,#387,.T.);
#4317=EDGE_CURVE('',#5228,#5121,#58,.T.);
#4318=EDGE_CURVE('',#5131,#5226,#59,.T.);
#4319=EDGE_CURVE('',#5223,#5228,#5873,.T.);
#4320=EDGE_CURVE('',#5229,#5229,#5874,.T.);
#4321=EDGE_CURVE('',#5227,#5230,#5875,.T.);
#4322=EDGE_CURVE('',#5230,#5231,#5876,.T.);
#4323=EDGE_CURVE('',#5231,#5221,#5877,.T.);
#4324=EDGE_CURVE('',#5232,#5232,#5878,.T.);
#4325=EDGE_CURVE('',#5151,#5096,#388,.T.);
#4326=EDGE_CURVE('',#5233,#5234,#389,.T.);
#4327=EDGE_CURVE('',#5234,#5151,#60,.T.);
#4328=EDGE_CURVE('',#5095,#5235,#61,.T.);
#4329=EDGE_CURVE('',#5233,#5235,#390,.T.);
#4330=EDGE_CURVE('',#5236,#5236,#5879,.T.);
#4331=EDGE_CURVE('',#5237,#5237,#5880,.T.);
#4332=EDGE_CURVE('',#5238,#5239,#391,.T.);
#4333=EDGE_CURVE('',#5240,#5239,#392,.T.);
#4334=EDGE_CURVE('',#5240,#5094,#62,.T.);
#4335=EDGE_CURVE('',#5152,#5238,#63,.T.);
#4336=EDGE_CURVE('',#5235,#5240,#5881,.T.);
#4337=EDGE_CURVE('',#5241,#5241,#5882,.T.);
#4338=EDGE_CURVE('',#5239,#5242,#5883,.T.);
#4339=EDGE_CURVE('',#5242,#5243,#5884,.T.);
#4340=EDGE_CURVE('',#5243,#5233,#5885,.T.);
#4341=EDGE_CURVE('',#5244,#5244,#5886,.T.);
#4342=EDGE_CURVE('',#5234,#5245,#958,.T.);
#4343=EDGE_CURVE('',#5245,#5243,#393,.T.);
#4344=EDGE_CURVE('',#5242,#5246,#394,.T.);
#4345=EDGE_CURVE('',#5245,#5246,#5887,.T.);
#4346=EDGE_CURVE('',#5246,#5238,#959,.T.);
#4347=EDGE_CURVE('',#5222,#5247,#960,.T.);
#4348=EDGE_CURVE('',#5247,#5231,#395,.T.);
#4349=EDGE_CURVE('',#5230,#5248,#396,.T.);
#4350=EDGE_CURVE('',#5247,#5248,#5888,.T.);
#4351=EDGE_CURVE('',#5248,#5226,#961,.T.);
#4352=EDGE_CURVE('',#5210,#5249,#962,.T.);
#4353=EDGE_CURVE('',#5249,#5219,#397,.T.);
#4354=EDGE_CURVE('',#5218,#5250,#398,.T.);
#4355=EDGE_CURVE('',#5249,#5250,#5889,.T.);
#4356=EDGE_CURVE('',#5250,#5214,#963,.T.);
#4357=EDGE_CURVE('',#5198,#5251,#964,.T.);
#4358=EDGE_CURVE('',#5251,#5207,#399,.T.);
#4359=EDGE_CURVE('',#5206,#5252,#400,.T.);
#4360=EDGE_CURVE('',#5251,#5252,#5890,.T.);
#4361=EDGE_CURVE('',#5252,#5202,#965,.T.);
#4362=EDGE_CURVE('',#5193,#5169,#5891,.T.);
#4363=EDGE_CURVE('',#5188,#5168,#5892,.T.);
#4364=EDGE_CURVE('',#5184,#5167,#5893,.T.);
#4365=EDGE_CURVE('',#5195,#5166,#5894,.T.);
#4366=EDGE_CURVE('',#5253,#5253,#5895,.T.);
#4367=EDGE_CURVE('',#5253,#5253,#966,.T.);
#4368=EDGE_CURVE('',#5254,#5254,#5896,.T.);
#4369=EDGE_CURVE('',#5254,#5254,#967,.T.);
#4370=EDGE_CURVE('',#5255,#5255,#5897,.T.);
#4371=EDGE_CURVE('',#5255,#5255,#968,.T.);
#4372=EDGE_CURVE('',#5256,#5256,#5898,.T.);
#4373=EDGE_CURVE('',#5256,#5256,#969,.T.);
#4374=EDGE_CURVE('',#5257,#5258,#5899,.T.);
#4375=EDGE_CURVE('',#5259,#5257,#401,.T.);
#4376=EDGE_CURVE('',#5260,#5259,#5900,.T.);
#4377=EDGE_CURVE('',#5258,#5260,#402,.T.);
#4378=EDGE_CURVE('',#5261,#5259,#403,.T.);
#4379=EDGE_CURVE('',#5261,#5262,#5901,.T.);
#4380=EDGE_CURVE('',#5263,#5262,#404,.T.);
#4381=EDGE_CURVE('',#5263,#5264,#5902,.T.);
#4382=EDGE_CURVE('',#5264,#5265,#5903,.T.);
#4383=EDGE_CURVE('',#5265,#5266,#5904,.T.);
#4384=EDGE_CURVE('',#5266,#5267,#5905,.T.);
#4385=EDGE_CURVE('',#5267,#5268,#5906,.T.);
#4386=EDGE_CURVE('',#5268,#5269,#5907,.T.);
#4387=EDGE_CURVE('',#5269,#5270,#5908,.T.);
#4388=EDGE_CURVE('',#5271,#5270,#405,.T.);
#4389=EDGE_CURVE('',#5271,#5272,#5909,.T.);
#4390=EDGE_CURVE('',#5273,#5272,#406,.T.);
#4391=EDGE_CURVE('',#5273,#5274,#5910,.T.);
#4392=EDGE_CURVE('',#5275,#5274,#407,.T.);
#4393=EDGE_CURVE('',#5275,#5276,#5911,.T.);
#4394=EDGE_CURVE('',#5276,#5277,#5912,.T.);
#4395=EDGE_CURVE('',#5277,#5278,#5913,.T.);
#4396=EDGE_CURVE('',#5278,#5279,#5914,.T.);
#4397=EDGE_CURVE('',#5280,#5279,#5915,.T.);
#4398=EDGE_CURVE('',#5280,#5281,#408,.T.);
#4399=EDGE_CURVE('',#5282,#5281,#5916,.T.);
#4400=EDGE_CURVE('',#5282,#5283,#5917,.T.);
#4401=EDGE_CURVE('',#5283,#5284,#409,.T.);
#4402=EDGE_CURVE('',#5285,#5284,#5918,.T.);
#4403=EDGE_CURVE('',#5286,#5285,#410,.T.);
#4404=EDGE_CURVE('',#5286,#5287,#5919,.T.);
#4405=EDGE_CURVE('',#5287,#5288,#5920,.T.);
#4406=EDGE_CURVE('',#5288,#5289,#5921,.T.);
#4407=EDGE_CURVE('',#5260,#5289,#411,.T.);
#4408=EDGE_CURVE('',#5290,#5290,#5922,.T.);
#4409=EDGE_CURVE('',#5291,#5291,#5923,.T.);
#4410=EDGE_CURVE('',#5289,#5292,#412,.T.);
#4411=EDGE_CURVE('',#5292,#5258,#413,.T.);
#4412=EDGE_CURVE('',#5293,#5288,#414,.T.);
#4413=EDGE_CURVE('',#5292,#5293,#5924,.T.);
#4414=EDGE_CURVE('',#5294,#5295,#5925,.T.);
#4415=EDGE_CURVE('',#5264,#5294,#415,.T.);
#4416=EDGE_CURVE('',#5295,#5263,#416,.T.);
#4417=EDGE_CURVE('',#5262,#5296,#417,.T.);
#4418=EDGE_CURVE('',#5296,#5295,#418,.T.);
#4419=EDGE_CURVE('',#5296,#5297,#5926,.T.);
#4420=EDGE_CURVE('',#5297,#5261,#419,.T.);
#4421=EDGE_CURVE('',#5298,#5299,#5927,.T.);
#4422=EDGE_CURVE('',#5276,#5298,#420,.T.);
#4423=EDGE_CURVE('',#5299,#5275,#421,.T.);
#4424=EDGE_CURVE('',#5274,#5300,#422,.T.);
#4425=EDGE_CURVE('',#5300,#5299,#423,.T.);
#4426=EDGE_CURVE('',#5301,#5269,#424,.T.);
#4427=EDGE_CURVE('',#5302,#5301,#5928,.T.);
#4428=EDGE_CURVE('',#5270,#5302,#425,.T.);
#4429=EDGE_CURVE('',#5302,#5303,#426,.T.);
#4430=EDGE_CURVE('',#5303,#5271,#427,.T.);
#4431=EDGE_CURVE('',#5300,#5304,#5929,.T.);
#4432=EDGE_CURVE('',#5304,#5273,#428,.T.);
#4433=EDGE_CURVE('',#5305,#5303,#5930,.T.);
#4434=EDGE_CURVE('',#5272,#5305,#429,.T.);
#4435=EDGE_CURVE('',#5306,#5306,#5931,.T.);
#4436=EDGE_CURVE('',#5305,#5304,#430,.T.);
#4437=EDGE_CURVE('',#5307,#5298,#5932,.T.);
#4438=EDGE_CURVE('',#5277,#5307,#431,.T.);
#4439=EDGE_CURVE('',#5308,#5308,#5933,.T.);
#4440=EDGE_CURVE('',#5257,#5297,#432,.T.);
#4441=EDGE_CURVE('',#5309,#5294,#5934,.T.);
#4442=EDGE_CURVE('',#5265,#5309,#433,.T.);
#4443=EDGE_CURVE('',#5310,#5310,#5935,.T.);
#4444=EDGE_CURVE('',#5311,#5311,#5936,.T.);
#4445=EDGE_CURVE('',#5312,#5312,#5937,.T.);
#4446=EDGE_CURVE('',#5313,#5313,#5938,.T.);
#4447=EDGE_CURVE('',#5314,#5314,#5939,.T.);
#4448=EDGE_CURVE('',#5315,#5315,#5940,.T.);
#4449=EDGE_CURVE('',#5284,#5316,#434,.T.);
#4450=EDGE_CURVE('',#5317,#5316,#5941,.T.);
#4451=EDGE_CURVE('',#5285,#5317,#435,.T.);
#4452=EDGE_CURVE('',#5318,#5317,#436,.T.);
#4453=EDGE_CURVE('',#5286,#5318,#437,.T.);
#4454=EDGE_CURVE('',#5319,#5320,#438,.T.);
#4455=EDGE_CURVE('',#5319,#5286,#5942,.T.);
#4456=EDGE_CURVE('',#5320,#5318,#5943,.T.);
#4457=EDGE_CURVE('',#5316,#5321,#439,.T.);
#4458=EDGE_CURVE('',#5321,#5320,#5944,.T.);
#4459=EDGE_CURVE('',#5322,#5283,#440,.T.);
#4460=EDGE_CURVE('',#5323,#5322,#5945,.T.);
#4461=EDGE_CURVE('',#5324,#5323,#441,.T.);
#4462=EDGE_CURVE('',#5325,#5324,#442,.T.);
#4463=EDGE_CURVE('',#5326,#5325,#443,.T.);
#4464=EDGE_CURVE('',#5327,#5326,#444,.T.);
#4465=EDGE_CURVE('',#5328,#5327,#445,.T.);
#4466=EDGE_CURVE('',#5329,#5328,#446,.T.);
#4467=EDGE_CURVE('',#5321,#5329,#447,.T.);
#4468=EDGE_CURVE('',#5330,#5329,#5946,.T.);
#4469=EDGE_CURVE('',#5320,#5330,#448,.T.);
#4470=EDGE_CURVE('',#5331,#5332,#5947,.T.);
#4471=EDGE_CURVE('',#5332,#5333,#449,.T.);
#4472=EDGE_CURVE('',#5334,#5333,#5948,.T.);
#4473=EDGE_CURVE('',#5331,#5334,#450,.T.);
#4474=EDGE_CURVE('',#5335,#5324,#5949,.T.);
#4475=EDGE_CURVE('',#5335,#5336,#5950,.T.);
#4476=EDGE_CURVE('',#5336,#5332,#451,.T.);
#4477=EDGE_CURVE('',#5331,#5325,#5951,.T.);
#4478=EDGE_CURVE('',#5337,#5278,#452,.T.);
#4479=EDGE_CURVE('',#5338,#5337,#5952,.T.);
#4480=EDGE_CURVE('',#5279,#5338,#453,.T.);
#4481=EDGE_CURVE('',#5334,#5326,#5953,.T.);
#4482=EDGE_CURVE('',#5335,#5339,#454,.T.);
#4483=EDGE_CURVE('',#5339,#5340,#5954,.T.);
#4484=EDGE_CURVE('',#5340,#5336,#455,.T.);
#4485=EDGE_CURVE('',#5341,#5342,#5955,.T.);
#4486=EDGE_CURVE('',#5342,#5340,#5956,.T.);
#4487=EDGE_CURVE('',#5339,#5341,#5957,.T.);
#4488=EDGE_CURVE('',#5341,#5282,#456,.T.);
#4489=EDGE_CURVE('',#5281,#5342,#457,.T.);
#4490=EDGE_CURVE('',#5343,#5344,#458,.T.);
#4491=EDGE_CURVE('',#5344,#5345,#5958,.T.);
#4492=EDGE_CURVE('',#5346,#5345,#459,.T.);
#4493=EDGE_CURVE('',#5346,#5343,#5959,.T.);
#4494=EDGE_CURVE('',#5327,#5346,#5960,.T.);
#4495=EDGE_CURVE('',#5345,#5328,#5961,.T.);
#4496=EDGE_CURVE('',#5347,#5348,#460,.T.);
#4497=EDGE_CURVE('',#5349,#5347,#461,.T.);
#4498=EDGE_CURVE('',#5333,#5349,#462,.T.);
#4499=EDGE_CURVE('',#5348,#5280,#463,.T.);
#4500=EDGE_CURVE('',#5343,#5349,#464,.T.);
#4501=EDGE_CURVE('',#5348,#5338,#5962,.T.);
#4502=EDGE_CURVE('',#5344,#5347,#465,.T.);
#4503=EDGE_CURVE('',#5350,#5266,#466,.T.);
#4504=EDGE_CURVE('',#5351,#5350,#5963,.T.);
#4505=EDGE_CURVE('',#5267,#5351,#467,.T.);
#4506=EDGE_CURVE('',#5352,#5353,#468,.T.);
#4507=EDGE_CURVE('',#5353,#5277,#64,.T.);
#4508=EDGE_CURVE('',#5307,#5354,#469,.T.);
#4509=EDGE_CURVE('',#5354,#5355,#65,.T.);
#4510=EDGE_CURVE('',#5352,#5355,#470,.T.);
#4511=EDGE_CURVE('',#5356,#5356,#5964,.T.);
#4512=EDGE_CURVE('',#5357,#5357,#5965,.T.);
#4513=EDGE_CURVE('',#5358,#5359,#471,.T.);
#4514=EDGE_CURVE('',#5360,#5359,#472,.T.);
#4515=EDGE_CURVE('',#5360,#5361,#66,.T.);
#4516=EDGE_CURVE('',#5361,#5337,#473,.T.);
#4517=EDGE_CURVE('',#5278,#5358,#67,.T.);
#4518=EDGE_CURVE('',#5355,#5360,#5966,.T.);
#4519=EDGE_CURVE('',#5354,#5361,#5967,.T.);
#4520=EDGE_CURVE('',#5362,#5362,#5968,.T.);
#4521=EDGE_CURVE('',#5359,#5363,#5969,.T.);
#4522=EDGE_CURVE('',#5363,#5364,#5970,.T.);
#4523=EDGE_CURVE('',#5364,#5352,#5971,.T.);
#4524=EDGE_CURVE('',#5365,#5365,#5972,.T.);
#4525=EDGE_CURVE('',#5366,#5268,#474,.T.);
#4526=EDGE_CURVE('',#5301,#5366,#5973,.T.);
#4527=EDGE_CURVE('',#5367,#5368,#475,.T.);
#4528=EDGE_CURVE('',#5368,#5267,#68,.T.);
#4529=EDGE_CURVE('',#5351,#5369,#476,.T.);
#4530=EDGE_CURVE('',#5369,#5370,#69,.T.);
#4531=EDGE_CURVE('',#5367,#5370,#477,.T.);
#4532=EDGE_CURVE('',#5371,#5371,#5974,.T.);
#4533=EDGE_CURVE('',#5372,#5372,#5975,.T.);
#4534=EDGE_CURVE('',#5368,#5373,#970,.T.);
#4535=EDGE_CURVE('',#5374,#5373,#5976,.T.);
#4536=EDGE_CURVE('',#5374,#5375,#971,.T.);
#4537=EDGE_CURVE('',#5268,#5375,#70,.T.);
#4538=EDGE_CURVE('',#5375,#5376,#478,.T.);
#4539=EDGE_CURVE('',#5377,#5376,#479,.T.);
#4540=EDGE_CURVE('',#5377,#5378,#71,.T.);
#4541=EDGE_CURVE('',#5378,#5366,#480,.T.);
#4542=EDGE_CURVE('',#5370,#5377,#5977,.T.);
#4543=EDGE_CURVE('',#5369,#5378,#5978,.T.);
#4544=EDGE_CURVE('',#5379,#5379,#5979,.T.);
#4545=EDGE_CURVE('',#5380,#5380,#5980,.T.);
#4546=EDGE_CURVE('',#5381,#5382,#481,.T.);
#4547=EDGE_CURVE('',#5382,#5265,#72,.T.);
#4548=EDGE_CURVE('',#5309,#5383,#482,.T.);
#4549=EDGE_CURVE('',#5383,#5384,#73,.T.);
#4550=EDGE_CURVE('',#5381,#5384,#483,.T.);
#4551=EDGE_CURVE('',#5385,#5385,#5981,.T.);
#4552=EDGE_CURVE('',#5386,#5386,#5982,.T.);
#4553=EDGE_CURVE('',#5382,#5387,#972,.T.);
#4554=EDGE_CURVE('',#5388,#5387,#5983,.T.);
#4555=EDGE_CURVE('',#5388,#5389,#973,.T.);
#4556=EDGE_CURVE('',#5266,#5389,#74,.T.);
#4557=EDGE_CURVE('',#5389,#5390,#484,.T.);
#4558=EDGE_CURVE('',#5391,#5390,#485,.T.);
#4559=EDGE_CURVE('',#5391,#5392,#75,.T.);
#4560=EDGE_CURVE('',#5392,#5350,#486,.T.);
#4561=EDGE_CURVE('',#5384,#5391,#5984,.T.);
#4562=EDGE_CURVE('',#5383,#5392,#5985,.T.);
#4563=EDGE_CURVE('',#5393,#5393,#5986,.T.);
#4564=EDGE_CURVE('',#5394,#5394,#5987,.T.);
#4565=EDGE_CURVE('',#5395,#5287,#487,.T.);
#4566=EDGE_CURVE('',#5293,#5395,#5988,.T.);
#4567=EDGE_CURVE('',#5396,#5397,#488,.T.);
#4568=EDGE_CURVE('',#5397,#5319,#76,.T.);
#4569=EDGE_CURVE('',#5330,#5398,#489,.T.);
#4570=EDGE_CURVE('',#5398,#5399,#77,.T.);
#4571=EDGE_CURVE('',#5396,#5399,#490,.T.);
#4572=EDGE_CURVE('',#5400,#5400,#5989,.T.);
#4573=EDGE_CURVE('',#5401,#5401,#5990,.T.);
#4574=EDGE_CURVE('',#5402,#5403,#491,.T.);
#4575=EDGE_CURVE('',#5404,#5403,#492,.T.);
#4576=EDGE_CURVE('',#5404,#5405,#78,.T.);
#4577=EDGE_CURVE('',#5405,#5395,#493,.T.);
#4578=EDGE_CURVE('',#5287,#5402,#79,.T.);
#4579=EDGE_CURVE('',#5399,#5404,#5991,.T.);
#4580=EDGE_CURVE('',#5398,#5405,#5992,.T.);
#4581=EDGE_CURVE('',#5406,#5406,#5993,.T.);
#4582=EDGE_CURVE('',#5403,#5407,#5994,.T.);
#4583=EDGE_CURVE('',#5407,#5408,#5995,.T.);
#4584=EDGE_CURVE('',#5408,#5396,#5996,.T.);
#4585=EDGE_CURVE('',#5409,#5409,#5997,.T.);
#4586=EDGE_CURVE('',#5353,#5410,#974,.T.);
#4587=EDGE_CURVE('',#5410,#5364,#494,.T.);
#4588=EDGE_CURVE('',#5363,#5411,#495,.T.);
#4589=EDGE_CURVE('',#5411,#5410,#5998,.T.);
#4590=EDGE_CURVE('',#5411,#5358,#975,.T.);
#4591=EDGE_CURVE('',#5376,#5412,#5999,.T.);
#4592=EDGE_CURVE('',#5412,#5374,#496,.T.);
#4593=EDGE_CURVE('',#5373,#5413,#497,.T.);
#4594=EDGE_CURVE('',#5412,#5413,#6000,.T.);
#4595=EDGE_CURVE('',#5413,#5367,#6001,.T.);
#4596=EDGE_CURVE('',#5390,#5414,#6002,.T.);
#4597=EDGE_CURVE('',#5414,#5388,#498,.T.);
#4598=EDGE_CURVE('',#5387,#5415,#499,.T.);
#4599=EDGE_CURVE('',#5414,#5415,#6003,.T.);
#4600=EDGE_CURVE('',#5415,#5381,#6004,.T.);
#4601=EDGE_CURVE('',#5397,#5416,#976,.T.);
#4602=EDGE_CURVE('',#5416,#5408,#500,.T.);
#4603=EDGE_CURVE('',#5407,#5417,#501,.T.);
#4604=EDGE_CURVE('',#5417,#5416,#6005,.T.);
#4605=EDGE_CURVE('',#5417,#5402,#977,.T.);
#4606=EDGE_CURVE('',#5339,#5323,#6006,.T.);
#4607=EDGE_CURVE('',#5341,#5322,#6007,.T.);
#4608=EDGE_CURVE('',#5418,#5418,#6008,.T.);
#4609=EDGE_CURVE('',#5419,#5419,#6009,.T.);
#4610=EDGE_CURVE('',#5420,#5420,#6010,.T.);
#4611=EDGE_CURVE('',#5421,#5421,#6011,.T.);
#4612=EDGE_CURVE('',#5422,#5422,#6012,.T.);
#4613=EDGE_CURVE('',#5423,#5423,#6013,.T.);
#4614=EDGE_CURVE('',#5424,#5424,#6014,.T.);
#4615=EDGE_CURVE('',#5425,#5425,#6015,.T.);
#4616=EDGE_CURVE('',#5426,#5426,#6016,.T.);
#4617=EDGE_CURVE('',#5427,#5427,#6017,.T.);
#4618=EDGE_CURVE('',#5428,#5428,#6018,.T.);
#4619=EDGE_CURVE('',#5429,#5429,#6019,.T.);
#4620=EDGE_CURVE('',#5430,#5430,#6020,.T.);
#4621=EDGE_CURVE('',#5431,#5431,#6021,.T.);
#4622=EDGE_CURVE('',#5432,#5432,#6022,.T.);
#4623=EDGE_CURVE('',#5433,#5433,#6023,.T.);
#4624=EDGE_CURVE('',#5434,#5434,#6024,.T.);
#4625=EDGE_CURVE('',#5435,#5435,#6025,.T.);
#4626=EDGE_CURVE('',#5436,#5436,#6026,.T.);
#4627=EDGE_CURVE('',#5437,#5437,#6027,.T.);
#4628=EDGE_CURVE('',#5438,#5438,#6028,.T.);
#4629=EDGE_CURVE('',#5439,#5439,#6029,.T.);
#4630=EDGE_CURVE('',#5440,#5440,#6030,.T.);
#4631=EDGE_CURVE('',#5441,#5441,#6031,.T.);
#4632=EDGE_CURVE('',#5442,#5442,#6032,.T.);
#4633=EDGE_CURVE('',#5443,#5443,#6033,.T.);
#4634=EDGE_CURVE('',#5444,#5444,#6034,.T.);
#4635=EDGE_CURVE('',#5445,#5445,#6035,.T.);
#4636=EDGE_CURVE('',#5446,#5446,#6036,.T.);
#4637=EDGE_CURVE('',#5447,#5447,#6037,.T.);
#4638=EDGE_CURVE('',#5448,#5448,#6038,.T.);
#4639=EDGE_CURVE('',#5449,#5449,#6039,.T.);
#4640=EDGE_CURVE('',#5450,#5450,#6040,.T.);
#4641=EDGE_CURVE('',#5451,#5451,#6041,.T.);
#4642=EDGE_CURVE('',#5452,#5452,#6042,.T.);
#4643=EDGE_CURVE('',#5453,#5453,#6043,.T.);
#4644=EDGE_CURVE('',#5454,#5454,#6044,.T.);
#4645=EDGE_CURVE('',#5455,#5455,#6045,.T.);
#4646=EDGE_CURVE('',#5456,#5456,#6046,.T.);
#4647=EDGE_CURVE('',#5457,#5457,#6047,.T.);
#4648=EDGE_CURVE('',#5458,#5458,#6048,.T.);
#4649=EDGE_CURVE('',#5459,#5459,#6049,.T.);
#4650=EDGE_CURVE('',#5460,#5460,#6050,.T.);
#4651=EDGE_CURVE('',#5461,#5461,#6051,.T.);
#4652=EDGE_CURVE('',#5462,#5462,#6052,.T.);
#4653=EDGE_CURVE('',#5463,#5463,#6053,.T.);
#4654=EDGE_CURVE('',#5464,#5464,#6054,.T.);
#4655=EDGE_CURVE('',#5465,#5465,#6055,.T.);
#4656=VERTEX_POINT('',#12480);
#4657=VERTEX_POINT('',#12482);
#4658=VERTEX_POINT('',#12485);
#4659=VERTEX_POINT('',#12487);
#4660=VERTEX_POINT('',#12491);
#4661=VERTEX_POINT('',#12494);
#4662=VERTEX_POINT('',#12496);
#4663=VERTEX_POINT('',#12499);
#4664=VERTEX_POINT('',#12501);
#4665=VERTEX_POINT('',#12505);
#4666=VERTEX_POINT('',#12507);
#4667=VERTEX_POINT('',#12510);
#4668=VERTEX_POINT('',#12513);
#4669=VERTEX_POINT('',#12515);
#4670=VERTEX_POINT('',#12519);
#4671=VERTEX_POINT('',#12521);
#4672=VERTEX_POINT('',#12529);
#4673=VERTEX_POINT('',#12551);
#4674=VERTEX_POINT('',#12573);
#4675=VERTEX_POINT('',#12595);
#4676=VERTEX_POINT('',#12617);
#4677=VERTEX_POINT('',#12618);
#4678=VERTEX_POINT('',#12620);
#4679=VERTEX_POINT('',#12622);
#4680=VERTEX_POINT('',#12626);
#4681=VERTEX_POINT('',#12628);
#4682=VERTEX_POINT('',#12632);
#4683=VERTEX_POINT('',#12634);
#4684=VERTEX_POINT('',#12638);
#4685=VERTEX_POINT('',#12640);
#4686=VERTEX_POINT('',#12642);
#4687=VERTEX_POINT('',#12644);
#4688=VERTEX_POINT('',#12646);
#4689=VERTEX_POINT('',#12648);
#4690=VERTEX_POINT('',#12650);
#4691=VERTEX_POINT('',#12652);
#4692=VERTEX_POINT('',#12654);
#4693=VERTEX_POINT('',#12656);
#4694=VERTEX_POINT('',#12658);
#4695=VERTEX_POINT('',#12660);
#4696=VERTEX_POINT('',#12662);
#4697=VERTEX_POINT('',#12664);
#4698=VERTEX_POINT('',#12666);
#4699=VERTEX_POINT('',#12668);
#4700=VERTEX_POINT('',#12670);
#4701=VERTEX_POINT('',#12672);
#4702=VERTEX_POINT('',#12674);
#4703=VERTEX_POINT('',#12676);
#4704=VERTEX_POINT('',#12678);
#4705=VERTEX_POINT('',#12680);
#4706=VERTEX_POINT('',#12682);
#4707=VERTEX_POINT('',#12684);
#4708=VERTEX_POINT('',#12686);
#4709=VERTEX_POINT('',#12688);
#4710=VERTEX_POINT('',#12690);
#4711=VERTEX_POINT('',#12692);
#4712=VERTEX_POINT('',#12695);
#4713=VERTEX_POINT('',#12697);
#4714=VERTEX_POINT('',#12699);
#4715=VERTEX_POINT('',#12701);
#4716=VERTEX_POINT('',#12703);
#4717=VERTEX_POINT('',#12706);
#4718=VERTEX_POINT('',#12710);
#4719=VERTEX_POINT('',#12712);
#4720=VERTEX_POINT('',#12716);
#4721=VERTEX_POINT('',#12722);
#4722=VERTEX_POINT('',#12723);
#4723=VERTEX_POINT('',#12728);
#4724=VERTEX_POINT('',#12732);
#4725=VERTEX_POINT('',#12736);
#4726=VERTEX_POINT('',#12737);
#4727=VERTEX_POINT('',#12744);
#4728=VERTEX_POINT('',#12745);
#4729=VERTEX_POINT('',#12752);
#4730=VERTEX_POINT('',#12755);
#4731=VERTEX_POINT('',#12759);
#4732=VERTEX_POINT('',#12762);
#4733=VERTEX_POINT('',#12766);
#4734=VERTEX_POINT('',#12769);
#4735=VERTEX_POINT('',#12772);
#4736=VERTEX_POINT('',#12775);
#4737=VERTEX_POINT('',#12776);
#4738=VERTEX_POINT('',#12781);
#4739=VERTEX_POINT('',#12785);
#4740=VERTEX_POINT('',#12789);
#4741=VERTEX_POINT('',#12791);
#4742=VERTEX_POINT('',#12793);
#4743=VERTEX_POINT('',#12795);
#4744=VERTEX_POINT('',#12797);
#4745=VERTEX_POINT('',#12799);
#4746=VERTEX_POINT('',#12801);
#4747=VERTEX_POINT('',#12803);
#4748=VERTEX_POINT('',#12807);
#4749=VERTEX_POINT('',#12809);
#4750=VERTEX_POINT('',#12811);
#4751=VERTEX_POINT('',#12813);
#4752=VERTEX_POINT('',#12815);
#4753=VERTEX_POINT('',#12817);
#4754=VERTEX_POINT('',#12819);
#4755=VERTEX_POINT('',#12821);
#4756=VERTEX_POINT('',#12823);
#4757=VERTEX_POINT('',#12826);
#4758=VERTEX_POINT('',#12828);
#4759=VERTEX_POINT('',#12830);
#4760=VERTEX_POINT('',#12833);
#4761=VERTEX_POINT('',#12835);
#4762=VERTEX_POINT('',#12837);
#4763=VERTEX_POINT('',#12839);
#4764=VERTEX_POINT('',#12841);
#4765=VERTEX_POINT('',#12843);
#4766=VERTEX_POINT('',#12845);
#4767=VERTEX_POINT('',#12849);
#4768=VERTEX_POINT('',#12853);
#4769=VERTEX_POINT('',#12855);
#4770=VERTEX_POINT('',#12857);
#4771=VERTEX_POINT('',#12859);
#4772=VERTEX_POINT('',#12863);
#4773=VERTEX_POINT('',#12867);
#4774=VERTEX_POINT('',#12869);
#4775=VERTEX_POINT('',#12871);
#4776=VERTEX_POINT('',#12879);
#4777=VERTEX_POINT('',#12880);
#4778=VERTEX_POINT('',#12882);
#4779=VERTEX_POINT('',#12884);
#4780=VERTEX_POINT('',#12888);
#4781=VERTEX_POINT('',#12890);
#4782=VERTEX_POINT('',#12892);
#4783=VERTEX_POINT('',#12894);
#4784=VERTEX_POINT('',#12897);
#4785=VERTEX_POINT('',#12900);
#4786=VERTEX_POINT('',#12904);
#4787=VERTEX_POINT('',#12916);
#4788=VERTEX_POINT('',#12917);
#4789=VERTEX_POINT('',#12919);
#4790=VERTEX_POINT('',#12921);
#4791=VERTEX_POINT('',#12925);
#4792=VERTEX_POINT('',#12927);
#4793=VERTEX_POINT('',#12929);
#4794=VERTEX_POINT('',#12931);
#4795=VERTEX_POINT('',#12934);
#4796=VERTEX_POINT('',#12937);
#4797=VERTEX_POINT('',#12941);
#4798=VERTEX_POINT('',#12949);
#4799=VERTEX_POINT('',#12950);
#4800=VERTEX_POINT('',#12952);
#4801=VERTEX_POINT('',#12958);
#4802=VERTEX_POINT('',#12967);
#4803=VERTEX_POINT('',#12973);
#4804=VERTEX_POINT('',#12977);
#4805=VERTEX_POINT('',#12981);
#4806=VERTEX_POINT('',#12989);
#4807=VERTEX_POINT('',#12990);
#4808=VERTEX_POINT('',#12992);
#4809=VERTEX_POINT('',#12994);
#4810=VERTEX_POINT('',#12998);
#4811=VERTEX_POINT('',#13000);
#4812=VERTEX_POINT('',#13002);
#4813=VERTEX_POINT('',#13004);
#4814=VERTEX_POINT('',#13007);
#4815=VERTEX_POINT('',#13010);
#4816=VERTEX_POINT('',#13014);
#4817=VERTEX_POINT('',#13022);
#4818=VERTEX_POINT('',#13025);
#4819=VERTEX_POINT('',#13028);
#4820=VERTEX_POINT('',#13051);
#4821=VERTEX_POINT('',#13054);
#4822=VERTEX_POINT('',#13057);
#4823=VERTEX_POINT('',#13080);
#4824=VERTEX_POINT('',#13083);
#4825=VERTEX_POINT('',#13086);
#4826=VERTEX_POINT('',#13088);
#4827=VERTEX_POINT('',#13091);
#4828=VERTEX_POINT('',#13094);
#4829=VERTEX_POINT('',#13110);
#4830=VERTEX_POINT('',#13113);
#4831=VERTEX_POINT('',#13116);
#4832=VERTEX_POINT('',#13144);
#4833=VERTEX_POINT('',#13146);
#4834=VERTEX_POINT('',#13151);
#4835=VERTEX_POINT('',#13155);
#4836=VERTEX_POINT('',#13183);
#4837=VERTEX_POINT('',#13185);
#4838=VERTEX_POINT('',#13188);
#4839=VERTEX_POINT('',#13190);
#4840=VERTEX_POINT('',#13194);
#4841=VERTEX_POINT('',#13197);
#4842=VERTEX_POINT('',#13199);
#4843=VERTEX_POINT('',#13202);
#4844=VERTEX_POINT('',#13204);
#4845=VERTEX_POINT('',#13208);
#4846=VERTEX_POINT('',#13210);
#4847=VERTEX_POINT('',#13213);
#4848=VERTEX_POINT('',#13216);
#4849=VERTEX_POINT('',#13218);
#4850=VERTEX_POINT('',#13222);
#4851=VERTEX_POINT('',#13224);
#4852=VERTEX_POINT('',#13232);
#4853=VERTEX_POINT('',#13254);
#4854=VERTEX_POINT('',#13276);
#4855=VERTEX_POINT('',#13298);
#4856=VERTEX_POINT('',#13320);
#4857=VERTEX_POINT('',#13321);
#4858=VERTEX_POINT('',#13323);
#4859=VERTEX_POINT('',#13325);
#4860=VERTEX_POINT('',#13329);
#4861=VERTEX_POINT('',#13331);
#4862=VERTEX_POINT('',#13335);
#4863=VERTEX_POINT('',#13337);
#4864=VERTEX_POINT('',#13341);
#4865=VERTEX_POINT('',#13343);
#4866=VERTEX_POINT('',#13345);
#4867=VERTEX_POINT('',#13347);
#4868=VERTEX_POINT('',#13349);
#4869=VERTEX_POINT('',#13351);
#4870=VERTEX_POINT('',#13353);
#4871=VERTEX_POINT('',#13355);
#4872=VERTEX_POINT('',#13357);
#4873=VERTEX_POINT('',#13359);
#4874=VERTEX_POINT('',#13361);
#4875=VERTEX_POINT('',#13363);
#4876=VERTEX_POINT('',#13365);
#4877=VERTEX_POINT('',#13367);
#4878=VERTEX_POINT('',#13369);
#4879=VERTEX_POINT('',#13371);
#4880=VERTEX_POINT('',#13373);
#4881=VERTEX_POINT('',#13375);
#4882=VERTEX_POINT('',#13377);
#4883=VERTEX_POINT('',#13379);
#4884=VERTEX_POINT('',#13381);
#4885=VERTEX_POINT('',#13383);
#4886=VERTEX_POINT('',#13385);
#4887=VERTEX_POINT('',#13387);
#4888=VERTEX_POINT('',#13389);
#4889=VERTEX_POINT('',#13391);
#4890=VERTEX_POINT('',#13393);
#4891=VERTEX_POINT('',#13395);
#4892=VERTEX_POINT('',#13397);
#4893=VERTEX_POINT('',#13399);
#4894=VERTEX_POINT('',#13401);
#4895=VERTEX_POINT('',#13403);
#4896=VERTEX_POINT('',#13405);
#4897=VERTEX_POINT('',#13407);
#4898=VERTEX_POINT('',#13409);
#4899=VERTEX_POINT('',#13412);
#4900=VERTEX_POINT('',#13414);
#4901=VERTEX_POINT('',#13417);
#4902=VERTEX_POINT('',#13419);
#4903=VERTEX_POINT('',#13423);
#4904=VERTEX_POINT('',#13427);
#4905=VERTEX_POINT('',#13431);
#4906=VERTEX_POINT('',#13433);
#4907=VERTEX_POINT('',#13437);
#4908=VERTEX_POINT('',#13441);
#4909=VERTEX_POINT('',#13445);
#4910=VERTEX_POINT('',#13447);
#4911=VERTEX_POINT('',#13453);
#4912=VERTEX_POINT('',#13454);
#4913=VERTEX_POINT('',#13461);
#4914=VERTEX_POINT('',#13466);
#4915=VERTEX_POINT('',#13470);
#4916=VERTEX_POINT('',#13474);
#4917=VERTEX_POINT('',#13477);
#4918=VERTEX_POINT('',#13481);
#4919=VERTEX_POINT('',#13485);
#4920=VERTEX_POINT('',#13487);
#4921=VERTEX_POINT('',#13490);
#4922=VERTEX_POINT('',#13492);
#4923=VERTEX_POINT('',#13495);
#4924=VERTEX_POINT('',#13497);
#4925=VERTEX_POINT('',#13500);
#4926=VERTEX_POINT('',#13501);
#4927=VERTEX_POINT('',#13503);
#4928=VERTEX_POINT('',#13505);
#4929=VERTEX_POINT('',#13509);
#4930=VERTEX_POINT('',#13511);
#4931=VERTEX_POINT('',#13515);
#4932=VERTEX_POINT('',#13519);
#4933=VERTEX_POINT('',#13521);
#4934=VERTEX_POINT('',#13523);
#4935=VERTEX_POINT('',#13525);
#4936=VERTEX_POINT('',#13527);
#4937=VERTEX_POINT('',#13529);
#4938=VERTEX_POINT('',#13531);
#4939=VERTEX_POINT('',#13533);
#4940=VERTEX_POINT('',#13535);
#4941=VERTEX_POINT('',#13537);
#4942=VERTEX_POINT('',#13539);
#4943=VERTEX_POINT('',#13544);
#4944=VERTEX_POINT('',#13546);
#4945=VERTEX_POINT('',#13549);
#4946=VERTEX_POINT('',#13551);
#4947=VERTEX_POINT('',#13553);
#4948=VERTEX_POINT('',#13555);
#4949=VERTEX_POINT('',#13557);
#4950=VERTEX_POINT('',#13560);
#4951=VERTEX_POINT('',#13564);
#4952=VERTEX_POINT('',#13568);
#4953=VERTEX_POINT('',#13572);
#4954=VERTEX_POINT('',#13576);
#4955=VERTEX_POINT('',#13578);
#4956=VERTEX_POINT('',#13580);
#4957=VERTEX_POINT('',#13584);
#4958=VERTEX_POINT('',#13588);
#4959=VERTEX_POINT('',#13590);
#4960=VERTEX_POINT('',#13592);
#4961=VERTEX_POINT('',#13596);
#4962=VERTEX_POINT('',#13597);
#4963=VERTEX_POINT('',#13599);
#4964=VERTEX_POINT('',#13605);
#4965=VERTEX_POINT('',#13614);
#4966=VERTEX_POINT('',#13620);
#4967=VERTEX_POINT('',#13624);
#4968=VERTEX_POINT('',#13628);
#4969=VERTEX_POINT('',#13632);
#4970=VERTEX_POINT('',#13633);
#4971=VERTEX_POINT('',#13635);
#4972=VERTEX_POINT('',#13641);
#4973=VERTEX_POINT('',#13650);
#4974=VERTEX_POINT('',#13656);
#4975=VERTEX_POINT('',#13660);
#4976=VERTEX_POINT('',#13664);
#4977=VERTEX_POINT('',#13668);
#4978=VERTEX_POINT('',#13669);
#4979=VERTEX_POINT('',#13671);
#4980=VERTEX_POINT('',#13677);
#4981=VERTEX_POINT('',#13686);
#4982=VERTEX_POINT('',#13692);
#4983=VERTEX_POINT('',#13696);
#4984=VERTEX_POINT('',#13700);
#4985=VERTEX_POINT('',#13704);
#4986=VERTEX_POINT('',#13705);
#4987=VERTEX_POINT('',#13707);
#4988=VERTEX_POINT('',#13713);
#4989=VERTEX_POINT('',#13722);
#4990=VERTEX_POINT('',#13728);
#4991=VERTEX_POINT('',#13732);
#4992=VERTEX_POINT('',#13736);
#4993=VERTEX_POINT('',#13740);
#4994=VERTEX_POINT('',#13743);
#4995=VERTEX_POINT('',#13746);
#4996=VERTEX_POINT('',#13748);
#4997=VERTEX_POINT('',#13751);
#4998=VERTEX_POINT('',#13754);
#4999=VERTEX_POINT('',#13769);
#5000=VERTEX_POINT('',#13772);
#5001=VERTEX_POINT('',#13775);
#5002=VERTEX_POINT('',#13777);
#5003=VERTEX_POINT('',#13780);
#5004=VERTEX_POINT('',#13783);
#5005=VERTEX_POINT('',#13797);
#5006=VERTEX_POINT('',#13800);
#5007=VERTEX_POINT('',#13803);
#5008=VERTEX_POINT('',#13805);
#5009=VERTEX_POINT('',#13808);
#5010=VERTEX_POINT('',#13811);
#5011=VERTEX_POINT('',#13826);
#5012=VERTEX_POINT('',#13829);
#5013=VERTEX_POINT('',#13832);
#5014=VERTEX_POINT('',#13834);
#5015=VERTEX_POINT('',#13837);
#5016=VERTEX_POINT('',#13840);
#5017=VERTEX_POINT('',#13854);
#5018=VERTEX_POINT('',#13856);
#5019=VERTEX_POINT('',#13860);
#5020=VERTEX_POINT('',#13866);
#5021=VERTEX_POINT('',#13881);
#5022=VERTEX_POINT('',#13885);
#5023=VERTEX_POINT('',#13889);
#5024=VERTEX_POINT('',#13893);
#5025=VERTEX_POINT('',#13895);
#5026=VERTEX_POINT('',#13899);
#5027=VERTEX_POINT('',#13901);
#5028=VERTEX_POINT('',#13942);
#5029=VERTEX_POINT('',#13944);
#5030=VERTEX_POINT('',#13947);
#5031=VERTEX_POINT('',#13949);
#5032=VERTEX_POINT('',#13953);
#5033=VERTEX_POINT('',#13956);
#5034=VERTEX_POINT('',#13958);
#5035=VERTEX_POINT('',#13961);
#5036=VERTEX_POINT('',#13963);
#5037=VERTEX_POINT('',#13967);
#5038=VERTEX_POINT('',#13969);
#5039=VERTEX_POINT('',#13972);
#5040=VERTEX_POINT('',#13975);
#5041=VERTEX_POINT('',#13977);
#5042=VERTEX_POINT('',#13981);
#5043=VERTEX_POINT('',#13983);
#5044=VERTEX_POINT('',#13991);
#5045=VERTEX_POINT('',#13993);
#5046=VERTEX_POINT('',#13996);
#5047=VERTEX_POINT('',#13998);
#5048=VERTEX_POINT('',#14002);
#5049=VERTEX_POINT('',#14005);
#5050=VERTEX_POINT('',#14007);
#5051=VERTEX_POINT('',#14010);
#5052=VERTEX_POINT('',#14012);
#5053=VERTEX_POINT('',#14016);
#5054=VERTEX_POINT('',#14018);
#5055=VERTEX_POINT('',#14021);
#5056=VERTEX_POINT('',#14024);
#5057=VERTEX_POINT('',#14026);
#5058=VERTEX_POINT('',#14030);
#5059=VERTEX_POINT('',#14032);
#5060=VERTEX_POINT('',#14040);
#5061=VERTEX_POINT('',#14042);
#5062=VERTEX_POINT('',#14045);
#5063=VERTEX_POINT('',#14047);
#5064=VERTEX_POINT('',#14051);
#5065=VERTEX_POINT('',#14054);
#5066=VERTEX_POINT('',#14056);
#5067=VERTEX_POINT('',#14059);
#5068=VERTEX_POINT('',#14061);
#5069=VERTEX_POINT('',#14065);
#5070=VERTEX_POINT('',#14067);
#5071=VERTEX_POINT('',#14070);
#5072=VERTEX_POINT('',#14073);
#5073=VERTEX_POINT('',#14075);
#5074=VERTEX_POINT('',#14079);
#5075=VERTEX_POINT('',#14081);
#5076=VERTEX_POINT('',#14089);
#5077=VERTEX_POINT('',#14111);
#5078=VERTEX_POINT('',#14133);
#5079=VERTEX_POINT('',#14155);
#5080=VERTEX_POINT('',#14177);
#5081=VERTEX_POINT('',#14178);
#5082=VERTEX_POINT('',#14180);
#5083=VERTEX_POINT('',#14182);
#5084=VERTEX_POINT('',#14186);
#5085=VERTEX_POINT('',#14188);
#5086=VERTEX_POINT('',#14192);
#5087=VERTEX_POINT('',#14194);
#5088=VERTEX_POINT('',#14198);
#5089=VERTEX_POINT('',#14200);
#5090=VERTEX_POINT('',#14204);
#5091=VERTEX_POINT('',#14206);
#5092=VERTEX_POINT('',#14208);
#5093=VERTEX_POINT('',#14210);
#5094=VERTEX_POINT('',#14212);
#5095=VERTEX_POINT('',#14214);
#5096=VERTEX_POINT('',#14216);
#5097=VERTEX_POINT('',#14218);
#5098=VERTEX_POINT('',#14220);
#5099=VERTEX_POINT('',#14222);
#5100=VERTEX_POINT('',#14224);
#5101=VERTEX_POINT('',#14226);
#5102=VERTEX_POINT('',#14228);
#5103=VERTEX_POINT('',#14230);
#5104=VERTEX_POINT('',#14232);
#5105=VERTEX_POINT('',#14234);
#5106=VERTEX_POINT('',#14236);
#5107=VERTEX_POINT('',#14238);
#5108=VERTEX_POINT('',#14240);
#5109=VERTEX_POINT('',#14242);
#5110=VERTEX_POINT('',#14244);
#5111=VERTEX_POINT('',#14246);
#5112=VERTEX_POINT('',#14248);
#5113=VERTEX_POINT('',#14250);
#5114=VERTEX_POINT('',#14252);
#5115=VERTEX_POINT('',#14254);
#5116=VERTEX_POINT('',#14256);
#5117=VERTEX_POINT('',#14258);
#5118=VERTEX_POINT('',#14260);
#5119=VERTEX_POINT('',#14262);
#5120=VERTEX_POINT('',#14264);
#5121=VERTEX_POINT('',#14266);
#5122=VERTEX_POINT('',#14268);
#5123=VERTEX_POINT('',#14270);
#5124=VERTEX_POINT('',#14273);
#5125=VERTEX_POINT('',#14275);
#5126=VERTEX_POINT('',#14277);
#5127=VERTEX_POINT('',#14279);
#5128=VERTEX_POINT('',#14281);
#5129=VERTEX_POINT('',#14284);
#5130=VERTEX_POINT('',#14288);
#5131=VERTEX_POINT('',#14290);
#5132=VERTEX_POINT('',#14292);
#5133=VERTEX_POINT('',#14294);
#5134=VERTEX_POINT('',#14296);
#5135=VERTEX_POINT('',#14298);
#5136=VERTEX_POINT('',#14300);
#5137=VERTEX_POINT('',#14302);
#5138=VERTEX_POINT('',#14304);
#5139=VERTEX_POINT('',#14306);
#5140=VERTEX_POINT('',#14308);
#5141=VERTEX_POINT('',#14310);
#5142=VERTEX_POINT('',#14312);
#5143=VERTEX_POINT('',#14314);
#5144=VERTEX_POINT('',#14316);
#5145=VERTEX_POINT('',#14318);
#5146=VERTEX_POINT('',#14320);
#5147=VERTEX_POINT('',#14322);
#5148=VERTEX_POINT('',#14324);
#5149=VERTEX_POINT('',#14326);
#5150=VERTEX_POINT('',#14328);
#5151=VERTEX_POINT('',#14330);
#5152=VERTEX_POINT('',#14332);
#5153=VERTEX_POINT('',#14334);
#5154=VERTEX_POINT('',#14336);
#5155=VERTEX_POINT('',#14339);
#5156=VERTEX_POINT('',#14341);
#5157=VERTEX_POINT('',#14373);
#5158=VERTEX_POINT('',#14376);
#5159=VERTEX_POINT('',#14379);
#5160=VERTEX_POINT('',#14382);
#5161=VERTEX_POINT('',#14384);
#5162=VERTEX_POINT('',#14388);
#5163=VERTEX_POINT('',#14392);
#5164=VERTEX_POINT('',#14393);
#5165=VERTEX_POINT('',#14398);
#5166=VERTEX_POINT('',#14403);
#5167=VERTEX_POINT('',#14405);
#5168=VERTEX_POINT('',#14407);
#5169=VERTEX_POINT('',#14409);
#5170=VERTEX_POINT('',#14411);
#5171=VERTEX_POINT('',#14413);
#5172=VERTEX_POINT('',#14415);
#5173=VERTEX_POINT('',#14417);
#5174=VERTEX_POINT('',#14419);
#5175=VERTEX_POINT('',#14421);
#5176=VERTEX_POINT('',#14425);
#5177=VERTEX_POINT('',#14427);
#5178=VERTEX_POINT('',#14429);
#5179=VERTEX_POINT('',#14431);
#5180=VERTEX_POINT('',#14435);
#5181=VERTEX_POINT('',#14436);
#5182=VERTEX_POINT('',#14441);
#5183=VERTEX_POINT('',#14443);
#5184=VERTEX_POINT('',#14459);
#5185=VERTEX_POINT('',#14460);
#5186=VERTEX_POINT('',#14465);
#5187=VERTEX_POINT('',#14467);
#5188=VERTEX_POINT('',#14473);
#5189=VERTEX_POINT('',#14491);
#5190=VERTEX_POINT('',#14492);
#5191=VERTEX_POINT('',#14494);
#5192=VERTEX_POINT('',#14496);
#5193=VERTEX_POINT('',#14503);
#5194=VERTEX_POINT('',#14505);
#5195=VERTEX_POINT('',#14519);
#5196=VERTEX_POINT('',#14523);
#5197=VERTEX_POINT('',#14534);
#5198=VERTEX_POINT('',#14535);
#5199=VERTEX_POINT('',#14542);
#5200=VERTEX_POINT('',#14546);
#5201=VERTEX_POINT('',#14548);
#5202=VERTEX_POINT('',#14551);
#5203=VERTEX_POINT('',#14552);
#5204=VERTEX_POINT('',#14554);
#5205=VERTEX_POINT('',#14566);
#5206=VERTEX_POINT('',#14569);
#5207=VERTEX_POINT('',#14571);
#5208=VERTEX_POINT('',#14575);
#5209=VERTEX_POINT('',#14582);
#5210=VERTEX_POINT('',#14583);
#5211=VERTEX_POINT('',#14590);
#5212=VERTEX_POINT('',#14594);
#5213=VERTEX_POINT('',#14596);
#5214=VERTEX_POINT('',#14599);
#5215=VERTEX_POINT('',#14600);
#5216=VERTEX_POINT('',#14602);
#5217=VERTEX_POINT('',#14613);
#5218=VERTEX_POINT('',#14616);
#5219=VERTEX_POINT('',#14618);
#5220=VERTEX_POINT('',#14622);
#5221=VERTEX_POINT('',#14626);
#5222=VERTEX_POINT('',#14627);
#5223=VERTEX_POINT('',#14634);
#5224=VERTEX_POINT('',#14638);
#5225=VERTEX_POINT('',#14640);
#5226=VERTEX_POINT('',#14643);
#5227=VERTEX_POINT('',#14644);
#5228=VERTEX_POINT('',#14646);
#5229=VERTEX_POINT('',#14657);
#5230=VERTEX_POINT('',#14660);
#5231=VERTEX_POINT('',#14662);
#5232=VERTEX_POINT('',#14666);
#5233=VERTEX_POINT('',#14672);
#5234=VERTEX_POINT('',#14673);
#5235=VERTEX_POINT('',#14680);
#5236=VERTEX_POINT('',#14684);
#5237=VERTEX_POINT('',#14686);
#5238=VERTEX_POINT('',#14689);
#5239=VERTEX_POINT('',#14690);
#5240=VERTEX_POINT('',#14692);
#5241=VERTEX_POINT('',#14703);
#5242=VERTEX_POINT('',#14706);
#5243=VERTEX_POINT('',#14708);
#5244=VERTEX_POINT('',#14712);
#5245=VERTEX_POINT('',#14720);
#5246=VERTEX_POINT('',#14724);
#5247=VERTEX_POINT('',#14739);
#5248=VERTEX_POINT('',#14743);
#5249=VERTEX_POINT('',#14758);
#5250=VERTEX_POINT('',#14762);
#5251=VERTEX_POINT('',#14777);
#5252=VERTEX_POINT('',#14781);
#5253=VERTEX_POINT('',#14803);
#5254=VERTEX_POINT('',#14825);
#5255=VERTEX_POINT('',#14847);
#5256=VERTEX_POINT('',#14869);
#5257=VERTEX_POINT('',#14891);
#5258=VERTEX_POINT('',#14892);
#5259=VERTEX_POINT('',#14894);
#5260=VERTEX_POINT('',#14896);
#5261=VERTEX_POINT('',#14900);
#5262=VERTEX_POINT('',#14902);
#5263=VERTEX_POINT('',#14904);
#5264=VERTEX_POINT('',#14906);
#5265=VERTEX_POINT('',#14908);
#5266=VERTEX_POINT('',#14910);
#5267=VERTEX_POINT('',#14912);
#5268=VERTEX_POINT('',#14914);
#5269=VERTEX_POINT('',#14916);
#5270=VERTEX_POINT('',#14918);
#5271=VERTEX_POINT('',#14920);
#5272=VERTEX_POINT('',#14922);
#5273=VERTEX_POINT('',#14924);
#5274=VERTEX_POINT('',#14926);
#5275=VERTEX_POINT('',#14928);
#5276=VERTEX_POINT('',#14930);
#5277=VERTEX_POINT('',#14932);
#5278=VERTEX_POINT('',#14934);
#5279=VERTEX_POINT('',#14936);
#5280=VERTEX_POINT('',#14938);
#5281=VERTEX_POINT('',#14940);
#5282=VERTEX_POINT('',#14942);
#5283=VERTEX_POINT('',#14944);
#5284=VERTEX_POINT('',#14946);
#5285=VERTEX_POINT('',#14948);
#5286=VERTEX_POINT('',#14950);
#5287=VERTEX_POINT('',#14952);
#5288=VERTEX_POINT('',#14954);
#5289=VERTEX_POINT('',#14956);
#5290=VERTEX_POINT('',#14959);
#5291=VERTEX_POINT('',#14961);
#5292=VERTEX_POINT('',#14964);
#5293=VERTEX_POINT('',#14968);
#5294=VERTEX_POINT('',#14972);
#5295=VERTEX_POINT('',#14973);
#5296=VERTEX_POINT('',#14978);
#5297=VERTEX_POINT('',#14982);
#5298=VERTEX_POINT('',#14986);
#5299=VERTEX_POINT('',#14987);
#5300=VERTEX_POINT('',#14992);
#5301=VERTEX_POINT('',#14996);
#5302=VERTEX_POINT('',#14998);
#5303=VERTEX_POINT('',#15002);
#5304=VERTEX_POINT('',#15006);
#5305=VERTEX_POINT('',#15010);
#5306=VERTEX_POINT('',#15014);
#5307=VERTEX_POINT('',#15019);
#5308=VERTEX_POINT('',#15023);
#5309=VERTEX_POINT('',#15028);
#5310=VERTEX_POINT('',#15032);
#5311=VERTEX_POINT('',#15034);
#5312=VERTEX_POINT('',#15037);
#5313=VERTEX_POINT('',#15039);
#5314=VERTEX_POINT('',#15042);
#5315=VERTEX_POINT('',#15044);
#5316=VERTEX_POINT('',#15047);
#5317=VERTEX_POINT('',#15049);
#5318=VERTEX_POINT('',#15053);
#5319=VERTEX_POINT('',#15057);
#5320=VERTEX_POINT('',#15058);
#5321=VERTEX_POINT('',#15063);
#5322=VERTEX_POINT('',#15067);
#5323=VERTEX_POINT('',#15069);
#5324=VERTEX_POINT('',#15071);
#5325=VERTEX_POINT('',#15073);
#5326=VERTEX_POINT('',#15075);
#5327=VERTEX_POINT('',#15077);
#5328=VERTEX_POINT('',#15079);
#5329=VERTEX_POINT('',#15081);
#5330=VERTEX_POINT('',#15085);
#5331=VERTEX_POINT('',#15089);
#5332=VERTEX_POINT('',#15090);
#5333=VERTEX_POINT('',#15092);
#5334=VERTEX_POINT('',#15094);
#5335=VERTEX_POINT('',#15098);
#5336=VERTEX_POINT('',#15100);
#5337=VERTEX_POINT('',#15105);
#5338=VERTEX_POINT('',#15107);
#5339=VERTEX_POINT('',#15113);
#5340=VERTEX_POINT('',#15115);
#5341=VERTEX_POINT('',#15133);
#5342=VERTEX_POINT('',#15134);
#5343=VERTEX_POINT('',#15142);
#5344=VERTEX_POINT('',#15143);
#5345=VERTEX_POINT('',#15145);
#5346=VERTEX_POINT('',#15147);
#5347=VERTEX_POINT('',#15154);
#5348=VERTEX_POINT('',#15155);
#5349=VERTEX_POINT('',#15157);
#5350=VERTEX_POINT('',#15168);
#5351=VERTEX_POINT('',#15170);
#5352=VERTEX_POINT('',#15174);
#5353=VERTEX_POINT('',#15175);
#5354=VERTEX_POINT('',#15180);
#5355=VERTEX_POINT('',#15184);
#5356=VERTEX_POINT('',#15188);
#5357=VERTEX_POINT('',#15190);
#5358=VERTEX_POINT('',#15193);
#5359=VERTEX_POINT('',#15194);
#5360=VERTEX_POINT('',#15196);
#5361=VERTEX_POINT('',#15200);
#5362=VERTEX_POINT('',#15210);
#5363=VERTEX_POINT('',#15213);
#5364=VERTEX_POINT('',#15215);
#5365=VERTEX_POINT('',#15219);
#5366=VERTEX_POINT('',#15223);
#5367=VERTEX_POINT('',#15227);
#5368=VERTEX_POINT('',#15228);
#5369=VERTEX_POINT('',#15233);
#5370=VERTEX_POINT('',#15237);
#5371=VERTEX_POINT('',#15241);
#5372=VERTEX_POINT('',#15243);
#5373=VERTEX_POINT('',#15250);
#5374=VERTEX_POINT('',#15252);
#5375=VERTEX_POINT('',#15258);
#5376=VERTEX_POINT('',#15264);
#5377=VERTEX_POINT('',#15266);
#5378=VERTEX_POINT('',#15270);
#5379=VERTEX_POINT('',#15277);
#5380=VERTEX_POINT('',#15280);
#5381=VERTEX_POINT('',#15284);
#5382=VERTEX_POINT('',#15285);
#5383=VERTEX_POINT('',#15290);
#5384=VERTEX_POINT('',#15294);
#5385=VERTEX_POINT('',#15298);
#5386=VERTEX_POINT('',#15300);
#5387=VERTEX_POINT('',#15307);
#5388=VERTEX_POINT('',#15309);
#5389=VERTEX_POINT('',#15315);
#5390=VERTEX_POINT('',#15321);
#5391=VERTEX_POINT('',#15323);
#5392=VERTEX_POINT('',#15327);
#5393=VERTEX_POINT('',#15334);
#5394=VERTEX_POINT('',#15337);
#5395=VERTEX_POINT('',#15341);
#5396=VERTEX_POINT('',#15345);
#5397=VERTEX_POINT('',#15346);
#5398=VERTEX_POINT('',#15351);
#5399=VERTEX_POINT('',#15355);
#5400=VERTEX_POINT('',#15359);
#5401=VERTEX_POINT('',#15361);
#5402=VERTEX_POINT('',#15364);
#5403=VERTEX_POINT('',#15365);
#5404=VERTEX_POINT('',#15367);
#5405=VERTEX_POINT('',#15371);
#5406=VERTEX_POINT('',#15381);
#5407=VERTEX_POINT('',#15384);
#5408=VERTEX_POINT('',#15386);
#5409=VERTEX_POINT('',#15390);
#5410=VERTEX_POINT('',#15399);
#5411=VERTEX_POINT('',#15403);
#5412=VERTEX_POINT('',#15414);
#5413=VERTEX_POINT('',#15418);
#5414=VERTEX_POINT('',#15425);
#5415=VERTEX_POINT('',#15429);
#5416=VERTEX_POINT('',#15440);
#5417=VERTEX_POINT('',#15444);
#5418=VERTEX_POINT('',#15461);
#5419=VERTEX_POINT('',#15463);
#5420=VERTEX_POINT('',#15466);
#5421=VERTEX_POINT('',#15468);
#5422=VERTEX_POINT('',#15472);
#5423=VERTEX_POINT('',#15475);
#5424=VERTEX_POINT('',#15477);
#5425=VERTEX_POINT('',#15480);
#5426=VERTEX_POINT('',#15482);
#5427=VERTEX_POINT('',#15486);
#5428=VERTEX_POINT('',#15488);
#5429=VERTEX_POINT('',#15491);
#5430=VERTEX_POINT('',#15494);
#5431=VERTEX_POINT('',#15496);
#5432=VERTEX_POINT('',#15500);
#5433=VERTEX_POINT('',#15502);
#5434=VERTEX_POINT('',#15510);
#5435=VERTEX_POINT('',#15512);
#5436=VERTEX_POINT('',#15515);
#5437=VERTEX_POINT('',#15517);
#5438=VERTEX_POINT('',#15521);
#5439=VERTEX_POINT('',#15524);
#5440=VERTEX_POINT('',#15526);
#5441=VERTEX_POINT('',#15529);
#5442=VERTEX_POINT('',#15531);
#5443=VERTEX_POINT('',#15535);
#5444=VERTEX_POINT('',#15537);
#5445=VERTEX_POINT('',#15540);
#5446=VERTEX_POINT('',#15543);
#5447=VERTEX_POINT('',#15545);
#5448=VERTEX_POINT('',#15549);
#5449=VERTEX_POINT('',#15551);
#5450=VERTEX_POINT('',#15559);
#5451=VERTEX_POINT('',#15561);
#5452=VERTEX_POINT('',#15564);
#5453=VERTEX_POINT('',#15566);
#5454=VERTEX_POINT('',#15570);
#5455=VERTEX_POINT('',#15573);
#5456=VERTEX_POINT('',#15575);
#5457=VERTEX_POINT('',#15578);
#5458=VERTEX_POINT('',#15580);
#5459=VERTEX_POINT('',#15584);
#5460=VERTEX_POINT('',#15586);
#5461=VERTEX_POINT('',#15589);
#5462=VERTEX_POINT('',#15592);
#5463=VERTEX_POINT('',#15594);
#5464=VERTEX_POINT('',#15598);
#5465=VERTEX_POINT('',#15600);
#5466=CIRCLE('',#8649,0.0025);
#5467=CIRCLE('',#8650,0.0025);
#5468=CIRCLE('',#8652,0.006);
#5469=CIRCLE('',#8653,0.006);
#5470=CIRCLE('',#8656,0.0075);
#5471=CIRCLE('',#8658,0.0025);
#5472=CIRCLE('',#8659,0.0025);
#5473=CIRCLE('',#8661,0.006);
#5474=CIRCLE('',#8662,0.006);
#5475=CIRCLE('',#8665,0.0011);
#5476=CIRCLE('',#8666,0.0011);
#5477=CIRCLE('',#8668,0.0075);
#5478=CIRCLE('',#8670,0.0075);
#5479=CIRCLE('',#8671,0.00653175425886644);
#5480=CIRCLE('',#8674,0.00653175425886645);
#5481=CIRCLE('',#8675,0.0075);
#5482=CIRCLE('',#8682,0.0025);
#5483=CIRCLE('',#8684,0.0025);
#5484=CIRCLE('',#8686,0.0025);
#5485=CIRCLE('',#8688,0.0025);
#5486=CIRCLE('',#8690,0.003);
#5487=CIRCLE('',#8691,0.003);
#5488=CIRCLE('',#8694,0.003);
#5489=CIRCLE('',#8695,0.003);
#5490=CIRCLE('',#8697,0.28);
#5491=CIRCLE('',#8698,0.28);
#5492=CIRCLE('',#8699,0.28);
#5493=CIRCLE('',#8700,0.28);
#5494=CIRCLE('',#8701,0.28);
#5495=CIRCLE('',#8702,0.003);
#5496=CIRCLE('',#8703,0.003);
#5497=CIRCLE('',#8704,0.003);
#5498=CIRCLE('',#8705,0.003);
#5499=CIRCLE('',#8706,0.28);
#5500=CIRCLE('',#8707,0.28);
#5501=CIRCLE('',#8708,0.279999999999939);
#5502=CIRCLE('',#8709,0.29499999999994);
#5503=CIRCLE('',#8710,0.3);
#5504=CIRCLE('',#8711,0.12);
#5505=CIRCLE('',#8712,0.35);
#5506=CIRCLE('',#8713,0.28);
#5507=CIRCLE('',#8714,0.28);
#5508=CIRCLE('',#8715,0.28);
#5509=CIRCLE('',#8716,0.003);
#5510=CIRCLE('',#8717,0.003);
#5511=CIRCLE('',#8718,0.00260000000000005);
#5512=CIRCLE('',#8719,0.00259999999999991);
#5513=CIRCLE('',#8720,0.0011);
#5514=CIRCLE('',#8721,0.0011);
#5515=CIRCLE('',#8722,0.0011);
#5516=CIRCLE('',#8725,0.003);
#5517=CIRCLE('',#8728,0.003);
#5518=CIRCLE('',#8730,0.003);
#5519=CIRCLE('',#8733,0.003);
#5520=CIRCLE('',#8735,0.003);
#5521=CIRCLE('',#8738,0.003);
#5522=CIRCLE('',#8741,0.00260000000000005);
#5523=CIRCLE('',#8743,0.28);
#5524=CIRCLE('',#8745,0.00259999999999991);
#5525=CIRCLE('',#8747,0.28);
#5526=CIRCLE('',#8749,0.0011);
#5527=CIRCLE('',#8751,0.0011);
#5528=CIRCLE('',#8753,0.0011);
#5529=CIRCLE('',#8756,0.29499999999994);
#5530=CIRCLE('',#8758,0.279999999999939);
#5531=CIRCLE('',#8760,0.00149999999999992);
#5532=CIRCLE('',#8762,0.28);
#5533=CIRCLE('',#8763,0.288);
#5534=CIRCLE('',#8764,0.28);
#5535=CIRCLE('',#8765,0.35);
#5536=CIRCLE('',#8766,0.115059819970812);
#5537=CIRCLE('',#8767,0.295059819970816);
#5538=CIRCLE('',#8768,0.28);
#5539=CIRCLE('',#8769,0.288);
#5540=CIRCLE('',#8770,0.28);
#5541=CIRCLE('',#8771,0.288);
#5542=CIRCLE('',#8772,0.28);
#5543=CIRCLE('',#8773,0.288);
#5544=CIRCLE('',#8775,0.297559819970815);
#5545=CIRCLE('',#8777,0.117559819970815);
#5546=CIRCLE('',#8778,0.12);
#5547=CIRCLE('',#8779,0.299);
#5548=CIRCLE('',#8781,0.299);
#5549=CIRCLE('',#8783,0.12);
#5550=CIRCLE('',#8784,0.12);
#5551=CIRCLE('',#8785,0.3);
#5552=CIRCLE('',#8787,0.004);
#5553=CIRCLE('',#8789,0.277714285714287);
#5554=CIRCLE('',#8790,0.004);
#5555=CIRCLE('',#8791,0.268);
#5556=CIRCLE('',#8792,0.0025);
#5557=CIRCLE('',#8794,0.268);
#5558=CIRCLE('',#8797,0.004);
#5559=CIRCLE('',#8799,0.277714285714287);
#5560=CIRCLE('',#8800,0.004);
#5561=CIRCLE('',#8801,0.268);
#5562=CIRCLE('',#8802,0.0025);
#5563=CIRCLE('',#8804,0.268);
#5564=CIRCLE('',#8807,0.004);
#5565=CIRCLE('',#8809,0.268);
#5566=CIRCLE('',#8811,0.268);
#5567=CIRCLE('',#8813,0.004);
#5568=CIRCLE('',#8815,0.004);
#5569=CIRCLE('',#8817,0.277714285714287);
#5570=CIRCLE('',#8818,0.004);
#5571=CIRCLE('',#8819,0.268);
#5572=CIRCLE('',#8820,0.0025);
#5573=CIRCLE('',#8822,0.268);
#5574=CIRCLE('',#8825,0.0011);
#5575=CIRCLE('',#8827,0.0011);
#5576=CIRCLE('',#8829,0.0025);
#5577=CIRCLE('',#8837,0.0011);
#5578=CIRCLE('',#8839,0.0011);
#5579=CIRCLE('',#8841,0.0025);
#5580=CIRCLE('',#8849,0.0011);
#5581=CIRCLE('',#8851,0.0011);
#5582=CIRCLE('',#8853,0.277714285714287);
#5583=CIRCLE('',#8854,0.0025);
#5584=CIRCLE('',#8856,0.0025);
#5585=CIRCLE('',#8863,0.0011);
#5586=CIRCLE('',#8865,0.0011);
#5587=CIRCLE('',#8867,0.0025);
#5588=CIRCLE('',#8878,0.00149999999999992);
#5589=CIRCLE('',#8880,0.3);
#5590=CIRCLE('',#8882,0.00149999999999992);
#5591=CIRCLE('',#8883,0.3);
#5592=CIRCLE('',#8887,0.12);
#5593=CIRCLE('',#8888,0.12);
#5594=CIRCLE('',#8893,0.0025);
#5595=CIRCLE('',#8894,0.0025);
#5596=CIRCLE('',#8896,0.006);
#5597=CIRCLE('',#8897,0.006);
#5598=CIRCLE('',#8900,0.0075);
#5599=CIRCLE('',#8902,0.0025);
#5600=CIRCLE('',#8903,0.0025);
#5601=CIRCLE('',#8905,0.006);
#5602=CIRCLE('',#8906,0.006);
#5603=CIRCLE('',#8909,0.0011);
#5604=CIRCLE('',#8910,0.0011);
#5605=CIRCLE('',#8912,0.0075);
#5606=CIRCLE('',#8914,0.0075);
#5607=CIRCLE('',#8915,0.00653175425886644);
#5608=CIRCLE('',#8918,0.00653175425886645);
#5609=CIRCLE('',#8919,0.0075);
#5610=CIRCLE('',#8926,0.0025);
#5611=CIRCLE('',#8928,0.0025);
#5612=CIRCLE('',#8930,0.0025);
#5613=CIRCLE('',#8932,0.0025);
#5614=CIRCLE('',#8934,0.003);
#5615=CIRCLE('',#8935,0.003);
#5616=CIRCLE('',#8938,0.003);
#5617=CIRCLE('',#8939,0.003);
#5618=CIRCLE('',#8941,0.28);
#5619=CIRCLE('',#8942,0.288000004223443);
#5620=CIRCLE('',#8943,0.28);
#5621=CIRCLE('',#8944,0.294819992460376);
#5622=CIRCLE('',#8945,0.114819992460374);
#5623=CIRCLE('',#8946,0.35);
#5624=CIRCLE('',#8947,0.28);
#5625=CIRCLE('',#8948,0.288000004223443);
#5626=CIRCLE('',#8949,0.28);
#5627=CIRCLE('',#8950,0.003);
#5628=CIRCLE('',#8951,0.003);
#5629=CIRCLE('',#8952,0.003);
#5630=CIRCLE('',#8953,0.003);
#5631=CIRCLE('',#8954,0.28);
#5632=CIRCLE('',#8955,0.288000004223443);
#5633=CIRCLE('',#8956,0.28);
#5634=CIRCLE('',#8957,0.288000004223443);
#5635=CIRCLE('',#8958,0.28);
#5636=CIRCLE('',#8959,0.003);
#5637=CIRCLE('',#8960,0.003);
#5638=CIRCLE('',#8961,0.00259999999999991);
#5639=CIRCLE('',#8962,0.00260000000000005);
#5640=CIRCLE('',#8964,0.003);
#5641=CIRCLE('',#8967,0.003);
#5642=CIRCLE('',#8969,0.003);
#5643=CIRCLE('',#8972,0.003);
#5644=CIRCLE('',#8974,0.003);
#5645=CIRCLE('',#8977,0.003);
#5646=CIRCLE('',#8980,0.00259999999999991);
#5647=CIRCLE('',#8983,0.28);
#5648=CIRCLE('',#8985,0.28);
#5649=CIRCLE('',#8987,0.00260000000000005);
#5650=CIRCLE('',#8989,0.28);
#5651=CIRCLE('',#8991,0.28);
#5652=CIRCLE('',#8993,0.0011);
#5653=CIRCLE('',#8994,0.0011);
#5654=CIRCLE('',#8996,0.0011);
#5655=CIRCLE('',#8997,0.0011);
#5656=CIRCLE('',#8999,0.0011);
#5657=CIRCLE('',#9000,0.0011);
#5658=CIRCLE('',#9003,0.294999999999904);
#5659=CIRCLE('',#9004,0.294999999999904);
#5660=CIRCLE('',#9006,0.279999999999904);
#5661=CIRCLE('',#9008,0.0015);
#5662=CIRCLE('',#9010,0.280000002956411);
#5663=CIRCLE('',#9011,0.28);
#5664=CIRCLE('',#9012,0.280000002956411);
#5665=CIRCLE('',#9013,0.28);
#5666=CIRCLE('',#9014,0.28);
#5667=CIRCLE('',#9015,0.35);
#5668=CIRCLE('',#9016,0.12);
#5669=CIRCLE('',#9017,0.3);
#5670=CIRCLE('',#9018,0.279999999999904);
#5671=CIRCLE('',#9019,0.280000002956411);
#5672=CIRCLE('',#9021,0.3);
#5673=CIRCLE('',#9023,0.0015);
#5674=CIRCLE('',#9024,0.3);
#5675=CIRCLE('',#9026,0.3);
#5676=CIRCLE('',#9028,0.12);
#5677=CIRCLE('',#9029,0.12);
#5678=CIRCLE('',#9030,0.299);
#5679=CIRCLE('',#9032,0.299);
#5680=CIRCLE('',#9034,0.12);
#5681=CIRCLE('',#9035,0.12);
#5682=CIRCLE('',#9036,0.3);
#5683=CIRCLE('',#9038,0.004);
#5684=CIRCLE('',#9040,0.268);
#5685=CIRCLE('',#9042,0.268);
#5686=CIRCLE('',#9044,0.004);
#5687=CIRCLE('',#9046,0.004);
#5688=CIRCLE('',#9048,0.268);
#5689=CIRCLE('',#9050,0.268);
#5690=CIRCLE('',#9052,0.004);
#5691=CIRCLE('',#9054,0.004);
#5692=CIRCLE('',#9056,0.268);
#5693=CIRCLE('',#9058,0.268);
#5694=CIRCLE('',#9060,0.004);
#5695=CIRCLE('',#9062,0.004);
#5696=CIRCLE('',#9064,0.268);
#5697=CIRCLE('',#9066,0.268);
#5698=CIRCLE('',#9068,0.004);
#5699=CIRCLE('',#9070,0.0011);
#5700=CIRCLE('',#9072,0.0011);
#5701=CIRCLE('',#9074,0.277714294161204);
#5702=CIRCLE('',#9075,0.0025);
#5703=CIRCLE('',#9077,0.0025);
#5704=CIRCLE('',#9084,0.0011);
#5705=CIRCLE('',#9086,0.0011);
#5706=CIRCLE('',#9088,0.277714294161204);
#5707=CIRCLE('',#9089,0.0025);
#5708=CIRCLE('',#9091,0.0025);
#5709=CIRCLE('',#9097,0.0011);
#5710=CIRCLE('',#9099,0.0011);
#5711=CIRCLE('',#9101,0.277714294161204);
#5712=CIRCLE('',#9102,0.0025);
#5713=CIRCLE('',#9104,0.0025);
#5714=CIRCLE('',#9111,0.0011);
#5715=CIRCLE('',#9113,0.0011);
#5716=CIRCLE('',#9115,0.277714294161204);
#5717=CIRCLE('',#9116,0.0025);
#5718=CIRCLE('',#9118,0.0025);
#5719=CIRCLE('',#9125,0.117176535390769);
#5720=CIRCLE('',#9127,0.297176535390769);
#5721=CIRCLE('',#9129,0.297);
#5722=CIRCLE('',#9134,0.3);
#5723=CIRCLE('',#9136,0.299);
#5724=CIRCLE('',#9138,0.0015);
#5725=CIRCLE('',#9140,0.12);
#5726=CIRCLE('',#9142,0.12);
#5727=CIRCLE('',#9145,0.12);
#5728=CIRCLE('',#9149,0.0025);
#5729=CIRCLE('',#9150,0.0025);
#5730=CIRCLE('',#9152,0.006);
#5731=CIRCLE('',#9153,0.006);
#5732=CIRCLE('',#9156,0.0075);
#5733=CIRCLE('',#9158,0.0025);
#5734=CIRCLE('',#9159,0.0025);
#5735=CIRCLE('',#9161,0.006);
#5736=CIRCLE('',#9162,0.006);
#5737=CIRCLE('',#9165,0.0011);
#5738=CIRCLE('',#9166,0.0011);
#5739=CIRCLE('',#9168,0.0075);
#5740=CIRCLE('',#9170,0.0075);
#5741=CIRCLE('',#9171,0.00653175425886644);
#5742=CIRCLE('',#9174,0.00653175425886645);
#5743=CIRCLE('',#9175,0.0075);
#5744=CIRCLE('',#9182,0.0025);
#5745=CIRCLE('',#9183,0.0025);
#5746=CIRCLE('',#9185,0.006);
#5747=CIRCLE('',#9186,0.006);
#5748=CIRCLE('',#9189,0.0075);
#5749=CIRCLE('',#9191,0.0025);
#5750=CIRCLE('',#9192,0.0025);
#5751=CIRCLE('',#9194,0.006);
#5752=CIRCLE('',#9195,0.006);
#5753=CIRCLE('',#9198,0.0011);
#5754=CIRCLE('',#9199,0.0011);
#5755=CIRCLE('',#9201,0.0075);
#5756=CIRCLE('',#9203,0.0075);
#5757=CIRCLE('',#9204,0.00653175425886644);
#5758=CIRCLE('',#9207,0.00653175425886645);
#5759=CIRCLE('',#9208,0.0075);
#5760=CIRCLE('',#9215,0.0025);
#5761=CIRCLE('',#9216,0.0025);
#5762=CIRCLE('',#9218,0.006);
#5763=CIRCLE('',#9219,0.006);
#5764=CIRCLE('',#9222,0.0075);
#5765=CIRCLE('',#9224,0.0025);
#5766=CIRCLE('',#9225,0.0025);
#5767=CIRCLE('',#9227,0.006);
#5768=CIRCLE('',#9228,0.006);
#5769=CIRCLE('',#9231,0.0011);
#5770=CIRCLE('',#9232,0.0011);
#5771=CIRCLE('',#9234,0.0075);
#5772=CIRCLE('',#9236,0.0075);
#5773=CIRCLE('',#9237,0.00653175425886644);
#5774=CIRCLE('',#9240,0.00653175425886644);
#5775=CIRCLE('',#9241,0.0075);
#5776=CIRCLE('',#9248,0.0025);
#5777=CIRCLE('',#9250,0.0025);
#5778=CIRCLE('',#9252,0.0025);
#5779=CIRCLE('',#9254,0.0025);
#5780=CIRCLE('',#9256,0.003);
#5781=CIRCLE('',#9257,0.003);
#5782=CIRCLE('',#9260,0.003);
#5783=CIRCLE('',#9261,0.003);
#5784=CIRCLE('',#9264,0.003);
#5785=CIRCLE('',#9265,0.003);
#5786=CIRCLE('',#9266,0.28);
#5787=CIRCLE('',#9267,0.288000004223443);
#5788=CIRCLE('',#9268,0.28);
#5789=CIRCLE('',#9269,0.35);
#5790=CIRCLE('',#9270,0.114819992460376);
#5791=CIRCLE('',#9271,0.294819992460376);
#5792=CIRCLE('',#9272,0.28);
#5793=CIRCLE('',#9273,0.288000004223443);
#5794=CIRCLE('',#9274,0.28);
#5795=CIRCLE('',#9275,0.003);
#5796=CIRCLE('',#9276,0.003);
#5797=CIRCLE('',#9277,0.003);
#5798=CIRCLE('',#9278,0.003);
#5799=CIRCLE('',#9279,0.28);
#5800=CIRCLE('',#9280,0.288000004223443);
#5801=CIRCLE('',#9281,0.28);
#5802=CIRCLE('',#9282,0.288000004223443);
#5803=CIRCLE('',#9283,0.28);
#5804=CIRCLE('',#9284,0.000900000000000034);
#5805=CIRCLE('',#9285,0.000900000000000034);
#5806=CIRCLE('',#9286,0.000900000000000034);
#5807=CIRCLE('',#9287,0.00260000000000005);
#5808=CIRCLE('',#9288,0.00260000000000005);
#5809=CIRCLE('',#9290,0.003);
#5810=CIRCLE('',#9292,0.28);
#5811=CIRCLE('',#9293,0.280000002956411);
#5812=CIRCLE('',#9294,0.28);
#5813=CIRCLE('',#9295,0.280000002956411);
#5814=CIRCLE('',#9296,0.28);
#5815=CIRCLE('',#9297,0.003);
#5816=CIRCLE('',#9298,0.003);
#5817=CIRCLE('',#9299,0.003);
#5818=CIRCLE('',#9300,0.003);
#5819=CIRCLE('',#9301,0.28);
#5820=CIRCLE('',#9302,0.280000002956411);
#5821=CIRCLE('',#9303,0.2952);
#5822=CIRCLE('',#9304,0.3);
#5823=CIRCLE('',#9305,0.12);
#5824=CIRCLE('',#9306,0.35);
#5825=CIRCLE('',#9307,0.28);
#5826=CIRCLE('',#9308,0.28);
#5827=CIRCLE('',#9309,0.28);
#5828=CIRCLE('',#9310,0.003);
#5829=CIRCLE('',#9311,0.00260000000000005);
#5830=CIRCLE('',#9312,0.00260000000000005);
#5831=CIRCLE('',#9329,0.000900000000000034);
#5832=CIRCLE('',#9331,0.000900000000000034);
#5833=CIRCLE('',#9333,0.000900000000000034);
#5834=CIRCLE('',#9336,0.2952);
#5835=CIRCLE('',#9338,0.28);
#5836=CIRCLE('',#9339,0.28);
#5837=CIRCLE('',#9341,0.28);
#5838=CIRCLE('',#9343,0.0015);
#5839=CIRCLE('',#9345,0.299);
#5840=CIRCLE('',#9346,0.12);
#5841=CIRCLE('',#9347,0.12);
#5842=CIRCLE('',#9348,0.3);
#5843=CIRCLE('',#9350,0.12);
#5844=CIRCLE('',#9352,0.3);
#5845=CIRCLE('',#9353,0.12);
#5846=CIRCLE('',#9354,0.299);
#5847=CIRCLE('',#9355,0.12);
#5848=CIRCLE('',#9356,0.0015);
#5849=CIRCLE('',#9357,0.12);
#5850=CIRCLE('',#9358,0.0015);
#5851=CIRCLE('',#9361,0.12);
#5852=CIRCLE('',#9365,0.3);
#5853=CIRCLE('',#9367,0.3);
#5854=CIRCLE('',#9370,0.117176535390771);
#5855=CIRCLE('',#9377,0.0025);
#5856=CIRCLE('',#9378,0.0011);
#5857=CIRCLE('',#9381,0.277714294161204);
#5858=CIRCLE('',#9383,0.0025);
#5859=CIRCLE('',#9385,0.004);
#5860=CIRCLE('',#9386,0.268);
#5861=CIRCLE('',#9387,0.004);
#5862=CIRCLE('',#9389,0.0011);
#5863=CIRCLE('',#9394,0.0025);
#5864=CIRCLE('',#9395,0.0011);
#5865=CIRCLE('',#9398,0.277714294161204);
#5866=CIRCLE('',#9400,0.0025);
#5867=CIRCLE('',#9402,0.004);
#5868=CIRCLE('',#9403,0.268);
#5869=CIRCLE('',#9404,0.004);
#5870=CIRCLE('',#9406,0.0011);
#5871=CIRCLE('',#9410,0.0025);
#5872=CIRCLE('',#9411,0.0011);
#5873=CIRCLE('',#9414,0.277714294161204);
#5874=CIRCLE('',#9416,0.0025);
#5875=CIRCLE('',#9418,0.004);
#5876=CIRCLE('',#9419,0.268);
#5877=CIRCLE('',#9420,0.004);
#5878=CIRCLE('',#9422,0.0011);
#5879=CIRCLE('',#9427,0.0025);
#5880=CIRCLE('',#9428,0.0011);
#5881=CIRCLE('',#9431,0.277714294161204);
#5882=CIRCLE('',#9433,0.0025);
#5883=CIRCLE('',#9435,0.004);
#5884=CIRCLE('',#9436,0.268);
#5885=CIRCLE('',#9437,0.004);
#5886=CIRCLE('',#9439,0.0011);
#5887=CIRCLE('',#9443,0.268);
#5888=CIRCLE('',#9448,0.268);
#5889=CIRCLE('',#9453,0.268);
#5890=CIRCLE('',#9458,0.268);
#5891=CIRCLE('',#9462,0.3);
#5892=CIRCLE('',#9464,0.299);
#5893=CIRCLE('',#9466,0.297);
#5894=CIRCLE('',#9468,0.297176535390769);
#5895=CIRCLE('',#9473,0.0025);
#5896=CIRCLE('',#9475,0.0025);
#5897=CIRCLE('',#9477,0.0025);
#5898=CIRCLE('',#9479,0.0025);
#5899=CIRCLE('',#9481,0.003);
#5900=CIRCLE('',#9482,0.003);
#5901=CIRCLE('',#9484,0.003);
#5902=CIRCLE('',#9485,0.003);
#5903=CIRCLE('',#9486,0.28);
#5904=CIRCLE('',#9487,0.28);
#5905=CIRCLE('',#9488,0.28);
#5906=CIRCLE('',#9489,0.28);
#5907=CIRCLE('',#9490,0.28);
#5908=CIRCLE('',#9491,0.003);
#5909=CIRCLE('',#9492,0.003);
#5910=CIRCLE('',#9493,0.003);
#5911=CIRCLE('',#9494,0.003);
#5912=CIRCLE('',#9495,0.28);
#5913=CIRCLE('',#9496,0.28);
#5914=CIRCLE('',#9497,0.28);
#5915=CIRCLE('',#9498,0.35);
#5916=CIRCLE('',#9499,0.12);
#5917=CIRCLE('',#9500,0.3);
#5918=CIRCLE('',#9501,0.2952);
#5919=CIRCLE('',#9502,0.28);
#5920=CIRCLE('',#9503,0.28);
#5921=CIRCLE('',#9504,0.003);
#5922=CIRCLE('',#9505,0.00260000000000005);
#5923=CIRCLE('',#9506,0.00260000000000005);
#5924=CIRCLE('',#9509,0.003);
#5925=CIRCLE('',#9511,0.003);
#5926=CIRCLE('',#9514,0.003);
#5927=CIRCLE('',#9516,0.003);
#5928=CIRCLE('',#9519,0.003);
#5929=CIRCLE('',#9522,0.003);
#5930=CIRCLE('',#9524,0.003);
#5931=CIRCLE('',#9526,0.00260000000000005);
#5932=CIRCLE('',#9529,0.28);
#5933=CIRCLE('',#9531,0.00260000000000005);
#5934=CIRCLE('',#9534,0.28);
#5935=CIRCLE('',#9536,0.000900000000000034);
#5936=CIRCLE('',#9537,0.000900000000000034);
#5937=CIRCLE('',#9539,0.000900000000000034);
#5938=CIRCLE('',#9540,0.000900000000000034);
#5939=CIRCLE('',#9542,0.000900000000000034);
#5940=CIRCLE('',#9543,0.000900000000000034);
#5941=CIRCLE('',#9545,0.2952);
#5942=CIRCLE('',#9548,0.28);
#5943=CIRCLE('',#9549,0.280000000000087);
#5944=CIRCLE('',#9551,0.28);
#5945=CIRCLE('',#9553,0.00149999999999992);
#5946=CIRCLE('',#9555,0.28);
#5947=CIRCLE('',#9557,0.12);
#5948=CIRCLE('',#9558,0.12);
#5949=CIRCLE('',#9560,0.3);
#5950=CIRCLE('',#9561,0.12);
#5951=CIRCLE('',#9562,0.299);
#5952=CIRCLE('',#9564,0.28);
#5953=CIRCLE('',#9566,0.299);
#5954=CIRCLE('',#9568,0.12);
#5955=CIRCLE('',#9569,0.12);
#5956=CIRCLE('',#9570,0.00149999999999992);
#5957=CIRCLE('',#9571,0.00149999999999992);
#5958=CIRCLE('',#9574,0.115059819970815);
#5959=CIRCLE('',#9575,0.117559819970814);
#5960=CIRCLE('',#9577,0.297559819970815);
#5961=CIRCLE('',#9578,0.295059819970816);
#5962=CIRCLE('',#9582,0.35);
#5963=CIRCLE('',#9585,0.28);
#5964=CIRCLE('',#9588,0.0025);
#5965=CIRCLE('',#9589,0.0011);
#5966=CIRCLE('',#9592,0.277714285714287);
#5967=CIRCLE('',#9593,0.288);
#5968=CIRCLE('',#9595,0.0025);
#5969=CIRCLE('',#9597,0.004);
#5970=CIRCLE('',#9598,0.268);
#5971=CIRCLE('',#9599,0.004);
#5972=CIRCLE('',#9601,0.0011);
#5973=CIRCLE('',#9604,0.28);
#5974=CIRCLE('',#9607,0.0025);
#5975=CIRCLE('',#9608,0.0011);
#5976=CIRCLE('',#9610,0.268);
#5977=CIRCLE('',#9613,0.277714285714287);
#5978=CIRCLE('',#9614,0.288);
#5979=CIRCLE('',#9616,0.0025);
#5980=CIRCLE('',#9618,0.0011);
#5981=CIRCLE('',#9622,0.0025);
#5982=CIRCLE('',#9623,0.0011);
#5983=CIRCLE('',#9625,0.268);
#5984=CIRCLE('',#9628,0.277714285714287);
#5985=CIRCLE('',#9629,0.288);
#5986=CIRCLE('',#9631,0.0025);
#5987=CIRCLE('',#9633,0.0011);
#5988=CIRCLE('',#9636,0.28);
#5989=CIRCLE('',#9639,0.0025);
#5990=CIRCLE('',#9640,0.0011);
#5991=CIRCLE('',#9643,0.277714285714287);
#5992=CIRCLE('',#9644,0.288);
#5993=CIRCLE('',#9646,0.0025);
#5994=CIRCLE('',#9648,0.004);
#5995=CIRCLE('',#9649,0.268);
#5996=CIRCLE('',#9650,0.004);
#5997=CIRCLE('',#9652,0.0011);
#5998=CIRCLE('',#9657,0.268);
#5999=CIRCLE('',#9661,0.004);
#6000=CIRCLE('',#9663,0.268);
#6001=CIRCLE('',#9665,0.004);
#6002=CIRCLE('',#9668,0.004);
#6003=CIRCLE('',#9670,0.268);
#6004=CIRCLE('',#9672,0.004);
#6005=CIRCLE('',#9676,0.268);
#6006=CIRCLE('',#9680,0.3);
#6007=CIRCLE('',#9682,0.3);
#6008=CIRCLE('',#9686,0.0025);
#6009=CIRCLE('',#9687,0.0025);
#6010=CIRCLE('',#9689,0.006);
#6011=CIRCLE('',#9690,0.006);
#6012=CIRCLE('',#9693,0.0075);
#6013=CIRCLE('',#9695,0.0025);
#6014=CIRCLE('',#9696,0.0025);
#6015=CIRCLE('',#9698,0.006);
#6016=CIRCLE('',#9699,0.006);
#6017=CIRCLE('',#9702,0.0011);
#6018=CIRCLE('',#9703,0.0011);
#6019=CIRCLE('',#9705,0.0075);
#6020=CIRCLE('',#9707,0.0075);
#6021=CIRCLE('',#9708,0.00653175425886644);
#6022=CIRCLE('',#9711,0.00653175425886644);
#6023=CIRCLE('',#9712,0.0075);
#6024=CIRCLE('',#9719,0.0025);
#6025=CIRCLE('',#9720,0.0025);
#6026=CIRCLE('',#9722,0.006);
#6027=CIRCLE('',#9723,0.006);
#6028=CIRCLE('',#9726,0.0075);
#6029=CIRCLE('',#9728,0.0025);
#6030=CIRCLE('',#9729,0.0025);
#6031=CIRCLE('',#9731,0.006);
#6032=CIRCLE('',#9732,0.006);
#6033=CIRCLE('',#9735,0.0011);
#6034=CIRCLE('',#9736,0.0011);
#6035=CIRCLE('',#9738,0.0075);
#6036=CIRCLE('',#9740,0.0075);
#6037=CIRCLE('',#9741,0.00653175425886644);
#6038=CIRCLE('',#9744,0.00653175425886644);
#6039=CIRCLE('',#9745,0.0075);
#6040=CIRCLE('',#9752,0.0025);
#6041=CIRCLE('',#9753,0.0025);
#6042=CIRCLE('',#9755,0.006);
#6043=CIRCLE('',#9756,0.006);
#6044=CIRCLE('',#9759,0.0075);
#6045=CIRCLE('',#9761,0.0025);
#6046=CIRCLE('',#9762,0.0025);
#6047=CIRCLE('',#9764,0.006);
#6048=CIRCLE('',#9765,0.006);
#6049=CIRCLE('',#9768,0.0011);
#6050=CIRCLE('',#9769,0.0011);
#6051=CIRCLE('',#9771,0.0075);
#6052=CIRCLE('',#9773,0.0075);
#6053=CIRCLE('',#9774,0.00653175425886644);
#6054=CIRCLE('',#9777,0.00653175425886644);
#6055=CIRCLE('',#9778,0.0075);
#6056=EDGE_LOOP('',(#1266));
#6057=EDGE_LOOP('',(#1267));
#6058=EDGE_LOOP('',(#1268));
#6059=EDGE_LOOP('',(#1269));
#6060=EDGE_LOOP('',(#1270));
#6061=EDGE_LOOP('',(#1271));
#6062=EDGE_LOOP('',(#1272));
#6063=EDGE_LOOP('',(#1273));
#6064=EDGE_LOOP('',(#1274));
#6065=EDGE_LOOP('',(#1275));
#6066=EDGE_LOOP('',(#1276));
#6067=EDGE_LOOP('',(#1277));
#6068=EDGE_LOOP('',(#1278));
#6069=EDGE_LOOP('',(#1279));
#6070=EDGE_LOOP('',(#1280));
#6071=EDGE_LOOP('',(#1281));
#6072=EDGE_LOOP('',(#1282));
#6073=EDGE_LOOP('',(#1283));
#6074=EDGE_LOOP('',(#1284));
#6075=EDGE_LOOP('',(#1285));
#6076=EDGE_LOOP('',(#1286));
#6077=EDGE_LOOP('',(#1287));
#6078=EDGE_LOOP('',(#1288));
#6079=EDGE_LOOP('',(#1289));
#6080=EDGE_LOOP('',(#1290));
#6081=EDGE_LOOP('',(#1291));
#6082=EDGE_LOOP('',(#1292));
#6083=EDGE_LOOP('',(#1293));
#6084=EDGE_LOOP('',(#1294));
#6085=EDGE_LOOP('',(#1295));
#6086=EDGE_LOOP('',(#1296));
#6087=EDGE_LOOP('',(#1297));
#6088=EDGE_LOOP('',(#1298,#1299));
#6089=EDGE_LOOP('',(#1300,#1301));
#6090=EDGE_LOOP('',(#1302,#1303));
#6091=EDGE_LOOP('',(#1304,#1305));
#6092=EDGE_LOOP('',(#1306,#1307,#1308,#1309));
#6093=EDGE_LOOP('',(#1310,#1311,#1312,#1313));
#6094=EDGE_LOOP('',(#1314,#1315,#1316,#1317));
#6095=EDGE_LOOP('',(#1318,#1319,#1320,#1321,#1322,#1323,#1324,#1325,#1326,
#1327,#1328,#1329,#1330,#1331,#1332,#1333,#1334,#1335,#1336,#1337,#1338,
#1339,#1340,#1341,#1342,#1343,#1344,#1345,#1346,#1347,#1348,#1349));
#6096=EDGE_LOOP('',(#1350));
#6097=EDGE_LOOP('',(#1351));
#6098=EDGE_LOOP('',(#1352));
#6099=EDGE_LOOP('',(#1353));
#6100=EDGE_LOOP('',(#1354));
#6101=EDGE_LOOP('',(#1355,#1356,#1357,#1358));
#6102=EDGE_LOOP('',(#1359,#1360,#1361,#1362));
#6103=EDGE_LOOP('',(#1363,#1364,#1365,#1366));
#6104=EDGE_LOOP('',(#1367,#1368,#1369,#1370));
#6105=EDGE_LOOP('',(#1371,#1372,#1373,#1374));
#6106=EDGE_LOOP('',(#1375,#1376,#1377,#1378));
#6107=EDGE_LOOP('',(#1379,#1380,#1381,#1382));
#6108=EDGE_LOOP('',(#1383,#1384,#1385,#1386));
#6109=EDGE_LOOP('',(#1387,#1388,#1389,#1390));
#6110=EDGE_LOOP('',(#1391,#1392,#1393,#1394));
#6111=EDGE_LOOP('',(#1395,#1396,#1397,#1398));
#6112=EDGE_LOOP('',(#1399));
#6113=EDGE_LOOP('',(#1400));
#6114=EDGE_LOOP('',(#1401,#1402,#1403,#1404));
#6115=EDGE_LOOP('',(#1405));
#6116=EDGE_LOOP('',(#1406));
#6117=EDGE_LOOP('',(#1407,#1408,#1409,#1410));
#6118=EDGE_LOOP('',(#1411));
#6119=EDGE_LOOP('',(#1412));
#6120=EDGE_LOOP('',(#1413));
#6121=EDGE_LOOP('',(#1414));
#6122=EDGE_LOOP('',(#1415));
#6123=EDGE_LOOP('',(#1416));
#6124=EDGE_LOOP('',(#1417,#1418,#1419,#1420));
#6125=EDGE_LOOP('',(#1421,#1422,#1423,#1424));
#6126=EDGE_LOOP('',(#1425,#1426,#1427,#1428));
#6127=EDGE_LOOP('',(#1429));
#6128=EDGE_LOOP('',(#1430));
#6129=EDGE_LOOP('',(#1431));
#6130=EDGE_LOOP('',(#1432,#1433,#1434,#1435,#1436,#1437,#1438,#1439,#1440,
#1441,#1442,#1443));
#6131=EDGE_LOOP('',(#1444,#1445,#1446,#1447,#1448,#1449,#1450,#1451,#1452,
#1453,#1454,#1455,#1456,#1457,#1458,#1459,#1460,#1461,#1462,#1463,#1464,
#1465,#1466,#1467,#1468,#1469,#1470,#1471,#1472,#1473,#1474,#1475,#1476,
#1477,#1478,#1479,#1480,#1481,#1482));
#6132=EDGE_LOOP('',(#1483));
#6133=EDGE_LOOP('',(#1484));
#6134=EDGE_LOOP('',(#1485,#1486,#1487,#1488));
#6135=EDGE_LOOP('',(#1489,#1490,#1491,#1492,#1493,#1494,#1495));
#6136=EDGE_LOOP('',(#1496,#1497,#1498,#1499));
#6137=EDGE_LOOP('',(#1500,#1501,#1502,#1503,#1504,#1505));
#6138=EDGE_LOOP('',(#1506,#1507,#1508,#1509));
#6139=EDGE_LOOP('',(#1510,#1511,#1512,#1513,#1514,#1515));
#6140=EDGE_LOOP('',(#1516));
#6141=EDGE_LOOP('',(#1517,#1518,#1519,#1520));
#6142=EDGE_LOOP('',(#1521,#1522,#1523,#1524));
#6143=EDGE_LOOP('',(#1525,#1526,#1527,#1528));
#6144=EDGE_LOOP('',(#1529,#1530,#1531,#1532,#1533,#1534));
#6145=EDGE_LOOP('',(#1535));
#6146=EDGE_LOOP('',(#1536,#1537,#1538,#1539));
#6147=EDGE_LOOP('',(#1540,#1541,#1542,#1543));
#6148=EDGE_LOOP('',(#1544,#1545,#1546,#1547));
#6149=EDGE_LOOP('',(#1548,#1549,#1550,#1551,#1552,#1553));
#6150=EDGE_LOOP('',(#1554));
#6151=EDGE_LOOP('',(#1555,#1556,#1557,#1558));
#6152=EDGE_LOOP('',(#1559,#1560,#1561,#1562));
#6153=EDGE_LOOP('',(#1563,#1564,#1565,#1566));
#6154=EDGE_LOOP('',(#1567,#1568,#1569,#1570,#1571,#1572));
#6155=EDGE_LOOP('',(#1573));
#6156=EDGE_LOOP('',(#1574,#1575,#1576,#1577));
#6157=EDGE_LOOP('',(#1578,#1579,#1580,#1581));
#6158=EDGE_LOOP('',(#1582));
#6159=EDGE_LOOP('',(#1583));
#6160=EDGE_LOOP('',(#1584));
#6161=EDGE_LOOP('',(#1585));
#6162=EDGE_LOOP('',(#1586));
#6163=EDGE_LOOP('',(#1587));
#6164=EDGE_LOOP('',(#1588,#1589,#1590,#1591));
#6165=EDGE_LOOP('',(#1592,#1593,#1594,#1595,#1596,#1597));
#6166=EDGE_LOOP('',(#1598,#1599,#1600,#1601,#1602,#1603));
#6167=EDGE_LOOP('',(#1604));
#6168=EDGE_LOOP('',(#1605));
#6169=EDGE_LOOP('',(#1606));
#6170=EDGE_LOOP('',(#1607,#1608,#1609,#1610,#1611,#1612));
#6171=EDGE_LOOP('',(#1613,#1614,#1615,#1616));
#6172=EDGE_LOOP('',(#1617));
#6173=EDGE_LOOP('',(#1618));
#6174=EDGE_LOOP('',(#1619));
#6175=EDGE_LOOP('',(#1620));
#6176=EDGE_LOOP('',(#1621));
#6177=EDGE_LOOP('',(#1622));
#6178=EDGE_LOOP('',(#1623,#1624,#1625,#1626));
#6179=EDGE_LOOP('',(#1627,#1628,#1629,#1630,#1631,#1632));
#6180=EDGE_LOOP('',(#1633,#1634,#1635,#1636,#1637,#1638));
#6181=EDGE_LOOP('',(#1639));
#6182=EDGE_LOOP('',(#1640));
#6183=EDGE_LOOP('',(#1641));
#6184=EDGE_LOOP('',(#1642,#1643,#1644,#1645,#1646,#1647));
#6185=EDGE_LOOP('',(#1648,#1649,#1650,#1651));
#6186=EDGE_LOOP('',(#1652));
#6187=EDGE_LOOP('',(#1653));
#6188=EDGE_LOOP('',(#1654));
#6189=EDGE_LOOP('',(#1655));
#6190=EDGE_LOOP('',(#1656,#1657,#1658,#1659,#1660,#1661));
#6191=EDGE_LOOP('',(#1662));
#6192=EDGE_LOOP('',(#1663));
#6193=EDGE_LOOP('',(#1664));
#6194=EDGE_LOOP('',(#1665,#1666,#1667,#1668));
#6195=EDGE_LOOP('',(#1669,#1670,#1671,#1672,#1673,#1674));
#6196=EDGE_LOOP('',(#1675));
#6197=EDGE_LOOP('',(#1676));
#6198=EDGE_LOOP('',(#1677,#1678,#1679,#1680,#1681,#1682));
#6199=EDGE_LOOP('',(#1683,#1684,#1685,#1686));
#6200=EDGE_LOOP('',(#1687));
#6201=EDGE_LOOP('',(#1688));
#6202=EDGE_LOOP('',(#1689));
#6203=EDGE_LOOP('',(#1690));
#6204=EDGE_LOOP('',(#1691));
#6205=EDGE_LOOP('',(#1692));
#6206=EDGE_LOOP('',(#1693,#1694,#1695,#1696));
#6207=EDGE_LOOP('',(#1697,#1698,#1699,#1700,#1701,#1702));
#6208=EDGE_LOOP('',(#1703,#1704,#1705,#1706,#1707,#1708));
#6209=EDGE_LOOP('',(#1709));
#6210=EDGE_LOOP('',(#1710));
#6211=EDGE_LOOP('',(#1711));
#6212=EDGE_LOOP('',(#1712,#1713,#1714,#1715,#1716,#1717));
#6213=EDGE_LOOP('',(#1718,#1719,#1720,#1721));
#6214=EDGE_LOOP('',(#1722,#1723,#1724,#1725,#1726,#1727));
#6215=EDGE_LOOP('',(#1728,#1729,#1730,#1731));
#6216=EDGE_LOOP('',(#1732,#1733,#1734,#1735));
#6217=EDGE_LOOP('',(#1736,#1737,#1738,#1739,#1740,#1741,#1742,#1743,#1744,
#1745));
#6218=EDGE_LOOP('',(#1746,#1747,#1748,#1749));
#6219=EDGE_LOOP('',(#1750,#1751,#1752,#1753));
#6220=EDGE_LOOP('',(#1754,#1755,#1756,#1757));
#6221=EDGE_LOOP('',(#1758,#1759,#1760,#1761));
#6222=EDGE_LOOP('',(#1762,#1763,#1764,#1765));
#6223=EDGE_LOOP('',(#1766,#1767,#1768,#1769));
#6224=EDGE_LOOP('',(#1770,#1771,#1772,#1773));
#6225=EDGE_LOOP('',(#1774,#1775,#1776,#1777));
#6226=EDGE_LOOP('',(#1778));
#6227=EDGE_LOOP('',(#1779));
#6228=EDGE_LOOP('',(#1780));
#6229=EDGE_LOOP('',(#1781));
#6230=EDGE_LOOP('',(#1782));
#6231=EDGE_LOOP('',(#1783));
#6232=EDGE_LOOP('',(#1784));
#6233=EDGE_LOOP('',(#1785));
#6234=EDGE_LOOP('',(#1786));
#6235=EDGE_LOOP('',(#1787));
#6236=EDGE_LOOP('',(#1788));
#6237=EDGE_LOOP('',(#1789));
#6238=EDGE_LOOP('',(#1790));
#6239=EDGE_LOOP('',(#1791));
#6240=EDGE_LOOP('',(#1792));
#6241=EDGE_LOOP('',(#1793));
#6242=EDGE_LOOP('',(#1794));
#6243=EDGE_LOOP('',(#1795));
#6244=EDGE_LOOP('',(#1796));
#6245=EDGE_LOOP('',(#1797));
#6246=EDGE_LOOP('',(#1798));
#6247=EDGE_LOOP('',(#1799));
#6248=EDGE_LOOP('',(#1800));
#6249=EDGE_LOOP('',(#1801));
#6250=EDGE_LOOP('',(#1802));
#6251=EDGE_LOOP('',(#1803));
#6252=EDGE_LOOP('',(#1804));
#6253=EDGE_LOOP('',(#1805));
#6254=EDGE_LOOP('',(#1806));
#6255=EDGE_LOOP('',(#1807));
#6256=EDGE_LOOP('',(#1808));
#6257=EDGE_LOOP('',(#1809));
#6258=EDGE_LOOP('',(#1810,#1811));
#6259=EDGE_LOOP('',(#1812,#1813));
#6260=EDGE_LOOP('',(#1814,#1815));
#6261=EDGE_LOOP('',(#1816,#1817));
#6262=EDGE_LOOP('',(#1818,#1819,#1820,#1821));
#6263=EDGE_LOOP('',(#1822,#1823,#1824,#1825));
#6264=EDGE_LOOP('',(#1826,#1827,#1828,#1829));
#6265=EDGE_LOOP('',(#1830,#1831,#1832,#1833,#1834,#1835,#1836,#1837,#1838,
#1839,#1840,#1841,#1842,#1843,#1844,#1845,#1846,#1847,#1848,#1849,#1850,
#1851,#1852,#1853,#1854,#1855,#1856,#1857,#1858,#1859,#1860,#1861,#1862,
#1863,#1864,#1865,#1866,#1867,#1868));
#6266=EDGE_LOOP('',(#1869));
#6267=EDGE_LOOP('',(#1870));
#6268=EDGE_LOOP('',(#1871,#1872,#1873,#1874));
#6269=EDGE_LOOP('',(#1875,#1876,#1877,#1878));
#6270=EDGE_LOOP('',(#1879,#1880,#1881,#1882));
#6271=EDGE_LOOP('',(#1883,#1884,#1885,#1886));
#6272=EDGE_LOOP('',(#1887,#1888,#1889,#1890));
#6273=EDGE_LOOP('',(#1891,#1892,#1893,#1894));
#6274=EDGE_LOOP('',(#1895,#1896,#1897,#1898));
#6275=EDGE_LOOP('',(#1899,#1900,#1901,#1902));
#6276=EDGE_LOOP('',(#1903,#1904,#1905,#1906));
#6277=EDGE_LOOP('',(#1907,#1908,#1909,#1910));
#6278=EDGE_LOOP('',(#1911));
#6279=EDGE_LOOP('',(#1912));
#6280=EDGE_LOOP('',(#1913,#1914,#1915,#1916));
#6281=EDGE_LOOP('',(#1917,#1918,#1919,#1920));
#6282=EDGE_LOOP('',(#1921,#1922,#1923,#1924));
#6283=EDGE_LOOP('',(#1925));
#6284=EDGE_LOOP('',(#1926));
#6285=EDGE_LOOP('',(#1927,#1928,#1929,#1930));
#6286=EDGE_LOOP('',(#1931,#1932,#1933,#1934));
#6287=EDGE_LOOP('',(#1935));
#6288=EDGE_LOOP('',(#1936));
#6289=EDGE_LOOP('',(#1937));
#6290=EDGE_LOOP('',(#1938));
#6291=EDGE_LOOP('',(#1939));
#6292=EDGE_LOOP('',(#1940));
#6293=EDGE_LOOP('',(#1941,#1942,#1943,#1944));
#6294=EDGE_LOOP('',(#1945,#1946,#1947,#1948));
#6295=EDGE_LOOP('',(#1949,#1950,#1951,#1952));
#6296=EDGE_LOOP('',(#1953));
#6297=EDGE_LOOP('',(#1954));
#6298=EDGE_LOOP('',(#1955));
#6299=EDGE_LOOP('',(#1956,#1957,#1958,#1959,#1960,#1961,#1962,#1963,#1964,
#1965,#1966,#1967,#1968,#1969,#1970,#1971));
#6300=EDGE_LOOP('',(#1972,#1973,#1974,#1975,#1976,#1977,#1978,#1979,#1980,
#1981,#1982,#1983,#1984,#1985,#1986,#1987,#1988,#1989,#1990,#1991,#1992,
#1993,#1994,#1995,#1996,#1997,#1998,#1999,#2000,#2001,#2002,#2003));
#6301=EDGE_LOOP('',(#2004));
#6302=EDGE_LOOP('',(#2005));
#6303=EDGE_LOOP('',(#2006));
#6304=EDGE_LOOP('',(#2007));
#6305=EDGE_LOOP('',(#2008));
#6306=EDGE_LOOP('',(#2009,#2010,#2011,#2012));
#6307=EDGE_LOOP('',(#2013,#2014,#2015,#2016));
#6308=EDGE_LOOP('',(#2017,#2018,#2019,#2020));
#6309=EDGE_LOOP('',(#2021,#2022,#2023,#2024,#2025,#2026));
#6310=EDGE_LOOP('',(#2027,#2028,#2029,#2030));
#6311=EDGE_LOOP('',(#2031,#2032,#2033,#2034,#2035,#2036));
#6312=EDGE_LOOP('',(#2037,#2038,#2039,#2040));
#6313=EDGE_LOOP('',(#2041,#2042,#2043,#2044,#2045,#2046));
#6314=EDGE_LOOP('',(#2047));
#6315=EDGE_LOOP('',(#2048,#2049,#2050,#2051));
#6316=EDGE_LOOP('',(#2052,#2053,#2054,#2055));
#6317=EDGE_LOOP('',(#2056,#2057,#2058,#2059));
#6318=EDGE_LOOP('',(#2060,#2061,#2062,#2063,#2064,#2065));
#6319=EDGE_LOOP('',(#2066));
#6320=EDGE_LOOP('',(#2067,#2068,#2069,#2070));
#6321=EDGE_LOOP('',(#2071,#2072,#2073,#2074));
#6322=EDGE_LOOP('',(#2075,#2076,#2077,#2078));
#6323=EDGE_LOOP('',(#2079,#2080,#2081,#2082,#2083,#2084));
#6324=EDGE_LOOP('',(#2085));
#6325=EDGE_LOOP('',(#2086,#2087,#2088,#2089));
#6326=EDGE_LOOP('',(#2090,#2091,#2092,#2093));
#6327=EDGE_LOOP('',(#2094,#2095,#2096,#2097));
#6328=EDGE_LOOP('',(#2098,#2099,#2100,#2101,#2102,#2103));
#6329=EDGE_LOOP('',(#2104));
#6330=EDGE_LOOP('',(#2105,#2106,#2107,#2108));
#6331=EDGE_LOOP('',(#2109,#2110,#2111,#2112));
#6332=EDGE_LOOP('',(#2113));
#6333=EDGE_LOOP('',(#2114));
#6334=EDGE_LOOP('',(#2115));
#6335=EDGE_LOOP('',(#2116));
#6336=EDGE_LOOP('',(#2117,#2118,#2119,#2120,#2121,#2122));
#6337=EDGE_LOOP('',(#2123));
#6338=EDGE_LOOP('',(#2124));
#6339=EDGE_LOOP('',(#2125));
#6340=EDGE_LOOP('',(#2126,#2127,#2128,#2129));
#6341=EDGE_LOOP('',(#2130,#2131,#2132,#2133,#2134,#2135));
#6342=EDGE_LOOP('',(#2136));
#6343=EDGE_LOOP('',(#2137));
#6344=EDGE_LOOP('',(#2138,#2139,#2140,#2141,#2142,#2143));
#6345=EDGE_LOOP('',(#2144,#2145,#2146,#2147,#2148,#2149));
#6346=EDGE_LOOP('',(#2150));
#6347=EDGE_LOOP('',(#2151));
#6348=EDGE_LOOP('',(#2152));
#6349=EDGE_LOOP('',(#2153));
#6350=EDGE_LOOP('',(#2154,#2155,#2156,#2157,#2158,#2159));
#6351=EDGE_LOOP('',(#2160));
#6352=EDGE_LOOP('',(#2161));
#6353=EDGE_LOOP('',(#2162));
#6354=EDGE_LOOP('',(#2163,#2164,#2165,#2166));
#6355=EDGE_LOOP('',(#2167,#2168,#2169,#2170,#2171,#2172));
#6356=EDGE_LOOP('',(#2173));
#6357=EDGE_LOOP('',(#2174));
#6358=EDGE_LOOP('',(#2175,#2176,#2177,#2178,#2179,#2180));
#6359=EDGE_LOOP('',(#2181));
#6360=EDGE_LOOP('',(#2182));
#6361=EDGE_LOOP('',(#2183));
#6362=EDGE_LOOP('',(#2184));
#6363=EDGE_LOOP('',(#2185,#2186,#2187,#2188,#2189,#2190));
#6364=EDGE_LOOP('',(#2191));
#6365=EDGE_LOOP('',(#2192));
#6366=EDGE_LOOP('',(#2193));
#6367=EDGE_LOOP('',(#2194,#2195,#2196,#2197));
#6368=EDGE_LOOP('',(#2198,#2199,#2200,#2201,#2202,#2203));
#6369=EDGE_LOOP('',(#2204));
#6370=EDGE_LOOP('',(#2205));
#6371=EDGE_LOOP('',(#2206,#2207,#2208,#2209,#2210,#2211));
#6372=EDGE_LOOP('',(#2212,#2213,#2214,#2215));
#6373=EDGE_LOOP('',(#2216));
#6374=EDGE_LOOP('',(#2217));
#6375=EDGE_LOOP('',(#2218));
#6376=EDGE_LOOP('',(#2219));
#6377=EDGE_LOOP('',(#2220,#2221,#2222,#2223,#2224,#2225));
#6378=EDGE_LOOP('',(#2226));
#6379=EDGE_LOOP('',(#2227));
#6380=EDGE_LOOP('',(#2228));
#6381=EDGE_LOOP('',(#2229,#2230,#2231,#2232));
#6382=EDGE_LOOP('',(#2233,#2234,#2235,#2236,#2237,#2238));
#6383=EDGE_LOOP('',(#2239));
#6384=EDGE_LOOP('',(#2240));
#6385=EDGE_LOOP('',(#2241,#2242,#2243,#2244,#2245,#2246));
#6386=EDGE_LOOP('',(#2247,#2248,#2249,#2250));
#6387=EDGE_LOOP('',(#2251,#2252,#2253,#2254));
#6388=EDGE_LOOP('',(#2255,#2256,#2257,#2258));
#6389=EDGE_LOOP('',(#2259,#2260,#2261,#2262,#2263));
#6390=EDGE_LOOP('',(#2264,#2265,#2266,#2267));
#6391=EDGE_LOOP('',(#2268,#2269,#2270,#2271));
#6392=EDGE_LOOP('',(#2272,#2273,#2274));
#6393=EDGE_LOOP('',(#2275,#2276,#2277,#2278));
#6394=EDGE_LOOP('',(#2279,#2280,#2281,#2282));
#6395=EDGE_LOOP('',(#2283,#2284,#2285,#2286,#2287,#2288,#2289,#2290,#2291,
#2292,#2293,#2294,#2295,#2296));
#6396=EDGE_LOOP('',(#2297,#2298,#2299,#2300));
#6397=EDGE_LOOP('',(#2301,#2302,#2303,#2304,#2305));
#6398=EDGE_LOOP('',(#2306,#2307,#2308,#2309));
#6399=EDGE_LOOP('',(#2310,#2311,#2312,#2313));
#6400=EDGE_LOOP('',(#2314,#2315,#2316,#2317));
#6401=EDGE_LOOP('',(#2318,#2319,#2320,#2321));
#6402=EDGE_LOOP('',(#2322,#2323,#2324,#2325,#2326,#2327));
#6403=EDGE_LOOP('',(#2328));
#6404=EDGE_LOOP('',(#2329));
#6405=EDGE_LOOP('',(#2330));
#6406=EDGE_LOOP('',(#2331));
#6407=EDGE_LOOP('',(#2332));
#6408=EDGE_LOOP('',(#2333));
#6409=EDGE_LOOP('',(#2334));
#6410=EDGE_LOOP('',(#2335));
#6411=EDGE_LOOP('',(#2336));
#6412=EDGE_LOOP('',(#2337));
#6413=EDGE_LOOP('',(#2338));
#6414=EDGE_LOOP('',(#2339));
#6415=EDGE_LOOP('',(#2340));
#6416=EDGE_LOOP('',(#2341));
#6417=EDGE_LOOP('',(#2342));
#6418=EDGE_LOOP('',(#2343));
#6419=EDGE_LOOP('',(#2344));
#6420=EDGE_LOOP('',(#2345));
#6421=EDGE_LOOP('',(#2346));
#6422=EDGE_LOOP('',(#2347));
#6423=EDGE_LOOP('',(#2348));
#6424=EDGE_LOOP('',(#2349));
#6425=EDGE_LOOP('',(#2350));
#6426=EDGE_LOOP('',(#2351));
#6427=EDGE_LOOP('',(#2352));
#6428=EDGE_LOOP('',(#2353));
#6429=EDGE_LOOP('',(#2354));
#6430=EDGE_LOOP('',(#2355));
#6431=EDGE_LOOP('',(#2356));
#6432=EDGE_LOOP('',(#2357));
#6433=EDGE_LOOP('',(#2358));
#6434=EDGE_LOOP('',(#2359));
#6435=EDGE_LOOP('',(#2360));
#6436=EDGE_LOOP('',(#2361));
#6437=EDGE_LOOP('',(#2362));
#6438=EDGE_LOOP('',(#2363));
#6439=EDGE_LOOP('',(#2364));
#6440=EDGE_LOOP('',(#2365));
#6441=EDGE_LOOP('',(#2366));
#6442=EDGE_LOOP('',(#2367));
#6443=EDGE_LOOP('',(#2368));
#6444=EDGE_LOOP('',(#2369));
#6445=EDGE_LOOP('',(#2370));
#6446=EDGE_LOOP('',(#2371));
#6447=EDGE_LOOP('',(#2372));
#6448=EDGE_LOOP('',(#2373));
#6449=EDGE_LOOP('',(#2374));
#6450=EDGE_LOOP('',(#2375));
#6451=EDGE_LOOP('',(#2376));
#6452=EDGE_LOOP('',(#2377));
#6453=EDGE_LOOP('',(#2378));
#6454=EDGE_LOOP('',(#2379));
#6455=EDGE_LOOP('',(#2380));
#6456=EDGE_LOOP('',(#2381));
#6457=EDGE_LOOP('',(#2382));
#6458=EDGE_LOOP('',(#2383));
#6459=EDGE_LOOP('',(#2384));
#6460=EDGE_LOOP('',(#2385));
#6461=EDGE_LOOP('',(#2386));
#6462=EDGE_LOOP('',(#2387));
#6463=EDGE_LOOP('',(#2388));
#6464=EDGE_LOOP('',(#2389));
#6465=EDGE_LOOP('',(#2390));
#6466=EDGE_LOOP('',(#2391));
#6467=EDGE_LOOP('',(#2392));
#6468=EDGE_LOOP('',(#2393));
#6469=EDGE_LOOP('',(#2394));
#6470=EDGE_LOOP('',(#2395));
#6471=EDGE_LOOP('',(#2396));
#6472=EDGE_LOOP('',(#2397));
#6473=EDGE_LOOP('',(#2398));
#6474=EDGE_LOOP('',(#2399));
#6475=EDGE_LOOP('',(#2400));
#6476=EDGE_LOOP('',(#2401));
#6477=EDGE_LOOP('',(#2402));
#6478=EDGE_LOOP('',(#2403));
#6479=EDGE_LOOP('',(#2404));
#6480=EDGE_LOOP('',(#2405));
#6481=EDGE_LOOP('',(#2406));
#6482=EDGE_LOOP('',(#2407));
#6483=EDGE_LOOP('',(#2408));
#6484=EDGE_LOOP('',(#2409));
#6485=EDGE_LOOP('',(#2410));
#6486=EDGE_LOOP('',(#2411));
#6487=EDGE_LOOP('',(#2412));
#6488=EDGE_LOOP('',(#2413));
#6489=EDGE_LOOP('',(#2414));
#6490=EDGE_LOOP('',(#2415));
#6491=EDGE_LOOP('',(#2416));
#6492=EDGE_LOOP('',(#2417));
#6493=EDGE_LOOP('',(#2418));
#6494=EDGE_LOOP('',(#2419));
#6495=EDGE_LOOP('',(#2420));
#6496=EDGE_LOOP('',(#2421));
#6497=EDGE_LOOP('',(#2422));
#6498=EDGE_LOOP('',(#2423));
#6499=EDGE_LOOP('',(#2424,#2425));
#6500=EDGE_LOOP('',(#2426,#2427));
#6501=EDGE_LOOP('',(#2428,#2429));
#6502=EDGE_LOOP('',(#2430,#2431));
#6503=EDGE_LOOP('',(#2432,#2433,#2434,#2435));
#6504=EDGE_LOOP('',(#2436,#2437,#2438,#2439));
#6505=EDGE_LOOP('',(#2440,#2441,#2442,#2443));
#6506=EDGE_LOOP('',(#2444,#2445,#2446,#2447));
#6507=EDGE_LOOP('',(#2448,#2449,#2450,#2451,#2452,#2453,#2454,#2455,#2456,
#2457,#2458,#2459,#2460,#2461,#2462,#2463,#2464,#2465,#2466,#2467,#2468,
#2469,#2470,#2471,#2472,#2473,#2474,#2475,#2476,#2477,#2478,#2479,#2480,
#2481,#2482,#2483,#2484,#2485,#2486));
#6508=EDGE_LOOP('',(#2487));
#6509=EDGE_LOOP('',(#2488));
#6510=EDGE_LOOP('',(#2489));
#6511=EDGE_LOOP('',(#2490));
#6512=EDGE_LOOP('',(#2491));
#6513=EDGE_LOOP('',(#2492,#2493,#2494,#2495));
#6514=EDGE_LOOP('',(#2496,#2497,#2498,#2499,#2500,#2501,#2502,#2503,#2504,
#2505,#2506,#2507,#2508,#2509,#2510,#2511,#2512,#2513,#2514,#2515,#2516,
#2517,#2518,#2519,#2520,#2521,#2522,#2523,#2524,#2525,#2526));
#6515=EDGE_LOOP('',(#2527));
#6516=EDGE_LOOP('',(#2528));
#6517=EDGE_LOOP('',(#2529,#2530,#2531,#2532));
#6518=EDGE_LOOP('',(#2533,#2534,#2535,#2536));
#6519=EDGE_LOOP('',(#2537,#2538,#2539,#2540));
#6520=EDGE_LOOP('',(#2541,#2542,#2543,#2544));
#6521=EDGE_LOOP('',(#2545,#2546,#2547,#2548));
#6522=EDGE_LOOP('',(#2549,#2550,#2551,#2552));
#6523=EDGE_LOOP('',(#2553,#2554,#2555,#2556));
#6524=EDGE_LOOP('',(#2557,#2558,#2559,#2560));
#6525=EDGE_LOOP('',(#2561,#2562,#2563,#2564));
#6526=EDGE_LOOP('',(#2565));
#6527=EDGE_LOOP('',(#2566));
#6528=EDGE_LOOP('',(#2567,#2568,#2569,#2570));
#6529=EDGE_LOOP('',(#2571,#2572,#2573,#2574));
#6530=EDGE_LOOP('',(#2575));
#6531=EDGE_LOOP('',(#2576));
#6532=EDGE_LOOP('',(#2577,#2578,#2579,#2580));
#6533=EDGE_LOOP('',(#2581,#2582,#2583,#2584));
#6534=EDGE_LOOP('',(#2585));
#6535=EDGE_LOOP('',(#2586));
#6536=EDGE_LOOP('',(#2587));
#6537=EDGE_LOOP('',(#2588));
#6538=EDGE_LOOP('',(#2589));
#6539=EDGE_LOOP('',(#2590));
#6540=EDGE_LOOP('',(#2591,#2592,#2593,#2594));
#6541=EDGE_LOOP('',(#2595,#2596,#2597,#2598));
#6542=EDGE_LOOP('',(#2599,#2600,#2601,#2602));
#6543=EDGE_LOOP('',(#2603,#2604,#2605,#2606,#2607));
#6544=EDGE_LOOP('',(#2608));
#6545=EDGE_LOOP('',(#2609));
#6546=EDGE_LOOP('',(#2610));
#6547=EDGE_LOOP('',(#2611,#2612,#2613,#2614,#2615,#2616,#2617,#2618,#2619,
#2620,#2621,#2622,#2623,#2624,#2625,#2626));
#6548=EDGE_LOOP('',(#2627,#2628,#2629,#2630,#2631,#2632));
#6549=EDGE_LOOP('',(#2633,#2634,#2635,#2636));
#6550=EDGE_LOOP('',(#2637,#2638,#2639,#2640,#2641,#2642));
#6551=EDGE_LOOP('',(#2643,#2644,#2645,#2646,#2647));
#6552=EDGE_LOOP('',(#2648,#2649,#2650,#2651));
#6553=EDGE_LOOP('',(#2652,#2653,#2654,#2655));
#6554=EDGE_LOOP('',(#2656,#2657,#2658,#2659));
#6555=EDGE_LOOP('',(#2660,#2661,#2662,#2663));
#6556=EDGE_LOOP('',(#2664,#2665,#2666,#2667));
#6557=EDGE_LOOP('',(#2668,#2669,#2670,#2671));
#6558=EDGE_LOOP('',(#2672,#2673,#2674,#2675));
#6559=EDGE_LOOP('',(#2676,#2677,#2678,#2679));
#6560=EDGE_LOOP('',(#2680,#2681,#2682,#2683));
#6561=EDGE_LOOP('',(#2684,#2685,#2686,#2687,#2688,#2689,#2690,#2691,#2692,
#2693,#2694,#2695,#2696,#2697));
#6562=EDGE_LOOP('',(#2698,#2699,#2700));
#6563=EDGE_LOOP('',(#2701,#2702,#2703,#2704));
#6564=EDGE_LOOP('',(#2705,#2706,#2707,#2708));
#6565=EDGE_LOOP('',(#2709,#2710,#2711,#2712,#2713,#2714));
#6566=EDGE_LOOP('',(#2715));
#6567=EDGE_LOOP('',(#2716));
#6568=EDGE_LOOP('',(#2717,#2718,#2719,#2720,#2721,#2722,#2723));
#6569=EDGE_LOOP('',(#2724,#2725,#2726,#2727));
#6570=EDGE_LOOP('',(#2728));
#6571=EDGE_LOOP('',(#2729));
#6572=EDGE_LOOP('',(#2730,#2731,#2732,#2733,#2734,#2735));
#6573=EDGE_LOOP('',(#2736));
#6574=EDGE_LOOP('',(#2737));
#6575=EDGE_LOOP('',(#2738));
#6576=EDGE_LOOP('',(#2739));
#6577=EDGE_LOOP('',(#2740));
#6578=EDGE_LOOP('',(#2741,#2742,#2743,#2744));
#6579=EDGE_LOOP('',(#2745,#2746,#2747,#2748,#2749,#2750));
#6580=EDGE_LOOP('',(#2751));
#6581=EDGE_LOOP('',(#2752));
#6582=EDGE_LOOP('',(#2753,#2754,#2755,#2756,#2757,#2758));
#6583=EDGE_LOOP('',(#2759,#2760,#2761,#2762));
#6584=EDGE_LOOP('',(#2763));
#6585=EDGE_LOOP('',(#2764));
#6586=EDGE_LOOP('',(#2765,#2766,#2767,#2768,#2769,#2770));
#6587=EDGE_LOOP('',(#2771));
#6588=EDGE_LOOP('',(#2772));
#6589=EDGE_LOOP('',(#2773));
#6590=EDGE_LOOP('',(#2774));
#6591=EDGE_LOOP('',(#2775));
#6592=EDGE_LOOP('',(#2776,#2777,#2778,#2779,#2780,#2781));
#6593=EDGE_LOOP('',(#2782));
#6594=EDGE_LOOP('',(#2783));
#6595=EDGE_LOOP('',(#2784,#2785,#2786,#2787,#2788,#2789));
#6596=EDGE_LOOP('',(#2790,#2791,#2792,#2793));
#6597=EDGE_LOOP('',(#2794));
#6598=EDGE_LOOP('',(#2795));
#6599=EDGE_LOOP('',(#2796,#2797,#2798,#2799,#2800,#2801));
#6600=EDGE_LOOP('',(#2802));
#6601=EDGE_LOOP('',(#2803));
#6602=EDGE_LOOP('',(#2804));
#6603=EDGE_LOOP('',(#2805));
#6604=EDGE_LOOP('',(#2806));
#6605=EDGE_LOOP('',(#2807,#2808,#2809,#2810));
#6606=EDGE_LOOP('',(#2811,#2812,#2813,#2814,#2815,#2816));
#6607=EDGE_LOOP('',(#2817));
#6608=EDGE_LOOP('',(#2818));
#6609=EDGE_LOOP('',(#2819,#2820,#2821,#2822,#2823,#2824));
#6610=EDGE_LOOP('',(#2825,#2826,#2827,#2828));
#6611=EDGE_LOOP('',(#2829));
#6612=EDGE_LOOP('',(#2830));
#6613=EDGE_LOOP('',(#2831,#2832,#2833,#2834,#2835,#2836));
#6614=EDGE_LOOP('',(#2837));
#6615=EDGE_LOOP('',(#2838));
#6616=EDGE_LOOP('',(#2839));
#6617=EDGE_LOOP('',(#2840));
#6618=EDGE_LOOP('',(#2841));
#6619=EDGE_LOOP('',(#2842,#2843,#2844,#2845));
#6620=EDGE_LOOP('',(#2846,#2847,#2848,#2849));
#6621=EDGE_LOOP('',(#2850,#2851,#2852,#2853,#2854,#2855));
#6622=EDGE_LOOP('',(#2856));
#6623=EDGE_LOOP('',(#2857,#2858,#2859,#2860));
#6624=EDGE_LOOP('',(#2861,#2862,#2863,#2864));
#6625=EDGE_LOOP('',(#2865,#2866,#2867,#2868));
#6626=EDGE_LOOP('',(#2869,#2870,#2871,#2872,#2873,#2874));
#6627=EDGE_LOOP('',(#2875));
#6628=EDGE_LOOP('',(#2876,#2877,#2878,#2879));
#6629=EDGE_LOOP('',(#2880,#2881,#2882,#2883));
#6630=EDGE_LOOP('',(#2884,#2885,#2886,#2887));
#6631=EDGE_LOOP('',(#2888,#2889,#2890,#2891,#2892,#2893));
#6632=EDGE_LOOP('',(#2894));
#6633=EDGE_LOOP('',(#2895,#2896,#2897,#2898));
#6634=EDGE_LOOP('',(#2899,#2900,#2901,#2902));
#6635=EDGE_LOOP('',(#2903,#2904,#2905,#2906));
#6636=EDGE_LOOP('',(#2907,#2908,#2909,#2910,#2911,#2912,#2913));
#6637=EDGE_LOOP('',(#2914));
#6638=EDGE_LOOP('',(#2915,#2916,#2917,#2918));
#6639=EDGE_LOOP('',(#2919,#2920,#2921,#2922));
#6640=EDGE_LOOP('',(#2923,#2924,#2925,#2926,#2927,#2928));
#6641=EDGE_LOOP('',(#2929,#2930,#2931,#2932));
#6642=EDGE_LOOP('',(#2933,#2934,#2935,#2936,#2937));
#6643=EDGE_LOOP('',(#2938,#2939,#2940,#2941));
#6644=EDGE_LOOP('',(#2942,#2943,#2944,#2945));
#6645=EDGE_LOOP('',(#2946,#2947));
#6646=EDGE_LOOP('',(#2948,#2949));
#6647=EDGE_LOOP('',(#2950,#2951));
#6648=EDGE_LOOP('',(#2952,#2953));
#6649=EDGE_LOOP('',(#2954,#2955,#2956,#2957));
#6650=EDGE_LOOP('',(#2958,#2959,#2960,#2961,#2962,#2963,#2964,#2965,#2966,
#2967,#2968,#2969,#2970,#2971,#2972,#2973,#2974,#2975,#2976,#2977,#2978,
#2979,#2980,#2981,#2982,#2983,#2984,#2985,#2986,#2987,#2988));
#6651=EDGE_LOOP('',(#2989));
#6652=EDGE_LOOP('',(#2990));
#6653=EDGE_LOOP('',(#2991,#2992,#2993,#2994));
#6654=EDGE_LOOP('',(#2995,#2996,#2997,#2998));
#6655=EDGE_LOOP('',(#2999,#3000,#3001,#3002));
#6656=EDGE_LOOP('',(#3003,#3004,#3005,#3006));
#6657=EDGE_LOOP('',(#3007,#3008,#3009,#3010));
#6658=EDGE_LOOP('',(#3011,#3012,#3013,#3014));
#6659=EDGE_LOOP('',(#3015,#3016,#3017,#3018));
#6660=EDGE_LOOP('',(#3019,#3020,#3021,#3022));
#6661=EDGE_LOOP('',(#3023,#3024,#3025,#3026));
#6662=EDGE_LOOP('',(#3027,#3028,#3029,#3030));
#6663=EDGE_LOOP('',(#3031,#3032,#3033,#3034));
#6664=EDGE_LOOP('',(#3035));
#6665=EDGE_LOOP('',(#3036));
#6666=EDGE_LOOP('',(#3037,#3038,#3039,#3040));
#6667=EDGE_LOOP('',(#3041,#3042,#3043,#3044));
#6668=EDGE_LOOP('',(#3045));
#6669=EDGE_LOOP('',(#3046));
#6670=EDGE_LOOP('',(#3047,#3048,#3049,#3050));
#6671=EDGE_LOOP('',(#3051,#3052,#3053,#3054));
#6672=EDGE_LOOP('',(#3055));
#6673=EDGE_LOOP('',(#3056));
#6674=EDGE_LOOP('',(#3057));
#6675=EDGE_LOOP('',(#3058));
#6676=EDGE_LOOP('',(#3059));
#6677=EDGE_LOOP('',(#3060));
#6678=EDGE_LOOP('',(#3061,#3062,#3063,#3064));
#6679=EDGE_LOOP('',(#3065,#3066,#3067,#3068));
#6680=EDGE_LOOP('',(#3069,#3070,#3071,#3072));
#6681=EDGE_LOOP('',(#3073,#3074,#3075,#3076,#3077));
#6682=EDGE_LOOP('',(#3078));
#6683=EDGE_LOOP('',(#3079));
#6684=EDGE_LOOP('',(#3080));
#6685=EDGE_LOOP('',(#3081,#3082,#3083,#3084,#3085,#3086,#3087,#3088,#3089,
#3090,#3091,#3092));
#6686=EDGE_LOOP('',(#3093,#3094,#3095,#3096));
#6687=EDGE_LOOP('',(#3097,#3098,#3099,#3100));
#6688=EDGE_LOOP('',(#3101,#3102,#3103,#3104,#3105,#3106));
#6689=EDGE_LOOP('',(#3107,#3108,#3109,#3110));
#6690=EDGE_LOOP('',(#3111,#3112,#3113,#3114));
#6691=EDGE_LOOP('',(#3115,#3116,#3117,#3118));
#6692=EDGE_LOOP('',(#3119,#3120,#3121,#3122));
#6693=EDGE_LOOP('',(#3123,#3124,#3125,#3126));
#6694=EDGE_LOOP('',(#3127,#3128,#3129,#3130));
#6695=EDGE_LOOP('',(#3131,#3132,#3133,#3134));
#6696=EDGE_LOOP('',(#3135,#3136,#3137,#3138,#3139,#3140,#3141,#3142,#3143,
#3144));
#6697=EDGE_LOOP('',(#3145,#3146,#3147,#3148,#3149,#3150,#3151));
#6698=EDGE_LOOP('',(#3152,#3153,#3154,#3155));
#6699=EDGE_LOOP('',(#3156,#3157,#3158,#3159));
#6700=EDGE_LOOP('',(#3160,#3161,#3162,#3163));
#6701=EDGE_LOOP('',(#3164,#3165,#3166,#3167,#3168,#3169));
#6702=EDGE_LOOP('',(#3170));
#6703=EDGE_LOOP('',(#3171));
#6704=EDGE_LOOP('',(#3172,#3173,#3174,#3175,#3176,#3177));
#6705=EDGE_LOOP('',(#3178,#3179,#3180,#3181));
#6706=EDGE_LOOP('',(#3182));
#6707=EDGE_LOOP('',(#3183));
#6708=EDGE_LOOP('',(#3184,#3185,#3186,#3187,#3188,#3189));
#6709=EDGE_LOOP('',(#3190));
#6710=EDGE_LOOP('',(#3191));
#6711=EDGE_LOOP('',(#3192));
#6712=EDGE_LOOP('',(#3193));
#6713=EDGE_LOOP('',(#3194));
#6714=EDGE_LOOP('',(#3195,#3196,#3197,#3198));
#6715=EDGE_LOOP('',(#3199,#3200,#3201,#3202,#3203,#3204));
#6716=EDGE_LOOP('',(#3205));
#6717=EDGE_LOOP('',(#3206));
#6718=EDGE_LOOP('',(#3207,#3208,#3209,#3210,#3211,#3212));
#6719=EDGE_LOOP('',(#3213));
#6720=EDGE_LOOP('',(#3214,#3215,#3216,#3217,#3218,#3219));
#6721=EDGE_LOOP('',(#3220,#3221,#3222,#3223));
#6722=EDGE_LOOP('',(#3224));
#6723=EDGE_LOOP('',(#3225));
#6724=EDGE_LOOP('',(#3226));
#6725=EDGE_LOOP('',(#3227));
#6726=EDGE_LOOP('',(#3228));
#6727=EDGE_LOOP('',(#3229));
#6728=EDGE_LOOP('',(#3230,#3231,#3232,#3233,#3234,#3235));
#6729=EDGE_LOOP('',(#3236));
#6730=EDGE_LOOP('',(#3237));
#6731=EDGE_LOOP('',(#3238,#3239,#3240,#3241,#3242,#3243));
#6732=EDGE_LOOP('',(#3244));
#6733=EDGE_LOOP('',(#3245,#3246,#3247,#3248,#3249,#3250));
#6734=EDGE_LOOP('',(#3251,#3252,#3253,#3254));
#6735=EDGE_LOOP('',(#3255));
#6736=EDGE_LOOP('',(#3256));
#6737=EDGE_LOOP('',(#3257));
#6738=EDGE_LOOP('',(#3258));
#6739=EDGE_LOOP('',(#3259));
#6740=EDGE_LOOP('',(#3260));
#6741=EDGE_LOOP('',(#3261,#3262,#3263,#3264));
#6742=EDGE_LOOP('',(#3265,#3266,#3267,#3268,#3269,#3270,#3271));
#6743=EDGE_LOOP('',(#3272));
#6744=EDGE_LOOP('',(#3273));
#6745=EDGE_LOOP('',(#3274,#3275,#3276,#3277,#3278,#3279));
#6746=EDGE_LOOP('',(#3280,#3281,#3282,#3283));
#6747=EDGE_LOOP('',(#3284));
#6748=EDGE_LOOP('',(#3285));
#6749=EDGE_LOOP('',(#3286,#3287,#3288,#3289,#3290,#3291));
#6750=EDGE_LOOP('',(#3292));
#6751=EDGE_LOOP('',(#3293));
#6752=EDGE_LOOP('',(#3294));
#6753=EDGE_LOOP('',(#3295));
#6754=EDGE_LOOP('',(#3296));
#6755=EDGE_LOOP('',(#3297,#3298,#3299,#3300,#3301,#3302,#3303,#3304,#3305,
#3306,#3307,#3308,#3309,#3310,#3311,#3312,#3313,#3314,#3315,#3316,#3317,
#3318,#3319,#3320,#3321,#3322,#3323,#3324,#3325,#3326,#3327,#3328,#3329,
#3330,#3331,#3332,#3333,#3334,#3335));
#6756=EDGE_LOOP('',(#3336));
#6757=EDGE_LOOP('',(#3337));
#6758=EDGE_LOOP('',(#3338));
#6759=EDGE_LOOP('',(#3339));
#6760=EDGE_LOOP('',(#3340));
#6761=EDGE_LOOP('',(#3341,#3342,#3343,#3344));
#6762=EDGE_LOOP('',(#3345,#3346,#3347,#3348));
#6763=EDGE_LOOP('',(#3349,#3350,#3351,#3352,#3353,#3354));
#6764=EDGE_LOOP('',(#3355));
#6765=EDGE_LOOP('',(#3356,#3357,#3358,#3359));
#6766=EDGE_LOOP('',(#3360,#3361,#3362,#3363));
#6767=EDGE_LOOP('',(#3364,#3365,#3366,#3367));
#6768=EDGE_LOOP('',(#3368,#3369,#3370,#3371,#3372,#3373));
#6769=EDGE_LOOP('',(#3374));
#6770=EDGE_LOOP('',(#3375,#3376,#3377,#3378));
#6771=EDGE_LOOP('',(#3379,#3380,#3381,#3382));
#6772=EDGE_LOOP('',(#3383,#3384,#3385,#3386));
#6773=EDGE_LOOP('',(#3387,#3388,#3389,#3390,#3391,#3392));
#6774=EDGE_LOOP('',(#3393));
#6775=EDGE_LOOP('',(#3394,#3395,#3396,#3397));
#6776=EDGE_LOOP('',(#3398,#3399,#3400,#3401));
#6777=EDGE_LOOP('',(#3402,#3403,#3404,#3405));
#6778=EDGE_LOOP('',(#3406,#3407,#3408,#3409,#3410,#3411,#3412));
#6779=EDGE_LOOP('',(#3413));
#6780=EDGE_LOOP('',(#3414,#3415,#3416,#3417));
#6781=EDGE_LOOP('',(#3418,#3419,#3420,#3421));
#6782=EDGE_LOOP('',(#3422,#3423,#3424,#3425));
#6783=EDGE_LOOP('',(#3426,#3427,#3428,#3429));
#6784=EDGE_LOOP('',(#3430));
#6785=EDGE_LOOP('',(#3431));
#6786=EDGE_LOOP('',(#3432));
#6787=EDGE_LOOP('',(#3433));
#6788=EDGE_LOOP('',(#3434));
#6789=EDGE_LOOP('',(#3435));
#6790=EDGE_LOOP('',(#3436));
#6791=EDGE_LOOP('',(#3437));
#6792=EDGE_LOOP('',(#3438));
#6793=EDGE_LOOP('',(#3439));
#6794=EDGE_LOOP('',(#3440));
#6795=EDGE_LOOP('',(#3441));
#6796=EDGE_LOOP('',(#3442));
#6797=EDGE_LOOP('',(#3443));
#6798=EDGE_LOOP('',(#3444));
#6799=EDGE_LOOP('',(#3445));
#6800=EDGE_LOOP('',(#3446));
#6801=EDGE_LOOP('',(#3447));
#6802=EDGE_LOOP('',(#3448));
#6803=EDGE_LOOP('',(#3449));
#6804=EDGE_LOOP('',(#3450));
#6805=EDGE_LOOP('',(#3451));
#6806=EDGE_LOOP('',(#3452));
#6807=EDGE_LOOP('',(#3453));
#6808=EDGE_LOOP('',(#3454));
#6809=EDGE_LOOP('',(#3455));
#6810=EDGE_LOOP('',(#3456));
#6811=EDGE_LOOP('',(#3457));
#6812=EDGE_LOOP('',(#3458));
#6813=EDGE_LOOP('',(#3459));
#6814=EDGE_LOOP('',(#3460));
#6815=EDGE_LOOP('',(#3461));
#6816=EDGE_LOOP('',(#3462));
#6817=EDGE_LOOP('',(#3463));
#6818=EDGE_LOOP('',(#3464));
#6819=EDGE_LOOP('',(#3465));
#6820=EDGE_LOOP('',(#3466));
#6821=EDGE_LOOP('',(#3467));
#6822=EDGE_LOOP('',(#3468));
#6823=EDGE_LOOP('',(#3469));
#6824=EDGE_LOOP('',(#3470));
#6825=EDGE_LOOP('',(#3471));
#6826=EDGE_LOOP('',(#3472));
#6827=EDGE_LOOP('',(#3473));
#6828=EDGE_LOOP('',(#3474));
#6829=EDGE_LOOP('',(#3475));
#6830=EDGE_LOOP('',(#3476));
#6831=EDGE_LOOP('',(#3477));
#6832=EDGE_LOOP('',(#3478));
#6833=EDGE_LOOP('',(#3479));
#6834=EDGE_LOOP('',(#3480));
#6835=EDGE_LOOP('',(#3481));
#6836=EDGE_LOOP('',(#3482));
#6837=EDGE_LOOP('',(#3483));
#6838=EDGE_LOOP('',(#3484));
#6839=EDGE_LOOP('',(#3485));
#6840=EDGE_LOOP('',(#3486));
#6841=EDGE_LOOP('',(#3487));
#6842=EDGE_LOOP('',(#3488));
#6843=EDGE_LOOP('',(#3489));
#6844=EDGE_LOOP('',(#3490));
#6845=EDGE_LOOP('',(#3491));
#6846=EDGE_LOOP('',(#3492));
#6847=EDGE_LOOP('',(#3493));
#6848=EDGE_LOOP('',(#3494));
#6849=EDGE_LOOP('',(#3495));
#6850=EDGE_LOOP('',(#3496));
#6851=EDGE_LOOP('',(#3497));
#6852=EDGE_LOOP('',(#3498));
#6853=EDGE_LOOP('',(#3499));
#6854=EDGE_LOOP('',(#3500));
#6855=EDGE_LOOP('',(#3501));
#6856=EDGE_LOOP('',(#3502));
#6857=EDGE_LOOP('',(#3503));
#6858=EDGE_LOOP('',(#3504));
#6859=EDGE_LOOP('',(#3505));
#6860=EDGE_LOOP('',(#3506));
#6861=EDGE_LOOP('',(#3507));
#6862=EDGE_LOOP('',(#3508));
#6863=EDGE_LOOP('',(#3509));
#6864=EDGE_LOOP('',(#3510));
#6865=EDGE_LOOP('',(#3511));
#6866=EDGE_LOOP('',(#3512));
#6867=EDGE_LOOP('',(#3513));
#6868=EDGE_LOOP('',(#3514));
#6869=EDGE_LOOP('',(#3515));
#6870=EDGE_LOOP('',(#3516));
#6871=EDGE_LOOP('',(#3517));
#6872=EDGE_LOOP('',(#3518));
#6873=EDGE_LOOP('',(#3519));
#6874=EDGE_LOOP('',(#3520));
#6875=EDGE_LOOP('',(#3521));
#6876=EDGE_LOOP('',(#3522));
#6877=EDGE_LOOP('',(#3523));
#6878=EDGE_LOOP('',(#3524));
#6879=EDGE_LOOP('',(#3525));
#6880=FACE_BOUND('',#6056,.T.);
#6881=FACE_BOUND('',#6057,.T.);
#6882=FACE_BOUND('',#6058,.T.);
#6883=FACE_BOUND('',#6059,.T.);
#6884=FACE_BOUND('',#6060,.T.);
#6885=FACE_BOUND('',#6061,.T.);
#6886=FACE_BOUND('',#6062,.T.);
#6887=FACE_BOUND('',#6063,.T.);
#6888=FACE_BOUND('',#6064,.T.);
#6889=FACE_BOUND('',#6065,.T.);
#6890=FACE_BOUND('',#6066,.T.);
#6891=FACE_BOUND('',#6067,.T.);
#6892=FACE_BOUND('',#6068,.T.);
#6893=FACE_BOUND('',#6069,.T.);
#6894=FACE_BOUND('',#6070,.T.);
#6895=FACE_BOUND('',#6071,.T.);
#6896=FACE_BOUND('',#6072,.T.);
#6897=FACE_BOUND('',#6073,.T.);
#6898=FACE_BOUND('',#6074,.T.);
#6899=FACE_BOUND('',#6075,.T.);
#6900=FACE_BOUND('',#6076,.T.);
#6901=FACE_BOUND('',#6077,.T.);
#6902=FACE_BOUND('',#6078,.T.);
#6903=FACE_BOUND('',#6079,.T.);
#6904=FACE_BOUND('',#6080,.T.);
#6905=FACE_BOUND('',#6081,.T.);
#6906=FACE_BOUND('',#6082,.T.);
#6907=FACE_BOUND('',#6083,.T.);
#6908=FACE_BOUND('',#6084,.T.);
#6909=FACE_BOUND('',#6085,.T.);
#6910=FACE_BOUND('',#6086,.T.);
#6911=FACE_BOUND('',#6087,.T.);
#6912=FACE_BOUND('',#6088,.T.);
#6913=FACE_BOUND('',#6089,.T.);
#6914=FACE_BOUND('',#6090,.T.);
#6915=FACE_BOUND('',#6091,.T.);
#6916=FACE_BOUND('',#6092,.T.);
#6917=FACE_BOUND('',#6093,.T.);
#6918=FACE_BOUND('',#6094,.T.);
#6919=FACE_BOUND('',#6095,.T.);
#6920=FACE_BOUND('',#6096,.T.);
#6921=FACE_BOUND('',#6097,.T.);
#6922=FACE_BOUND('',#6098,.T.);
#6923=FACE_BOUND('',#6099,.T.);
#6924=FACE_BOUND('',#6100,.T.);
#6925=FACE_BOUND('',#6101,.T.);
#6926=FACE_BOUND('',#6102,.T.);
#6927=FACE_BOUND('',#6103,.T.);
#6928=FACE_BOUND('',#6104,.T.);
#6929=FACE_BOUND('',#6105,.T.);
#6930=FACE_BOUND('',#6106,.T.);
#6931=FACE_BOUND('',#6107,.T.);
#6932=FACE_BOUND('',#6108,.T.);
#6933=FACE_BOUND('',#6109,.T.);
#6934=FACE_BOUND('',#6110,.T.);
#6935=FACE_BOUND('',#6111,.T.);
#6936=FACE_BOUND('',#6112,.T.);
#6937=FACE_BOUND('',#6113,.T.);
#6938=FACE_BOUND('',#6114,.T.);
#6939=FACE_BOUND('',#6115,.T.);
#6940=FACE_BOUND('',#6116,.T.);
#6941=FACE_BOUND('',#6117,.T.);
#6942=FACE_BOUND('',#6118,.T.);
#6943=FACE_BOUND('',#6119,.T.);
#6944=FACE_BOUND('',#6120,.T.);
#6945=FACE_BOUND('',#6121,.T.);
#6946=FACE_BOUND('',#6122,.T.);
#6947=FACE_BOUND('',#6123,.T.);
#6948=FACE_BOUND('',#6124,.T.);
#6949=FACE_BOUND('',#6125,.T.);
#6950=FACE_BOUND('',#6126,.T.);
#6951=FACE_BOUND('',#6127,.T.);
#6952=FACE_BOUND('',#6128,.T.);
#6953=FACE_BOUND('',#6129,.T.);
#6954=FACE_BOUND('',#6130,.T.);
#6955=FACE_BOUND('',#6131,.T.);
#6956=FACE_BOUND('',#6132,.T.);
#6957=FACE_BOUND('',#6133,.T.);
#6958=FACE_BOUND('',#6134,.T.);
#6959=FACE_BOUND('',#6135,.T.);
#6960=FACE_BOUND('',#6136,.T.);
#6961=FACE_BOUND('',#6137,.T.);
#6962=FACE_BOUND('',#6138,.T.);
#6963=FACE_BOUND('',#6139,.T.);
#6964=FACE_BOUND('',#6140,.T.);
#6965=FACE_BOUND('',#6141,.T.);
#6966=FACE_BOUND('',#6142,.T.);
#6967=FACE_BOUND('',#6143,.T.);
#6968=FACE_BOUND('',#6144,.T.);
#6969=FACE_BOUND('',#6145,.T.);
#6970=FACE_BOUND('',#6146,.T.);
#6971=FACE_BOUND('',#6147,.T.);
#6972=FACE_BOUND('',#6148,.T.);
#6973=FACE_BOUND('',#6149,.T.);
#6974=FACE_BOUND('',#6150,.T.);
#6975=FACE_BOUND('',#6151,.T.);
#6976=FACE_BOUND('',#6152,.T.);
#6977=FACE_BOUND('',#6153,.T.);
#6978=FACE_BOUND('',#6154,.T.);
#6979=FACE_BOUND('',#6155,.T.);
#6980=FACE_BOUND('',#6156,.T.);
#6981=FACE_BOUND('',#6157,.T.);
#6982=FACE_BOUND('',#6158,.T.);
#6983=FACE_BOUND('',#6159,.T.);
#6984=FACE_BOUND('',#6160,.T.);
#6985=FACE_BOUND('',#6161,.T.);
#6986=FACE_BOUND('',#6162,.T.);
#6987=FACE_BOUND('',#6163,.T.);
#6988=FACE_BOUND('',#6164,.T.);
#6989=FACE_BOUND('',#6165,.T.);
#6990=FACE_BOUND('',#6166,.T.);
#6991=FACE_BOUND('',#6167,.T.);
#6992=FACE_BOUND('',#6168,.T.);
#6993=FACE_BOUND('',#6169,.T.);
#6994=FACE_BOUND('',#6170,.T.);
#6995=FACE_BOUND('',#6171,.T.);
#6996=FACE_BOUND('',#6172,.T.);
#6997=FACE_BOUND('',#6173,.T.);
#6998=FACE_BOUND('',#6174,.T.);
#6999=FACE_BOUND('',#6175,.T.);
#7000=FACE_BOUND('',#6176,.T.);
#7001=FACE_BOUND('',#6177,.T.);
#7002=FACE_BOUND('',#6178,.T.);
#7003=FACE_BOUND('',#6179,.T.);
#7004=FACE_BOUND('',#6180,.T.);
#7005=FACE_BOUND('',#6181,.T.);
#7006=FACE_BOUND('',#6182,.T.);
#7007=FACE_BOUND('',#6183,.T.);
#7008=FACE_BOUND('',#6184,.T.);
#7009=FACE_BOUND('',#6185,.T.);
#7010=FACE_BOUND('',#6186,.T.);
#7011=FACE_BOUND('',#6187,.T.);
#7012=FACE_BOUND('',#6188,.T.);
#7013=FACE_BOUND('',#6189,.T.);
#7014=FACE_BOUND('',#6190,.T.);
#7015=FACE_BOUND('',#6191,.T.);
#7016=FACE_BOUND('',#6192,.T.);
#7017=FACE_BOUND('',#6193,.T.);
#7018=FACE_BOUND('',#6194,.T.);
#7019=FACE_BOUND('',#6195,.T.);
#7020=FACE_BOUND('',#6196,.T.);
#7021=FACE_BOUND('',#6197,.T.);
#7022=FACE_BOUND('',#6198,.T.);
#7023=FACE_BOUND('',#6199,.T.);
#7024=FACE_BOUND('',#6200,.T.);
#7025=FACE_BOUND('',#6201,.T.);
#7026=FACE_BOUND('',#6202,.T.);
#7027=FACE_BOUND('',#6203,.T.);
#7028=FACE_BOUND('',#6204,.T.);
#7029=FACE_BOUND('',#6205,.T.);
#7030=FACE_BOUND('',#6206,.T.);
#7031=FACE_BOUND('',#6207,.T.);
#7032=FACE_BOUND('',#6208,.T.);
#7033=FACE_BOUND('',#6209,.T.);
#7034=FACE_BOUND('',#6210,.T.);
#7035=FACE_BOUND('',#6211,.T.);
#7036=FACE_BOUND('',#6212,.T.);
#7037=FACE_BOUND('',#6213,.T.);
#7038=FACE_BOUND('',#6214,.T.);
#7039=FACE_BOUND('',#6215,.T.);
#7040=FACE_BOUND('',#6216,.T.);
#7041=FACE_BOUND('',#6217,.T.);
#7042=FACE_BOUND('',#6218,.T.);
#7043=FACE_BOUND('',#6219,.T.);
#7044=FACE_BOUND('',#6220,.T.);
#7045=FACE_BOUND('',#6221,.T.);
#7046=FACE_BOUND('',#6222,.T.);
#7047=FACE_BOUND('',#6223,.T.);
#7048=FACE_BOUND('',#6224,.T.);
#7049=FACE_BOUND('',#6225,.T.);
#7050=FACE_BOUND('',#6226,.T.);
#7051=FACE_BOUND('',#6227,.T.);
#7052=FACE_BOUND('',#6228,.T.);
#7053=FACE_BOUND('',#6229,.T.);
#7054=FACE_BOUND('',#6230,.T.);
#7055=FACE_BOUND('',#6231,.T.);
#7056=FACE_BOUND('',#6232,.T.);
#7057=FACE_BOUND('',#6233,.T.);
#7058=FACE_BOUND('',#6234,.T.);
#7059=FACE_BOUND('',#6235,.T.);
#7060=FACE_BOUND('',#6236,.T.);
#7061=FACE_BOUND('',#6237,.T.);
#7062=FACE_BOUND('',#6238,.T.);
#7063=FACE_BOUND('',#6239,.T.);
#7064=FACE_BOUND('',#6240,.T.);
#7065=FACE_BOUND('',#6241,.T.);
#7066=FACE_BOUND('',#6242,.T.);
#7067=FACE_BOUND('',#6243,.T.);
#7068=FACE_BOUND('',#6244,.T.);
#7069=FACE_BOUND('',#6245,.T.);
#7070=FACE_BOUND('',#6246,.T.);
#7071=FACE_BOUND('',#6247,.T.);
#7072=FACE_BOUND('',#6248,.T.);
#7073=FACE_BOUND('',#6249,.T.);
#7074=FACE_BOUND('',#6250,.T.);
#7075=FACE_BOUND('',#6251,.T.);
#7076=FACE_BOUND('',#6252,.T.);
#7077=FACE_BOUND('',#6253,.T.);
#7078=FACE_BOUND('',#6254,.T.);
#7079=FACE_BOUND('',#6255,.T.);
#7080=FACE_BOUND('',#6256,.T.);
#7081=FACE_BOUND('',#6257,.T.);
#7082=FACE_BOUND('',#6258,.T.);
#7083=FACE_BOUND('',#6259,.T.);
#7084=FACE_BOUND('',#6260,.T.);
#7085=FACE_BOUND('',#6261,.T.);
#7086=FACE_BOUND('',#6262,.T.);
#7087=FACE_BOUND('',#6263,.T.);
#7088=FACE_BOUND('',#6264,.T.);
#7089=FACE_BOUND('',#6265,.T.);
#7090=FACE_BOUND('',#6266,.T.);
#7091=FACE_BOUND('',#6267,.T.);
#7092=FACE_BOUND('',#6268,.T.);
#7093=FACE_BOUND('',#6269,.T.);
#7094=FACE_BOUND('',#6270,.T.);
#7095=FACE_BOUND('',#6271,.T.);
#7096=FACE_BOUND('',#6272,.T.);
#7097=FACE_BOUND('',#6273,.T.);
#7098=FACE_BOUND('',#6274,.T.);
#7099=FACE_BOUND('',#6275,.T.);
#7100=FACE_BOUND('',#6276,.T.);
#7101=FACE_BOUND('',#6277,.T.);
#7102=FACE_BOUND('',#6278,.T.);
#7103=FACE_BOUND('',#6279,.T.);
#7104=FACE_BOUND('',#6280,.T.);
#7105=FACE_BOUND('',#6281,.T.);
#7106=FACE_BOUND('',#6282,.T.);
#7107=FACE_BOUND('',#6283,.T.);
#7108=FACE_BOUND('',#6284,.T.);
#7109=FACE_BOUND('',#6285,.T.);
#7110=FACE_BOUND('',#6286,.T.);
#7111=FACE_BOUND('',#6287,.T.);
#7112=FACE_BOUND('',#6288,.T.);
#7113=FACE_BOUND('',#6289,.T.);
#7114=FACE_BOUND('',#6290,.T.);
#7115=FACE_BOUND('',#6291,.T.);
#7116=FACE_BOUND('',#6292,.T.);
#7117=FACE_BOUND('',#6293,.T.);
#7118=FACE_BOUND('',#6294,.T.);
#7119=FACE_BOUND('',#6295,.T.);
#7120=FACE_BOUND('',#6296,.T.);
#7121=FACE_BOUND('',#6297,.T.);
#7122=FACE_BOUND('',#6298,.T.);
#7123=FACE_BOUND('',#6299,.T.);
#7124=FACE_BOUND('',#6300,.T.);
#7125=FACE_BOUND('',#6301,.T.);
#7126=FACE_BOUND('',#6302,.T.);
#7127=FACE_BOUND('',#6303,.T.);
#7128=FACE_BOUND('',#6304,.T.);
#7129=FACE_BOUND('',#6305,.T.);
#7130=FACE_BOUND('',#6306,.T.);
#7131=FACE_BOUND('',#6307,.T.);
#7132=FACE_BOUND('',#6308,.T.);
#7133=FACE_BOUND('',#6309,.T.);
#7134=FACE_BOUND('',#6310,.T.);
#7135=FACE_BOUND('',#6311,.T.);
#7136=FACE_BOUND('',#6312,.T.);
#7137=FACE_BOUND('',#6313,.T.);
#7138=FACE_BOUND('',#6314,.T.);
#7139=FACE_BOUND('',#6315,.T.);
#7140=FACE_BOUND('',#6316,.T.);
#7141=FACE_BOUND('',#6317,.T.);
#7142=FACE_BOUND('',#6318,.T.);
#7143=FACE_BOUND('',#6319,.T.);
#7144=FACE_BOUND('',#6320,.T.);
#7145=FACE_BOUND('',#6321,.T.);
#7146=FACE_BOUND('',#6322,.T.);
#7147=FACE_BOUND('',#6323,.T.);
#7148=FACE_BOUND('',#6324,.T.);
#7149=FACE_BOUND('',#6325,.T.);
#7150=FACE_BOUND('',#6326,.T.);
#7151=FACE_BOUND('',#6327,.T.);
#7152=FACE_BOUND('',#6328,.T.);
#7153=FACE_BOUND('',#6329,.T.);
#7154=FACE_BOUND('',#6330,.T.);
#7155=FACE_BOUND('',#6331,.T.);
#7156=FACE_BOUND('',#6332,.T.);
#7157=FACE_BOUND('',#6333,.T.);
#7158=FACE_BOUND('',#6334,.T.);
#7159=FACE_BOUND('',#6335,.T.);
#7160=FACE_BOUND('',#6336,.T.);
#7161=FACE_BOUND('',#6337,.T.);
#7162=FACE_BOUND('',#6338,.T.);
#7163=FACE_BOUND('',#6339,.T.);
#7164=FACE_BOUND('',#6340,.T.);
#7165=FACE_BOUND('',#6341,.T.);
#7166=FACE_BOUND('',#6342,.T.);
#7167=FACE_BOUND('',#6343,.T.);
#7168=FACE_BOUND('',#6344,.T.);
#7169=FACE_BOUND('',#6345,.T.);
#7170=FACE_BOUND('',#6346,.T.);
#7171=FACE_BOUND('',#6347,.T.);
#7172=FACE_BOUND('',#6348,.T.);
#7173=FACE_BOUND('',#6349,.T.);
#7174=FACE_BOUND('',#6350,.T.);
#7175=FACE_BOUND('',#6351,.T.);
#7176=FACE_BOUND('',#6352,.T.);
#7177=FACE_BOUND('',#6353,.T.);
#7178=FACE_BOUND('',#6354,.T.);
#7179=FACE_BOUND('',#6355,.T.);
#7180=FACE_BOUND('',#6356,.T.);
#7181=FACE_BOUND('',#6357,.T.);
#7182=FACE_BOUND('',#6358,.T.);
#7183=FACE_BOUND('',#6359,.T.);
#7184=FACE_BOUND('',#6360,.T.);
#7185=FACE_BOUND('',#6361,.T.);
#7186=FACE_BOUND('',#6362,.T.);
#7187=FACE_BOUND('',#6363,.T.);
#7188=FACE_BOUND('',#6364,.T.);
#7189=FACE_BOUND('',#6365,.T.);
#7190=FACE_BOUND('',#6366,.T.);
#7191=FACE_BOUND('',#6367,.T.);
#7192=FACE_BOUND('',#6368,.T.);
#7193=FACE_BOUND('',#6369,.T.);
#7194=FACE_BOUND('',#6370,.T.);
#7195=FACE_BOUND('',#6371,.T.);
#7196=FACE_BOUND('',#6372,.T.);
#7197=FACE_BOUND('',#6373,.T.);
#7198=FACE_BOUND('',#6374,.T.);
#7199=FACE_BOUND('',#6375,.T.);
#7200=FACE_BOUND('',#6376,.T.);
#7201=FACE_BOUND('',#6377,.T.);
#7202=FACE_BOUND('',#6378,.T.);
#7203=FACE_BOUND('',#6379,.T.);
#7204=FACE_BOUND('',#6380,.T.);
#7205=FACE_BOUND('',#6381,.T.);
#7206=FACE_BOUND('',#6382,.T.);
#7207=FACE_BOUND('',#6383,.T.);
#7208=FACE_BOUND('',#6384,.T.);
#7209=FACE_BOUND('',#6385,.T.);
#7210=FACE_BOUND('',#6386,.T.);
#7211=FACE_BOUND('',#6387,.T.);
#7212=FACE_BOUND('',#6388,.T.);
#7213=FACE_BOUND('',#6389,.T.);
#7214=FACE_BOUND('',#6390,.T.);
#7215=FACE_BOUND('',#6391,.T.);
#7216=FACE_BOUND('',#6392,.T.);
#7217=FACE_BOUND('',#6393,.T.);
#7218=FACE_BOUND('',#6394,.T.);
#7219=FACE_BOUND('',#6395,.T.);
#7220=FACE_BOUND('',#6396,.T.);
#7221=FACE_BOUND('',#6397,.T.);
#7222=FACE_BOUND('',#6398,.T.);
#7223=FACE_BOUND('',#6399,.T.);
#7224=FACE_BOUND('',#6400,.T.);
#7225=FACE_BOUND('',#6401,.T.);
#7226=FACE_BOUND('',#6402,.T.);
#7227=FACE_BOUND('',#6403,.T.);
#7228=FACE_BOUND('',#6404,.T.);
#7229=FACE_BOUND('',#6405,.T.);
#7230=FACE_BOUND('',#6406,.T.);
#7231=FACE_BOUND('',#6407,.T.);
#7232=FACE_BOUND('',#6408,.T.);
#7233=FACE_BOUND('',#6409,.T.);
#7234=FACE_BOUND('',#6410,.T.);
#7235=FACE_BOUND('',#6411,.T.);
#7236=FACE_BOUND('',#6412,.T.);
#7237=FACE_BOUND('',#6413,.T.);
#7238=FACE_BOUND('',#6414,.T.);
#7239=FACE_BOUND('',#6415,.T.);
#7240=FACE_BOUND('',#6416,.T.);
#7241=FACE_BOUND('',#6417,.T.);
#7242=FACE_BOUND('',#6418,.T.);
#7243=FACE_BOUND('',#6419,.T.);
#7244=FACE_BOUND('',#6420,.T.);
#7245=FACE_BOUND('',#6421,.T.);
#7246=FACE_BOUND('',#6422,.T.);
#7247=FACE_BOUND('',#6423,.T.);
#7248=FACE_BOUND('',#6424,.T.);
#7249=FACE_BOUND('',#6425,.T.);
#7250=FACE_BOUND('',#6426,.T.);
#7251=FACE_BOUND('',#6427,.T.);
#7252=FACE_BOUND('',#6428,.T.);
#7253=FACE_BOUND('',#6429,.T.);
#7254=FACE_BOUND('',#6430,.T.);
#7255=FACE_BOUND('',#6431,.T.);
#7256=FACE_BOUND('',#6432,.T.);
#7257=FACE_BOUND('',#6433,.T.);
#7258=FACE_BOUND('',#6434,.T.);
#7259=FACE_BOUND('',#6435,.T.);
#7260=FACE_BOUND('',#6436,.T.);
#7261=FACE_BOUND('',#6437,.T.);
#7262=FACE_BOUND('',#6438,.T.);
#7263=FACE_BOUND('',#6439,.T.);
#7264=FACE_BOUND('',#6440,.T.);
#7265=FACE_BOUND('',#6441,.T.);
#7266=FACE_BOUND('',#6442,.T.);
#7267=FACE_BOUND('',#6443,.T.);
#7268=FACE_BOUND('',#6444,.T.);
#7269=FACE_BOUND('',#6445,.T.);
#7270=FACE_BOUND('',#6446,.T.);
#7271=FACE_BOUND('',#6447,.T.);
#7272=FACE_BOUND('',#6448,.T.);
#7273=FACE_BOUND('',#6449,.T.);
#7274=FACE_BOUND('',#6450,.T.);
#7275=FACE_BOUND('',#6451,.T.);
#7276=FACE_BOUND('',#6452,.T.);
#7277=FACE_BOUND('',#6453,.T.);
#7278=FACE_BOUND('',#6454,.T.);
#7279=FACE_BOUND('',#6455,.T.);
#7280=FACE_BOUND('',#6456,.T.);
#7281=FACE_BOUND('',#6457,.T.);
#7282=FACE_BOUND('',#6458,.T.);
#7283=FACE_BOUND('',#6459,.T.);
#7284=FACE_BOUND('',#6460,.T.);
#7285=FACE_BOUND('',#6461,.T.);
#7286=FACE_BOUND('',#6462,.T.);
#7287=FACE_BOUND('',#6463,.T.);
#7288=FACE_BOUND('',#6464,.T.);
#7289=FACE_BOUND('',#6465,.T.);
#7290=FACE_BOUND('',#6466,.T.);
#7291=FACE_BOUND('',#6467,.T.);
#7292=FACE_BOUND('',#6468,.T.);
#7293=FACE_BOUND('',#6469,.T.);
#7294=FACE_BOUND('',#6470,.T.);
#7295=FACE_BOUND('',#6471,.T.);
#7296=FACE_BOUND('',#6472,.T.);
#7297=FACE_BOUND('',#6473,.T.);
#7298=FACE_BOUND('',#6474,.T.);
#7299=FACE_BOUND('',#6475,.T.);
#7300=FACE_BOUND('',#6476,.T.);
#7301=FACE_BOUND('',#6477,.T.);
#7302=FACE_BOUND('',#6478,.T.);
#7303=FACE_BOUND('',#6479,.T.);
#7304=FACE_BOUND('',#6480,.T.);
#7305=FACE_BOUND('',#6481,.T.);
#7306=FACE_BOUND('',#6482,.T.);
#7307=FACE_BOUND('',#6483,.T.);
#7308=FACE_BOUND('',#6484,.T.);
#7309=FACE_BOUND('',#6485,.T.);
#7310=FACE_BOUND('',#6486,.T.);
#7311=FACE_BOUND('',#6487,.T.);
#7312=FACE_BOUND('',#6488,.T.);
#7313=FACE_BOUND('',#6489,.T.);
#7314=FACE_BOUND('',#6490,.T.);
#7315=FACE_BOUND('',#6491,.T.);
#7316=FACE_BOUND('',#6492,.T.);
#7317=FACE_BOUND('',#6493,.T.);
#7318=FACE_BOUND('',#6494,.T.);
#7319=FACE_BOUND('',#6495,.T.);
#7320=FACE_BOUND('',#6496,.T.);
#7321=FACE_BOUND('',#6497,.T.);
#7322=FACE_BOUND('',#6498,.T.);
#7323=FACE_BOUND('',#6499,.T.);
#7324=FACE_BOUND('',#6500,.T.);
#7325=FACE_BOUND('',#6501,.T.);
#7326=FACE_BOUND('',#6502,.T.);
#7327=FACE_BOUND('',#6503,.T.);
#7328=FACE_BOUND('',#6504,.T.);
#7329=FACE_BOUND('',#6505,.T.);
#7330=FACE_BOUND('',#6506,.T.);
#7331=FACE_BOUND('',#6507,.T.);
#7332=FACE_BOUND('',#6508,.T.);
#7333=FACE_BOUND('',#6509,.T.);
#7334=FACE_BOUND('',#6510,.T.);
#7335=FACE_BOUND('',#6511,.T.);
#7336=FACE_BOUND('',#6512,.T.);
#7337=FACE_BOUND('',#6513,.T.);
#7338=FACE_BOUND('',#6514,.T.);
#7339=FACE_BOUND('',#6515,.T.);
#7340=FACE_BOUND('',#6516,.T.);
#7341=FACE_BOUND('',#6517,.T.);
#7342=FACE_BOUND('',#6518,.T.);
#7343=FACE_BOUND('',#6519,.T.);
#7344=FACE_BOUND('',#6520,.T.);
#7345=FACE_BOUND('',#6521,.T.);
#7346=FACE_BOUND('',#6522,.T.);
#7347=FACE_BOUND('',#6523,.T.);
#7348=FACE_BOUND('',#6524,.T.);
#7349=FACE_BOUND('',#6525,.T.);
#7350=FACE_BOUND('',#6526,.T.);
#7351=FACE_BOUND('',#6527,.T.);
#7352=FACE_BOUND('',#6528,.T.);
#7353=FACE_BOUND('',#6529,.T.);
#7354=FACE_BOUND('',#6530,.T.);
#7355=FACE_BOUND('',#6531,.T.);
#7356=FACE_BOUND('',#6532,.T.);
#7357=FACE_BOUND('',#6533,.T.);
#7358=FACE_BOUND('',#6534,.T.);
#7359=FACE_BOUND('',#6535,.T.);
#7360=FACE_BOUND('',#6536,.T.);
#7361=FACE_BOUND('',#6537,.T.);
#7362=FACE_BOUND('',#6538,.T.);
#7363=FACE_BOUND('',#6539,.T.);
#7364=FACE_BOUND('',#6540,.T.);
#7365=FACE_BOUND('',#6541,.T.);
#7366=FACE_BOUND('',#6542,.T.);
#7367=FACE_BOUND('',#6543,.T.);
#7368=FACE_BOUND('',#6544,.T.);
#7369=FACE_BOUND('',#6545,.T.);
#7370=FACE_BOUND('',#6546,.T.);
#7371=FACE_BOUND('',#6547,.T.);
#7372=FACE_BOUND('',#6548,.T.);
#7373=FACE_BOUND('',#6549,.T.);
#7374=FACE_BOUND('',#6550,.T.);
#7375=FACE_BOUND('',#6551,.T.);
#7376=FACE_BOUND('',#6552,.T.);
#7377=FACE_BOUND('',#6553,.T.);
#7378=FACE_BOUND('',#6554,.T.);
#7379=FACE_BOUND('',#6555,.T.);
#7380=FACE_BOUND('',#6556,.T.);
#7381=FACE_BOUND('',#6557,.T.);
#7382=FACE_BOUND('',#6558,.T.);
#7383=FACE_BOUND('',#6559,.T.);
#7384=FACE_BOUND('',#6560,.T.);
#7385=FACE_BOUND('',#6561,.T.);
#7386=FACE_BOUND('',#6562,.T.);
#7387=FACE_BOUND('',#6563,.T.);
#7388=FACE_BOUND('',#6564,.T.);
#7389=FACE_BOUND('',#6565,.T.);
#7390=FACE_BOUND('',#6566,.T.);
#7391=FACE_BOUND('',#6567,.T.);
#7392=FACE_BOUND('',#6568,.T.);
#7393=FACE_BOUND('',#6569,.T.);
#7394=FACE_BOUND('',#6570,.T.);
#7395=FACE_BOUND('',#6571,.T.);
#7396=FACE_BOUND('',#6572,.T.);
#7397=FACE_BOUND('',#6573,.T.);
#7398=FACE_BOUND('',#6574,.T.);
#7399=FACE_BOUND('',#6575,.T.);
#7400=FACE_BOUND('',#6576,.T.);
#7401=FACE_BOUND('',#6577,.T.);
#7402=FACE_BOUND('',#6578,.T.);
#7403=FACE_BOUND('',#6579,.T.);
#7404=FACE_BOUND('',#6580,.T.);
#7405=FACE_BOUND('',#6581,.T.);
#7406=FACE_BOUND('',#6582,.T.);
#7407=FACE_BOUND('',#6583,.T.);
#7408=FACE_BOUND('',#6584,.T.);
#7409=FACE_BOUND('',#6585,.T.);
#7410=FACE_BOUND('',#6586,.T.);
#7411=FACE_BOUND('',#6587,.T.);
#7412=FACE_BOUND('',#6588,.T.);
#7413=FACE_BOUND('',#6589,.T.);
#7414=FACE_BOUND('',#6590,.T.);
#7415=FACE_BOUND('',#6591,.T.);
#7416=FACE_BOUND('',#6592,.T.);
#7417=FACE_BOUND('',#6593,.T.);
#7418=FACE_BOUND('',#6594,.T.);
#7419=FACE_BOUND('',#6595,.T.);
#7420=FACE_BOUND('',#6596,.T.);
#7421=FACE_BOUND('',#6597,.T.);
#7422=FACE_BOUND('',#6598,.T.);
#7423=FACE_BOUND('',#6599,.T.);
#7424=FACE_BOUND('',#6600,.T.);
#7425=FACE_BOUND('',#6601,.T.);
#7426=FACE_BOUND('',#6602,.T.);
#7427=FACE_BOUND('',#6603,.T.);
#7428=FACE_BOUND('',#6604,.T.);
#7429=FACE_BOUND('',#6605,.T.);
#7430=FACE_BOUND('',#6606,.T.);
#7431=FACE_BOUND('',#6607,.T.);
#7432=FACE_BOUND('',#6608,.T.);
#7433=FACE_BOUND('',#6609,.T.);
#7434=FACE_BOUND('',#6610,.T.);
#7435=FACE_BOUND('',#6611,.T.);
#7436=FACE_BOUND('',#6612,.T.);
#7437=FACE_BOUND('',#6613,.T.);
#7438=FACE_BOUND('',#6614,.T.);
#7439=FACE_BOUND('',#6615,.T.);
#7440=FACE_BOUND('',#6616,.T.);
#7441=FACE_BOUND('',#6617,.T.);
#7442=FACE_BOUND('',#6618,.T.);
#7443=FACE_BOUND('',#6619,.T.);
#7444=FACE_BOUND('',#6620,.T.);
#7445=FACE_BOUND('',#6621,.T.);
#7446=FACE_BOUND('',#6622,.T.);
#7447=FACE_BOUND('',#6623,.T.);
#7448=FACE_BOUND('',#6624,.T.);
#7449=FACE_BOUND('',#6625,.T.);
#7450=FACE_BOUND('',#6626,.T.);
#7451=FACE_BOUND('',#6627,.T.);
#7452=FACE_BOUND('',#6628,.T.);
#7453=FACE_BOUND('',#6629,.T.);
#7454=FACE_BOUND('',#6630,.T.);
#7455=FACE_BOUND('',#6631,.T.);
#7456=FACE_BOUND('',#6632,.T.);
#7457=FACE_BOUND('',#6633,.T.);
#7458=FACE_BOUND('',#6634,.T.);
#7459=FACE_BOUND('',#6635,.T.);
#7460=FACE_BOUND('',#6636,.T.);
#7461=FACE_BOUND('',#6637,.T.);
#7462=FACE_BOUND('',#6638,.T.);
#7463=FACE_BOUND('',#6639,.T.);
#7464=FACE_BOUND('',#6640,.T.);
#7465=FACE_BOUND('',#6641,.T.);
#7466=FACE_BOUND('',#6642,.T.);
#7467=FACE_BOUND('',#6643,.T.);
#7468=FACE_BOUND('',#6644,.T.);
#7469=FACE_BOUND('',#6645,.T.);
#7470=FACE_BOUND('',#6646,.T.);
#7471=FACE_BOUND('',#6647,.T.);
#7472=FACE_BOUND('',#6648,.T.);
#7473=FACE_BOUND('',#6649,.T.);
#7474=FACE_BOUND('',#6650,.T.);
#7475=FACE_BOUND('',#6651,.T.);
#7476=FACE_BOUND('',#6652,.T.);
#7477=FACE_BOUND('',#6653,.T.);
#7478=FACE_BOUND('',#6654,.T.);
#7479=FACE_BOUND('',#6655,.T.);
#7480=FACE_BOUND('',#6656,.T.);
#7481=FACE_BOUND('',#6657,.T.);
#7482=FACE_BOUND('',#6658,.T.);
#7483=FACE_BOUND('',#6659,.T.);
#7484=FACE_BOUND('',#6660,.T.);
#7485=FACE_BOUND('',#6661,.T.);
#7486=FACE_BOUND('',#6662,.T.);
#7487=FACE_BOUND('',#6663,.T.);
#7488=FACE_BOUND('',#6664,.T.);
#7489=FACE_BOUND('',#6665,.T.);
#7490=FACE_BOUND('',#6666,.T.);
#7491=FACE_BOUND('',#6667,.T.);
#7492=FACE_BOUND('',#6668,.T.);
#7493=FACE_BOUND('',#6669,.T.);
#7494=FACE_BOUND('',#6670,.T.);
#7495=FACE_BOUND('',#6671,.T.);
#7496=FACE_BOUND('',#6672,.T.);
#7497=FACE_BOUND('',#6673,.T.);
#7498=FACE_BOUND('',#6674,.T.);
#7499=FACE_BOUND('',#6675,.T.);
#7500=FACE_BOUND('',#6676,.T.);
#7501=FACE_BOUND('',#6677,.T.);
#7502=FACE_BOUND('',#6678,.T.);
#7503=FACE_BOUND('',#6679,.T.);
#7504=FACE_BOUND('',#6680,.T.);
#7505=FACE_BOUND('',#6681,.T.);
#7506=FACE_BOUND('',#6682,.T.);
#7507=FACE_BOUND('',#6683,.T.);
#7508=FACE_BOUND('',#6684,.T.);
#7509=FACE_BOUND('',#6685,.T.);
#7510=FACE_BOUND('',#6686,.T.);
#7511=FACE_BOUND('',#6687,.T.);
#7512=FACE_BOUND('',#6688,.T.);
#7513=FACE_BOUND('',#6689,.T.);
#7514=FACE_BOUND('',#6690,.T.);
#7515=FACE_BOUND('',#6691,.T.);
#7516=FACE_BOUND('',#6692,.T.);
#7517=FACE_BOUND('',#6693,.T.);
#7518=FACE_BOUND('',#6694,.T.);
#7519=FACE_BOUND('',#6695,.T.);
#7520=FACE_BOUND('',#6696,.T.);
#7521=FACE_BOUND('',#6697,.T.);
#7522=FACE_BOUND('',#6698,.T.);
#7523=FACE_BOUND('',#6699,.T.);
#7524=FACE_BOUND('',#6700,.T.);
#7525=FACE_BOUND('',#6701,.T.);
#7526=FACE_BOUND('',#6702,.T.);
#7527=FACE_BOUND('',#6703,.T.);
#7528=FACE_BOUND('',#6704,.T.);
#7529=FACE_BOUND('',#6705,.T.);
#7530=FACE_BOUND('',#6706,.T.);
#7531=FACE_BOUND('',#6707,.T.);
#7532=FACE_BOUND('',#6708,.T.);
#7533=FACE_BOUND('',#6709,.T.);
#7534=FACE_BOUND('',#6710,.T.);
#7535=FACE_BOUND('',#6711,.T.);
#7536=FACE_BOUND('',#6712,.T.);
#7537=FACE_BOUND('',#6713,.T.);
#7538=FACE_BOUND('',#6714,.T.);
#7539=FACE_BOUND('',#6715,.T.);
#7540=FACE_BOUND('',#6716,.T.);
#7541=FACE_BOUND('',#6717,.T.);
#7542=FACE_BOUND('',#6718,.T.);
#7543=FACE_BOUND('',#6719,.T.);
#7544=FACE_BOUND('',#6720,.T.);
#7545=FACE_BOUND('',#6721,.T.);
#7546=FACE_BOUND('',#6722,.T.);
#7547=FACE_BOUND('',#6723,.T.);
#7548=FACE_BOUND('',#6724,.T.);
#7549=FACE_BOUND('',#6725,.T.);
#7550=FACE_BOUND('',#6726,.T.);
#7551=FACE_BOUND('',#6727,.T.);
#7552=FACE_BOUND('',#6728,.T.);
#7553=FACE_BOUND('',#6729,.T.);
#7554=FACE_BOUND('',#6730,.T.);
#7555=FACE_BOUND('',#6731,.T.);
#7556=FACE_BOUND('',#6732,.T.);
#7557=FACE_BOUND('',#6733,.T.);
#7558=FACE_BOUND('',#6734,.T.);
#7559=FACE_BOUND('',#6735,.T.);
#7560=FACE_BOUND('',#6736,.T.);
#7561=FACE_BOUND('',#6737,.T.);
#7562=FACE_BOUND('',#6738,.T.);
#7563=FACE_BOUND('',#6739,.T.);
#7564=FACE_BOUND('',#6740,.T.);
#7565=FACE_BOUND('',#6741,.T.);
#7566=FACE_BOUND('',#6742,.T.);
#7567=FACE_BOUND('',#6743,.T.);
#7568=FACE_BOUND('',#6744,.T.);
#7569=FACE_BOUND('',#6745,.T.);
#7570=FACE_BOUND('',#6746,.T.);
#7571=FACE_BOUND('',#6747,.T.);
#7572=FACE_BOUND('',#6748,.T.);
#7573=FACE_BOUND('',#6749,.T.);
#7574=FACE_BOUND('',#6750,.T.);
#7575=FACE_BOUND('',#6751,.T.);
#7576=FACE_BOUND('',#6752,.T.);
#7577=FACE_BOUND('',#6753,.T.);
#7578=FACE_BOUND('',#6754,.T.);
#7579=FACE_BOUND('',#6755,.T.);
#7580=FACE_BOUND('',#6756,.T.);
#7581=FACE_BOUND('',#6757,.T.);
#7582=FACE_BOUND('',#6758,.T.);
#7583=FACE_BOUND('',#6759,.T.);
#7584=FACE_BOUND('',#6760,.T.);
#7585=FACE_BOUND('',#6761,.T.);
#7586=FACE_BOUND('',#6762,.T.);
#7587=FACE_BOUND('',#6763,.T.);
#7588=FACE_BOUND('',#6764,.T.);
#7589=FACE_BOUND('',#6765,.T.);
#7590=FACE_BOUND('',#6766,.T.);
#7591=FACE_BOUND('',#6767,.T.);
#7592=FACE_BOUND('',#6768,.T.);
#7593=FACE_BOUND('',#6769,.T.);
#7594=FACE_BOUND('',#6770,.T.);
#7595=FACE_BOUND('',#6771,.T.);
#7596=FACE_BOUND('',#6772,.T.);
#7597=FACE_BOUND('',#6773,.T.);
#7598=FACE_BOUND('',#6774,.T.);
#7599=FACE_BOUND('',#6775,.T.);
#7600=FACE_BOUND('',#6776,.T.);
#7601=FACE_BOUND('',#6777,.T.);
#7602=FACE_BOUND('',#6778,.T.);
#7603=FACE_BOUND('',#6779,.T.);
#7604=FACE_BOUND('',#6780,.T.);
#7605=FACE_BOUND('',#6781,.T.);
#7606=FACE_BOUND('',#6782,.T.);
#7607=FACE_BOUND('',#6783,.T.);
#7608=FACE_BOUND('',#6784,.T.);
#7609=FACE_BOUND('',#6785,.T.);
#7610=FACE_BOUND('',#6786,.T.);
#7611=FACE_BOUND('',#6787,.T.);
#7612=FACE_BOUND('',#6788,.T.);
#7613=FACE_BOUND('',#6789,.T.);
#7614=FACE_BOUND('',#6790,.T.);
#7615=FACE_BOUND('',#6791,.T.);
#7616=FACE_BOUND('',#6792,.T.);
#7617=FACE_BOUND('',#6793,.T.);
#7618=FACE_BOUND('',#6794,.T.);
#7619=FACE_BOUND('',#6795,.T.);
#7620=FACE_BOUND('',#6796,.T.);
#7621=FACE_BOUND('',#6797,.T.);
#7622=FACE_BOUND('',#6798,.T.);
#7623=FACE_BOUND('',#6799,.T.);
#7624=FACE_BOUND('',#6800,.T.);
#7625=FACE_BOUND('',#6801,.T.);
#7626=FACE_BOUND('',#6802,.T.);
#7627=FACE_BOUND('',#6803,.T.);
#7628=FACE_BOUND('',#6804,.T.);
#7629=FACE_BOUND('',#6805,.T.);
#7630=FACE_BOUND('',#6806,.T.);
#7631=FACE_BOUND('',#6807,.T.);
#7632=FACE_BOUND('',#6808,.T.);
#7633=FACE_BOUND('',#6809,.T.);
#7634=FACE_BOUND('',#6810,.T.);
#7635=FACE_BOUND('',#6811,.T.);
#7636=FACE_BOUND('',#6812,.T.);
#7637=FACE_BOUND('',#6813,.T.);
#7638=FACE_BOUND('',#6814,.T.);
#7639=FACE_BOUND('',#6815,.T.);
#7640=FACE_BOUND('',#6816,.T.);
#7641=FACE_BOUND('',#6817,.T.);
#7642=FACE_BOUND('',#6818,.T.);
#7643=FACE_BOUND('',#6819,.T.);
#7644=FACE_BOUND('',#6820,.T.);
#7645=FACE_BOUND('',#6821,.T.);
#7646=FACE_BOUND('',#6822,.T.);
#7647=FACE_BOUND('',#6823,.T.);
#7648=FACE_BOUND('',#6824,.T.);
#7649=FACE_BOUND('',#6825,.T.);
#7650=FACE_BOUND('',#6826,.T.);
#7651=FACE_BOUND('',#6827,.T.);
#7652=FACE_BOUND('',#6828,.T.);
#7653=FACE_BOUND('',#6829,.T.);
#7654=FACE_BOUND('',#6830,.T.);
#7655=FACE_BOUND('',#6831,.T.);
#7656=FACE_BOUND('',#6832,.T.);
#7657=FACE_BOUND('',#6833,.T.);
#7658=FACE_BOUND('',#6834,.T.);
#7659=FACE_BOUND('',#6835,.T.);
#7660=FACE_BOUND('',#6836,.T.);
#7661=FACE_BOUND('',#6837,.T.);
#7662=FACE_BOUND('',#6838,.T.);
#7663=FACE_BOUND('',#6839,.T.);
#7664=FACE_BOUND('',#6840,.T.);
#7665=FACE_BOUND('',#6841,.T.);
#7666=FACE_BOUND('',#6842,.T.);
#7667=FACE_BOUND('',#6843,.T.);
#7668=FACE_BOUND('',#6844,.T.);
#7669=FACE_BOUND('',#6845,.T.);
#7670=FACE_BOUND('',#6846,.T.);
#7671=FACE_BOUND('',#6847,.T.);
#7672=FACE_BOUND('',#6848,.T.);
#7673=FACE_BOUND('',#6849,.T.);
#7674=FACE_BOUND('',#6850,.T.);
#7675=FACE_BOUND('',#6851,.T.);
#7676=FACE_BOUND('',#6852,.T.);
#7677=FACE_BOUND('',#6853,.T.);
#7678=FACE_BOUND('',#6854,.T.);
#7679=FACE_BOUND('',#6855,.T.);
#7680=FACE_BOUND('',#6856,.T.);
#7681=FACE_BOUND('',#6857,.T.);
#7682=FACE_BOUND('',#6858,.T.);
#7683=FACE_BOUND('',#6859,.T.);
#7684=FACE_BOUND('',#6860,.T.);
#7685=FACE_BOUND('',#6861,.T.);
#7686=FACE_BOUND('',#6862,.T.);
#7687=FACE_BOUND('',#6863,.T.);
#7688=FACE_BOUND('',#6864,.T.);
#7689=FACE_BOUND('',#6865,.T.);
#7690=FACE_BOUND('',#6866,.T.);
#7691=FACE_BOUND('',#6867,.T.);
#7692=FACE_BOUND('',#6868,.T.);
#7693=FACE_BOUND('',#6869,.T.);
#7694=FACE_BOUND('',#6870,.T.);
#7695=FACE_BOUND('',#6871,.T.);
#7696=FACE_BOUND('',#6872,.T.);
#7697=FACE_BOUND('',#6873,.T.);
#7698=FACE_BOUND('',#6874,.T.);
#7699=FACE_BOUND('',#6875,.T.);
#7700=FACE_BOUND('',#6876,.T.);
#7701=FACE_BOUND('',#6877,.T.);
#7702=FACE_BOUND('',#6878,.T.);
#7703=FACE_BOUND('',#6879,.T.);
#7704=CYLINDRICAL_SURFACE('',#8648,0.0025);
#7705=CYLINDRICAL_SURFACE('',#8651,0.006);
#7706=CYLINDRICAL_SURFACE('',#8657,0.0025);
#7707=CYLINDRICAL_SURFACE('',#8660,0.006);
#7708=CYLINDRICAL_SURFACE('',#8664,0.0011);
#7709=CYLINDRICAL_SURFACE('',#8672,0.0075);
#7710=CYLINDRICAL_SURFACE('',#8676,0.0075);
#7711=CYLINDRICAL_SURFACE('',#8681,0.0025);
#7712=CYLINDRICAL_SURFACE('',#8683,0.0025);
#7713=CYLINDRICAL_SURFACE('',#8685,0.0025);
#7714=CYLINDRICAL_SURFACE('',#8687,0.0025);
#7715=CYLINDRICAL_SURFACE('',#8689,0.003);
#7716=CYLINDRICAL_SURFACE('',#8693,0.003);
#7717=CYLINDRICAL_SURFACE('',#8724,0.003);
#7718=CYLINDRICAL_SURFACE('',#8727,0.003);
#7719=CYLINDRICAL_SURFACE('',#8729,0.003);
#7720=CYLINDRICAL_SURFACE('',#8732,0.003);
#7721=CYLINDRICAL_SURFACE('',#8734,0.003);
#7722=CYLINDRICAL_SURFACE('',#8737,0.003);
#7723=CYLINDRICAL_SURFACE('',#8740,0.00260000000000005);
#7724=CYLINDRICAL_SURFACE('',#8742,0.28);
#7725=CYLINDRICAL_SURFACE('',#8744,0.00259999999999991);
#7726=CYLINDRICAL_SURFACE('',#8746,0.28);
#7727=CYLINDRICAL_SURFACE('',#8748,0.0011);
#7728=CYLINDRICAL_SURFACE('',#8750,0.0011);
#7729=CYLINDRICAL_SURFACE('',#8752,0.0011);
#7730=CYLINDRICAL_SURFACE('',#8755,0.29499999999994);
#7731=CYLINDRICAL_SURFACE('',#8780,0.299);
#7732=CYLINDRICAL_SURFACE('',#8786,0.004);
#7733=CYLINDRICAL_SURFACE('',#8793,0.268);
#7734=CYLINDRICAL_SURFACE('',#8795,0.004);
#7735=CYLINDRICAL_SURFACE('',#8796,0.004);
#7736=CYLINDRICAL_SURFACE('',#8803,0.268);
#7737=CYLINDRICAL_SURFACE('',#8805,0.004);
#7738=CYLINDRICAL_SURFACE('',#8806,0.004);
#7739=CYLINDRICAL_SURFACE('',#8810,0.268);
#7740=CYLINDRICAL_SURFACE('',#8812,0.004);
#7741=CYLINDRICAL_SURFACE('',#8814,0.004);
#7742=CYLINDRICAL_SURFACE('',#8821,0.268);
#7743=CYLINDRICAL_SURFACE('',#8823,0.004);
#7744=CYLINDRICAL_SURFACE('',#8826,0.0011);
#7745=CYLINDRICAL_SURFACE('',#8828,0.0025);
#7746=CYLINDRICAL_SURFACE('',#8835,0.28);
#7747=CYLINDRICAL_SURFACE('',#8838,0.0011);
#7748=CYLINDRICAL_SURFACE('',#8840,0.0025);
#7749=CYLINDRICAL_SURFACE('',#8847,0.28);
#7750=CYLINDRICAL_SURFACE('',#8850,0.0011);
#7751=CYLINDRICAL_SURFACE('',#8855,0.0025);
#7752=CYLINDRICAL_SURFACE('',#8861,0.28);
#7753=CYLINDRICAL_SURFACE('',#8864,0.0011);
#7754=CYLINDRICAL_SURFACE('',#8866,0.0025);
#7755=CYLINDRICAL_SURFACE('',#8873,0.28);
#7756=CYLINDRICAL_SURFACE('',#8874,0.28);
#7757=CYLINDRICAL_SURFACE('',#8879,0.3);
#7758=CYLINDRICAL_SURFACE('',#8884,0.3);
#7759=CYLINDRICAL_SURFACE('',#8885,0.12);
#7760=CYLINDRICAL_SURFACE('',#8886,0.12);
#7761=CYLINDRICAL_SURFACE('',#8889,0.12);
#7762=CYLINDRICAL_SURFACE('',#8890,0.35);
#7763=CYLINDRICAL_SURFACE('',#8892,0.0025);
#7764=CYLINDRICAL_SURFACE('',#8895,0.006);
#7765=CYLINDRICAL_SURFACE('',#8901,0.0025);
#7766=CYLINDRICAL_SURFACE('',#8904,0.006);
#7767=CYLINDRICAL_SURFACE('',#8908,0.0011);
#7768=CYLINDRICAL_SURFACE('',#8916,0.0075);
#7769=CYLINDRICAL_SURFACE('',#8920,0.0075);
#7770=CYLINDRICAL_SURFACE('',#8925,0.0025);
#7771=CYLINDRICAL_SURFACE('',#8927,0.0025);
#7772=CYLINDRICAL_SURFACE('',#8929,0.0025);
#7773=CYLINDRICAL_SURFACE('',#8931,0.0025);
#7774=CYLINDRICAL_SURFACE('',#8933,0.003);
#7775=CYLINDRICAL_SURFACE('',#8937,0.003);
#7776=CYLINDRICAL_SURFACE('',#8963,0.003);
#7777=CYLINDRICAL_SURFACE('',#8966,0.003);
#7778=CYLINDRICAL_SURFACE('',#8968,0.003);
#7779=CYLINDRICAL_SURFACE('',#8971,0.003);
#7780=CYLINDRICAL_SURFACE('',#8973,0.003);
#7781=CYLINDRICAL_SURFACE('',#8976,0.003);
#7782=CYLINDRICAL_SURFACE('',#8979,0.00259999999999991);
#7783=CYLINDRICAL_SURFACE('',#8982,0.28);
#7784=CYLINDRICAL_SURFACE('',#8984,0.28);
#7785=CYLINDRICAL_SURFACE('',#8986,0.00260000000000005);
#7786=CYLINDRICAL_SURFACE('',#8988,0.28);
#7787=CYLINDRICAL_SURFACE('',#8990,0.28);
#7788=CYLINDRICAL_SURFACE('',#8992,0.0011);
#7789=CYLINDRICAL_SURFACE('',#8995,0.0011);
#7790=CYLINDRICAL_SURFACE('',#8998,0.0011);
#7791=CYLINDRICAL_SURFACE('',#9002,0.294999999999904);
#7792=CYLINDRICAL_SURFACE('',#9020,0.3);
#7793=CYLINDRICAL_SURFACE('',#9025,0.3);
#7794=CYLINDRICAL_SURFACE('',#9031,0.299);
#7795=CYLINDRICAL_SURFACE('',#9037,0.004);
#7796=CYLINDRICAL_SURFACE('',#9041,0.268);
#7797=CYLINDRICAL_SURFACE('',#9043,0.004);
#7798=CYLINDRICAL_SURFACE('',#9045,0.004);
#7799=CYLINDRICAL_SURFACE('',#9049,0.268);
#7800=CYLINDRICAL_SURFACE('',#9051,0.004);
#7801=CYLINDRICAL_SURFACE('',#9053,0.004);
#7802=CYLINDRICAL_SURFACE('',#9057,0.268);
#7803=CYLINDRICAL_SURFACE('',#9059,0.004);
#7804=CYLINDRICAL_SURFACE('',#9061,0.004);
#7805=CYLINDRICAL_SURFACE('',#9065,0.268);
#7806=CYLINDRICAL_SURFACE('',#9067,0.004);
#7807=CYLINDRICAL_SURFACE('',#9071,0.0011);
#7808=CYLINDRICAL_SURFACE('',#9076,0.0025);
#7809=CYLINDRICAL_SURFACE('',#9082,0.28);
#7810=CYLINDRICAL_SURFACE('',#9085,0.0011);
#7811=CYLINDRICAL_SURFACE('',#9090,0.0025);
#7812=CYLINDRICAL_SURFACE('',#9098,0.0011);
#7813=CYLINDRICAL_SURFACE('',#9103,0.0025);
#7814=CYLINDRICAL_SURFACE('',#9109,0.28);
#7815=CYLINDRICAL_SURFACE('',#9112,0.0011);
#7816=CYLINDRICAL_SURFACE('',#9117,0.0025);
#7817=CYLINDRICAL_SURFACE('',#9130,0.35);
#7818=CYLINDRICAL_SURFACE('',#9131,0.28);
#7819=CYLINDRICAL_SURFACE('',#9133,0.3);
#7820=CYLINDRICAL_SURFACE('',#9139,0.12);
#7821=CYLINDRICAL_SURFACE('',#9141,0.12);
#7822=CYLINDRICAL_SURFACE('',#9143,0.12);
#7823=CYLINDRICAL_SURFACE('',#9144,0.12);
#7824=CYLINDRICAL_SURFACE('',#9148,0.0025);
#7825=CYLINDRICAL_SURFACE('',#9151,0.006);
#7826=CYLINDRICAL_SURFACE('',#9157,0.0025);
#7827=CYLINDRICAL_SURFACE('',#9160,0.006);
#7828=CYLINDRICAL_SURFACE('',#9164,0.0011);
#7829=CYLINDRICAL_SURFACE('',#9172,0.0075);
#7830=CYLINDRICAL_SURFACE('',#9176,0.0075);
#7831=CYLINDRICAL_SURFACE('',#9181,0.0025);
#7832=CYLINDRICAL_SURFACE('',#9184,0.006);
#7833=CYLINDRICAL_SURFACE('',#9190,0.0025);
#7834=CYLINDRICAL_SURFACE('',#9193,0.006);
#7835=CYLINDRICAL_SURFACE('',#9197,0.0011);
#7836=CYLINDRICAL_SURFACE('',#9205,0.0075);
#7837=CYLINDRICAL_SURFACE('',#9209,0.0075);
#7838=CYLINDRICAL_SURFACE('',#9214,0.0025);
#7839=CYLINDRICAL_SURFACE('',#9217,0.006);
#7840=CYLINDRICAL_SURFACE('',#9223,0.0025);
#7841=CYLINDRICAL_SURFACE('',#9226,0.006);
#7842=CYLINDRICAL_SURFACE('',#9230,0.0011);
#7843=CYLINDRICAL_SURFACE('',#9238,0.0075);
#7844=CYLINDRICAL_SURFACE('',#9242,0.0075);
#7845=CYLINDRICAL_SURFACE('',#9247,0.0025);
#7846=CYLINDRICAL_SURFACE('',#9249,0.0025);
#7847=CYLINDRICAL_SURFACE('',#9251,0.0025);
#7848=CYLINDRICAL_SURFACE('',#9253,0.0025);
#7849=CYLINDRICAL_SURFACE('',#9255,0.003);
#7850=CYLINDRICAL_SURFACE('',#9259,0.003);
#7851=CYLINDRICAL_SURFACE('',#9289,0.003);
#7852=CYLINDRICAL_SURFACE('',#9314,0.003);
#7853=CYLINDRICAL_SURFACE('',#9315,0.003);
#7854=CYLINDRICAL_SURFACE('',#9317,0.003);
#7855=CYLINDRICAL_SURFACE('',#9319,0.003);
#7856=CYLINDRICAL_SURFACE('',#9321,0.003);
#7857=CYLINDRICAL_SURFACE('',#9322,0.00260000000000005);
#7858=CYLINDRICAL_SURFACE('',#9323,0.28);
#7859=CYLINDRICAL_SURFACE('',#9324,0.28);
#7860=CYLINDRICAL_SURFACE('',#9325,0.00260000000000005);
#7861=CYLINDRICAL_SURFACE('',#9326,0.28);
#7862=CYLINDRICAL_SURFACE('',#9327,0.28);
#7863=CYLINDRICAL_SURFACE('',#9328,0.000900000000000034);
#7864=CYLINDRICAL_SURFACE('',#9330,0.000900000000000034);
#7865=CYLINDRICAL_SURFACE('',#9332,0.000900000000000034);
#7866=CYLINDRICAL_SURFACE('',#9335,0.2952);
#7867=CYLINDRICAL_SURFACE('',#9337,0.28);
#7868=CYLINDRICAL_SURFACE('',#9349,0.12);
#7869=CYLINDRICAL_SURFACE('',#9359,0.12);
#7870=CYLINDRICAL_SURFACE('',#9360,0.12);
#7871=CYLINDRICAL_SURFACE('',#9362,0.12);
#7872=CYLINDRICAL_SURFACE('',#9363,0.299);
#7873=CYLINDRICAL_SURFACE('',#9364,0.3);
#7874=CYLINDRICAL_SURFACE('',#9368,0.3);
#7875=CYLINDRICAL_SURFACE('',#9373,0.35);
#7876=CYLINDRICAL_SURFACE('',#9382,0.0025);
#7877=CYLINDRICAL_SURFACE('',#9388,0.0011);
#7878=CYLINDRICAL_SURFACE('',#9391,0.28);
#7879=CYLINDRICAL_SURFACE('',#9399,0.0025);
#7880=CYLINDRICAL_SURFACE('',#9405,0.0011);
#7881=CYLINDRICAL_SURFACE('',#9415,0.0025);
#7882=CYLINDRICAL_SURFACE('',#9421,0.0011);
#7883=CYLINDRICAL_SURFACE('',#9424,0.28);
#7884=CYLINDRICAL_SURFACE('',#9432,0.0025);
#7885=CYLINDRICAL_SURFACE('',#9438,0.0011);
#7886=CYLINDRICAL_SURFACE('',#9441,0.004);
#7887=CYLINDRICAL_SURFACE('',#9442,0.268);
#7888=CYLINDRICAL_SURFACE('',#9445,0.004);
#7889=CYLINDRICAL_SURFACE('',#9446,0.004);
#7890=CYLINDRICAL_SURFACE('',#9447,0.268);
#7891=CYLINDRICAL_SURFACE('',#9450,0.004);
#7892=CYLINDRICAL_SURFACE('',#9451,0.004);
#7893=CYLINDRICAL_SURFACE('',#9452,0.268);
#7894=CYLINDRICAL_SURFACE('',#9455,0.004);
#7895=CYLINDRICAL_SURFACE('',#9456,0.004);
#7896=CYLINDRICAL_SURFACE('',#9457,0.268);
#7897=CYLINDRICAL_SURFACE('',#9460,0.004);
#7898=CYLINDRICAL_SURFACE('',#9461,0.3);
#7899=CYLINDRICAL_SURFACE('',#9470,0.28);
#7900=CYLINDRICAL_SURFACE('',#9472,0.0025);
#7901=CYLINDRICAL_SURFACE('',#9474,0.0025);
#7902=CYLINDRICAL_SURFACE('',#9476,0.0025);
#7903=CYLINDRICAL_SURFACE('',#9478,0.0025);
#7904=CYLINDRICAL_SURFACE('',#9480,0.003);
#7905=CYLINDRICAL_SURFACE('',#9508,0.003);
#7906=CYLINDRICAL_SURFACE('',#9510,0.003);
#7907=CYLINDRICAL_SURFACE('',#9513,0.003);
#7908=CYLINDRICAL_SURFACE('',#9515,0.003);
#7909=CYLINDRICAL_SURFACE('',#9518,0.003);
#7910=CYLINDRICAL_SURFACE('',#9521,0.003);
#7911=CYLINDRICAL_SURFACE('',#9523,0.003);
#7912=CYLINDRICAL_SURFACE('',#9525,0.00260000000000005);
#7913=CYLINDRICAL_SURFACE('',#9528,0.28);
#7914=CYLINDRICAL_SURFACE('',#9530,0.00260000000000005);
#7915=CYLINDRICAL_SURFACE('',#9533,0.28);
#7916=CYLINDRICAL_SURFACE('',#9535,0.000900000000000034);
#7917=CYLINDRICAL_SURFACE('',#9538,0.000900000000000034);
#7918=CYLINDRICAL_SURFACE('',#9541,0.000900000000000034);
#7919=CYLINDRICAL_SURFACE('',#9544,0.2952);
#7920=CYLINDRICAL_SURFACE('',#9547,0.28);
#7921=CYLINDRICAL_SURFACE('',#9554,0.28);
#7922=CYLINDRICAL_SURFACE('',#9556,0.12);
#7923=CYLINDRICAL_SURFACE('',#9563,0.28);
#7924=CYLINDRICAL_SURFACE('',#9565,0.299);
#7925=CYLINDRICAL_SURFACE('',#9567,0.12);
#7926=CYLINDRICAL_SURFACE('',#9572,0.12);
#7927=CYLINDRICAL_SURFACE('',#9581,0.35);
#7928=CYLINDRICAL_SURFACE('',#9584,0.28);
#7929=CYLINDRICAL_SURFACE('',#9594,0.0025);
#7930=CYLINDRICAL_SURFACE('',#9600,0.0011);
#7931=CYLINDRICAL_SURFACE('',#9603,0.28);
#7932=CYLINDRICAL_SURFACE('',#9615,0.0025);
#7933=CYLINDRICAL_SURFACE('',#9617,0.0011);
#7934=CYLINDRICAL_SURFACE('',#9630,0.0025);
#7935=CYLINDRICAL_SURFACE('',#9632,0.0011);
#7936=CYLINDRICAL_SURFACE('',#9635,0.28);
#7937=CYLINDRICAL_SURFACE('',#9645,0.0025);
#7938=CYLINDRICAL_SURFACE('',#9651,0.0011);
#7939=CYLINDRICAL_SURFACE('',#9655,0.004);
#7940=CYLINDRICAL_SURFACE('',#9656,0.268);
#7941=CYLINDRICAL_SURFACE('',#9659,0.004);
#7942=CYLINDRICAL_SURFACE('',#9660,0.004);
#7943=CYLINDRICAL_SURFACE('',#9662,0.268);
#7944=CYLINDRICAL_SURFACE('',#9666,0.004);
#7945=CYLINDRICAL_SURFACE('',#9667,0.004);
#7946=CYLINDRICAL_SURFACE('',#9669,0.268);
#7947=CYLINDRICAL_SURFACE('',#9673,0.004);
#7948=CYLINDRICAL_SURFACE('',#9674,0.004);
#7949=CYLINDRICAL_SURFACE('',#9675,0.268);
#7950=CYLINDRICAL_SURFACE('',#9678,0.004);
#7951=CYLINDRICAL_SURFACE('',#9679,0.3);
#7952=CYLINDRICAL_SURFACE('',#9683,0.3);
#7953=CYLINDRICAL_SURFACE('',#9685,0.0025);
#7954=CYLINDRICAL_SURFACE('',#9688,0.006);
#7955=CYLINDRICAL_SURFACE('',#9694,0.0025);
#7956=CYLINDRICAL_SURFACE('',#9697,0.006);
#7957=CYLINDRICAL_SURFACE('',#9701,0.0011);
#7958=CYLINDRICAL_SURFACE('',#9709,0.0075);
#7959=CYLINDRICAL_SURFACE('',#9713,0.0075);
#7960=CYLINDRICAL_SURFACE('',#9718,0.0025);
#7961=CYLINDRICAL_SURFACE('',#9721,0.006);
#7962=CYLINDRICAL_SURFACE('',#9727,0.0025);
#7963=CYLINDRICAL_SURFACE('',#9730,0.006);
#7964=CYLINDRICAL_SURFACE('',#9734,0.0011);
#7965=CYLINDRICAL_SURFACE('',#9742,0.0075);
#7966=CYLINDRICAL_SURFACE('',#9746,0.0075);
#7967=CYLINDRICAL_SURFACE('',#9751,0.0025);
#7968=CYLINDRICAL_SURFACE('',#9754,0.006);
#7969=CYLINDRICAL_SURFACE('',#9760,0.0025);
#7970=CYLINDRICAL_SURFACE('',#9763,0.006);
#7971=CYLINDRICAL_SURFACE('',#9767,0.0011);
#7972=CYLINDRICAL_SURFACE('',#9775,0.0075);
#7973=CYLINDRICAL_SURFACE('',#9779,0.0075);
#7974=ADVANCED_FACE('',(#6880,#6881),#7704,.T.);
#7975=ADVANCED_FACE('',(#6882,#6883),#7705,.F.);
#7976=ADVANCED_FACE('',(#6884,#6885),#1072,.F.);
#7977=ADVANCED_FACE('',(#6886,#6887),#1073,.F.);
#7978=ADVANCED_FACE('',(#6888,#6889),#7706,.T.);
#7979=ADVANCED_FACE('',(#6890,#6891),#7707,.F.);
#7980=ADVANCED_FACE('',(#6892,#6893),#1074,.F.);
#7981=ADVANCED_FACE('',(#6894,#6895),#7708,.F.);
#7982=ADVANCED_FACE('',(#6896,#6897),#1075,.F.);
#7983=ADVANCED_FACE('',(#6898,#6899),#1014,.T.);
#7984=ADVANCED_FACE('',(#6900,#6901),#7709,.T.);
#7985=ADVANCED_FACE('',(#6902,#6903),#1015,.T.);
#7986=ADVANCED_FACE('',(#6904,#6905),#7710,.T.);
#7987=ADVANCED_FACE('',(#6906,#6907),#1076,.F.);
#7988=ADVANCED_FACE('',(#6908,#6909),#1077,.F.);
#7989=ADVANCED_FACE('',(#6910,#6911),#1002,.F.);
#7990=ADVANCED_FACE('',(#6912),#7711,.F.);
#7991=ADVANCED_FACE('',(#6913),#7712,.F.);
#7992=ADVANCED_FACE('',(#6914),#7713,.F.);
#7993=ADVANCED_FACE('',(#6915),#7714,.F.);
#7994=ADVANCED_FACE('',(#6916),#7715,.F.);
#7995=ADVANCED_FACE('',(#6917),#1078,.F.);
#7996=ADVANCED_FACE('',(#6918),#7716,.T.);
#7997=ADVANCED_FACE('',(#6919,#6920,#6921,#6922,#6923,#6924),#1079,.F.);
#7998=ADVANCED_FACE('',(#6925),#1080,.F.);
#7999=ADVANCED_FACE('',(#6926),#7717,.F.);
#8000=ADVANCED_FACE('',(#6927),#1081,.F.);
#8001=ADVANCED_FACE('',(#6928),#7718,.T.);
#8002=ADVANCED_FACE('',(#6929),#7719,.T.);
#8003=ADVANCED_FACE('',(#6930),#1082,.F.);
#8004=ADVANCED_FACE('',(#6931),#7720,.F.);
#8005=ADVANCED_FACE('',(#6932),#7721,.T.);
#8006=ADVANCED_FACE('',(#6933),#1083,.F.);
#8007=ADVANCED_FACE('',(#6934),#7722,.F.);
#8008=ADVANCED_FACE('',(#6935),#1084,.F.);
#8009=ADVANCED_FACE('',(#6936,#6937),#7723,.F.);
#8010=ADVANCED_FACE('',(#6938),#7724,.F.);
#8011=ADVANCED_FACE('',(#6939,#6940),#7725,.F.);
#8012=ADVANCED_FACE('',(#6941),#7726,.F.);
#8013=ADVANCED_FACE('',(#6942,#6943),#7727,.F.);
#8014=ADVANCED_FACE('',(#6944,#6945),#7728,.F.);
#8015=ADVANCED_FACE('',(#6946,#6947),#7729,.F.);
#8016=ADVANCED_FACE('',(#6948),#1085,.F.);
#8017=ADVANCED_FACE('',(#6949),#7730,.T.);
#8018=ADVANCED_FACE('',(#6950,#6951,#6952,#6953),#1086,.T.);
#8019=ADVANCED_FACE('',(#6954),#1087,.T.);
#8020=ADVANCED_FACE('',(#6955,#6956,#6957),#1088,.T.);
#8021=ADVANCED_FACE('',(#6958),#1016,.F.);
#8022=ADVANCED_FACE('',(#6959),#1089,.F.);
#8023=ADVANCED_FACE('',(#6960),#7731,.T.);
#8024=ADVANCED_FACE('',(#6961),#1090,.T.);
#8025=ADVANCED_FACE('',(#6962),#7732,.T.);
#8026=ADVANCED_FACE('',(#6963,#6964),#1091,.F.);
#8027=ADVANCED_FACE('',(#6965),#7733,.F.);
#8028=ADVANCED_FACE('',(#6966),#7734,.T.);
#8029=ADVANCED_FACE('',(#6967),#7735,.T.);
#8030=ADVANCED_FACE('',(#6968,#6969),#1092,.F.);
#8031=ADVANCED_FACE('',(#6970),#7736,.F.);
#8032=ADVANCED_FACE('',(#6971),#7737,.T.);
#8033=ADVANCED_FACE('',(#6972),#7738,.T.);
#8034=ADVANCED_FACE('',(#6973,#6974),#1017,.F.);
#8035=ADVANCED_FACE('',(#6975),#7739,.F.);
#8036=ADVANCED_FACE('',(#6976),#7740,.T.);
#8037=ADVANCED_FACE('',(#6977),#7741,.T.);
#8038=ADVANCED_FACE('',(#6978,#6979),#1093,.F.);
#8039=ADVANCED_FACE('',(#6980),#7742,.F.);
#8040=ADVANCED_FACE('',(#6981),#7743,.T.);
#8041=ADVANCED_FACE('',(#6982,#6983),#1094,.F.);
#8042=ADVANCED_FACE('',(#6984,#6985),#7744,.F.);
#8043=ADVANCED_FACE('',(#6986,#6987),#7745,.T.);
#8044=ADVANCED_FACE('',(#6988),#1018,.T.);
#8045=ADVANCED_FACE('',(#6989),#1095,.T.);
#8046=ADVANCED_FACE('',(#6990,#6991),#1019,.F.);
#8047=ADVANCED_FACE('',(#6992,#6993),#1096,.F.);
#8048=ADVANCED_FACE('',(#6994),#1097,.T.);
#8049=ADVANCED_FACE('',(#6995),#7746,.F.);
#8050=ADVANCED_FACE('',(#6996,#6997),#1098,.F.);
#8051=ADVANCED_FACE('',(#6998,#6999),#7747,.F.);
#8052=ADVANCED_FACE('',(#7000,#7001),#7748,.T.);
#8053=ADVANCED_FACE('',(#7002),#1020,.T.);
#8054=ADVANCED_FACE('',(#7003),#1099,.T.);
#8055=ADVANCED_FACE('',(#7004,#7005),#1021,.F.);
#8056=ADVANCED_FACE('',(#7006,#7007),#1100,.F.);
#8057=ADVANCED_FACE('',(#7008),#1101,.T.);
#8058=ADVANCED_FACE('',(#7009),#7749,.F.);
#8059=ADVANCED_FACE('',(#7010,#7011),#1102,.F.);
#8060=ADVANCED_FACE('',(#7012,#7013),#7750,.F.);
#8061=ADVANCED_FACE('',(#7014,#7015),#1103,.F.);
#8062=ADVANCED_FACE('',(#7016,#7017),#7751,.T.);
#8063=ADVANCED_FACE('',(#7018),#1022,.T.);
#8064=ADVANCED_FACE('',(#7019),#1104,.T.);
#8065=ADVANCED_FACE('',(#7020,#7021),#1105,.F.);
#8066=ADVANCED_FACE('',(#7022),#1106,.T.);
#8067=ADVANCED_FACE('',(#7023),#7752,.F.);
#8068=ADVANCED_FACE('',(#7024,#7025),#1107,.F.);
#8069=ADVANCED_FACE('',(#7026,#7027),#7753,.F.);
#8070=ADVANCED_FACE('',(#7028,#7029),#7754,.T.);
#8071=ADVANCED_FACE('',(#7030),#1023,.T.);
#8072=ADVANCED_FACE('',(#7031),#1108,.T.);
#8073=ADVANCED_FACE('',(#7032,#7033),#1024,.F.);
#8074=ADVANCED_FACE('',(#7034,#7035),#1109,.F.);
#8075=ADVANCED_FACE('',(#7036),#1110,.T.);
#8076=ADVANCED_FACE('',(#7037),#7755,.F.);
#8077=ADVANCED_FACE('',(#7038),#7756,.F.);
#8078=ADVANCED_FACE('',(#7039),#1111,.T.);
#8079=ADVANCED_FACE('',(#7040),#1025,.F.);
#8080=ADVANCED_FACE('',(#7041),#1112,.T.);
#8081=ADVANCED_FACE('',(#7042),#7757,.T.);
#8082=ADVANCED_FACE('',(#7043),#1003,.F.);
#8083=ADVANCED_FACE('',(#7044),#7758,.T.);
#8084=ADVANCED_FACE('',(#7045),#7759,.T.);
#8085=ADVANCED_FACE('',(#7046),#7760,.T.);
#8086=ADVANCED_FACE('',(#7047),#12,.T.);
#8087=ADVANCED_FACE('',(#7048),#7761,.T.);
#8088=ADVANCED_FACE('',(#7049),#7762,.T.);
#8089=ADVANCED_FACE('',(#7050,#7051),#7763,.T.);
#8090=ADVANCED_FACE('',(#7052,#7053),#7764,.F.);
#8091=ADVANCED_FACE('',(#7054,#7055),#1113,.F.);
#8092=ADVANCED_FACE('',(#7056,#7057),#1114,.F.);
#8093=ADVANCED_FACE('',(#7058,#7059),#7765,.T.);
#8094=ADVANCED_FACE('',(#7060,#7061),#7766,.F.);
#8095=ADVANCED_FACE('',(#7062,#7063),#1115,.F.);
#8096=ADVANCED_FACE('',(#7064,#7065),#7767,.F.);
#8097=ADVANCED_FACE('',(#7066,#7067),#1116,.F.);
#8098=ADVANCED_FACE('',(#7068,#7069),#1026,.T.);
#8099=ADVANCED_FACE('',(#7070,#7071),#7768,.T.);
#8100=ADVANCED_FACE('',(#7072,#7073),#1027,.T.);
#8101=ADVANCED_FACE('',(#7074,#7075),#7769,.T.);
#8102=ADVANCED_FACE('',(#7076,#7077),#1117,.F.);
#8103=ADVANCED_FACE('',(#7078,#7079),#1118,.F.);
#8104=ADVANCED_FACE('',(#7080,#7081),#1004,.F.);
#8105=ADVANCED_FACE('',(#7082),#7770,.F.);
#8106=ADVANCED_FACE('',(#7083),#7771,.F.);
#8107=ADVANCED_FACE('',(#7084),#7772,.F.);
#8108=ADVANCED_FACE('',(#7085),#7773,.F.);
#8109=ADVANCED_FACE('',(#7086),#7774,.F.);
#8110=ADVANCED_FACE('',(#7087),#1119,.T.);
#8111=ADVANCED_FACE('',(#7088),#7775,.T.);
#8112=ADVANCED_FACE('',(#7089,#7090,#7091),#1120,.T.);
#8113=ADVANCED_FACE('',(#7092),#7776,.T.);
#8114=ADVANCED_FACE('',(#7093),#1121,.T.);
#8115=ADVANCED_FACE('',(#7094),#7777,.F.);
#8116=ADVANCED_FACE('',(#7095),#7778,.T.);
#8117=ADVANCED_FACE('',(#7096),#1122,.T.);
#8118=ADVANCED_FACE('',(#7097),#7779,.F.);
#8119=ADVANCED_FACE('',(#7098),#7780,.T.);
#8120=ADVANCED_FACE('',(#7099),#1123,.T.);
#8121=ADVANCED_FACE('',(#7100),#7781,.F.);
#8122=ADVANCED_FACE('',(#7101),#1124,.T.);
#8123=ADVANCED_FACE('',(#7102,#7103),#7782,.F.);
#8124=ADVANCED_FACE('',(#7104),#1125,.T.);
#8125=ADVANCED_FACE('',(#7105),#7783,.F.);
#8126=ADVANCED_FACE('',(#7106),#7784,.F.);
#8127=ADVANCED_FACE('',(#7107,#7108),#7785,.F.);
#8128=ADVANCED_FACE('',(#7109),#7786,.F.);
#8129=ADVANCED_FACE('',(#7110),#7787,.F.);
#8130=ADVANCED_FACE('',(#7111,#7112),#7788,.F.);
#8131=ADVANCED_FACE('',(#7113,#7114),#7789,.F.);
#8132=ADVANCED_FACE('',(#7115,#7116),#7790,.F.);
#8133=ADVANCED_FACE('',(#7117),#1126,.F.);
#8134=ADVANCED_FACE('',(#7118),#7791,.T.);
#8135=ADVANCED_FACE('',(#7119,#7120,#7121,#7122),#1127,.T.);
#8136=ADVANCED_FACE('',(#7123),#1128,.T.);
#8137=ADVANCED_FACE('',(#7124,#7125,#7126,#7127,#7128,#7129),#1129,.F.);
#8138=ADVANCED_FACE('',(#7130),#7792,.T.);
#8139=ADVANCED_FACE('',(#7131),#1005,.F.);
#8140=ADVANCED_FACE('',(#7132),#7793,.T.);
#8141=ADVANCED_FACE('',(#7133),#1130,.T.);
#8142=ADVANCED_FACE('',(#7134),#7794,.T.);
#8143=ADVANCED_FACE('',(#7135),#1131,.F.);
#8144=ADVANCED_FACE('',(#7136),#7795,.T.);
#8145=ADVANCED_FACE('',(#7137,#7138),#1028,.F.);
#8146=ADVANCED_FACE('',(#7139),#7796,.F.);
#8147=ADVANCED_FACE('',(#7140),#7797,.T.);
#8148=ADVANCED_FACE('',(#7141),#7798,.T.);
#8149=ADVANCED_FACE('',(#7142,#7143),#1029,.F.);
#8150=ADVANCED_FACE('',(#7144),#7799,.F.);
#8151=ADVANCED_FACE('',(#7145),#7800,.T.);
#8152=ADVANCED_FACE('',(#7146),#7801,.T.);
#8153=ADVANCED_FACE('',(#7147,#7148),#1030,.F.);
#8154=ADVANCED_FACE('',(#7149),#7802,.F.);
#8155=ADVANCED_FACE('',(#7150),#7803,.T.);
#8156=ADVANCED_FACE('',(#7151),#7804,.T.);
#8157=ADVANCED_FACE('',(#7152,#7153),#1031,.F.);
#8158=ADVANCED_FACE('',(#7154),#7805,.F.);
#8159=ADVANCED_FACE('',(#7155),#7806,.T.);
#8160=ADVANCED_FACE('',(#7156,#7157),#1132,.F.);
#8161=ADVANCED_FACE('',(#7158,#7159),#7807,.F.);
#8162=ADVANCED_FACE('',(#7160,#7161),#1133,.T.);
#8163=ADVANCED_FACE('',(#7162,#7163),#7808,.T.);
#8164=ADVANCED_FACE('',(#7164),#1032,.T.);
#8165=ADVANCED_FACE('',(#7165),#1134,.T.);
#8166=ADVANCED_FACE('',(#7166,#7167),#1135,.F.);
#8167=ADVANCED_FACE('',(#7168),#1136,.T.);
#8168=ADVANCED_FACE('',(#7169),#7809,.F.);
#8169=ADVANCED_FACE('',(#7170,#7171),#1137,.F.);
#8170=ADVANCED_FACE('',(#7172,#7173),#7810,.F.);
#8171=ADVANCED_FACE('',(#7174,#7175),#1138,.T.);
#8172=ADVANCED_FACE('',(#7176,#7177),#7811,.T.);
#8173=ADVANCED_FACE('',(#7178),#1033,.T.);
#8174=ADVANCED_FACE('',(#7179),#1139,.T.);
#8175=ADVANCED_FACE('',(#7180,#7181),#1140,.F.);
#8176=ADVANCED_FACE('',(#7182),#1141,.T.);
#8177=ADVANCED_FACE('',(#7183,#7184),#1142,.F.);
#8178=ADVANCED_FACE('',(#7185,#7186),#7812,.F.);
#8179=ADVANCED_FACE('',(#7187,#7188),#1143,.T.);
#8180=ADVANCED_FACE('',(#7189,#7190),#7813,.T.);
#8181=ADVANCED_FACE('',(#7191),#1034,.T.);
#8182=ADVANCED_FACE('',(#7192),#1144,.T.);
#8183=ADVANCED_FACE('',(#7193,#7194),#1145,.F.);
#8184=ADVANCED_FACE('',(#7195),#1146,.T.);
#8185=ADVANCED_FACE('',(#7196),#7814,.F.);
#8186=ADVANCED_FACE('',(#7197,#7198),#1147,.F.);
#8187=ADVANCED_FACE('',(#7199,#7200),#7815,.F.);
#8188=ADVANCED_FACE('',(#7201,#7202),#1148,.T.);
#8189=ADVANCED_FACE('',(#7203,#7204),#7816,.T.);
#8190=ADVANCED_FACE('',(#7205),#1035,.T.);
#8191=ADVANCED_FACE('',(#7206),#1149,.T.);
#8192=ADVANCED_FACE('',(#7207,#7208),#1150,.F.);
#8193=ADVANCED_FACE('',(#7209),#1151,.T.);
#8194=ADVANCED_FACE('',(#7210),#1152,.T.);
#8195=ADVANCED_FACE('',(#7211),#1036,.F.);
#8196=ADVANCED_FACE('',(#7212),#1037,.F.);
#8197=ADVANCED_FACE('',(#7213),#1153,.T.);
#8198=ADVANCED_FACE('',(#7214),#7817,.T.);
#8199=ADVANCED_FACE('',(#7215),#7818,.F.);
#8200=ADVANCED_FACE('',(#7216),#1154,.F.);
#8201=ADVANCED_FACE('',(#7217),#7819,.T.);
#8202=ADVANCED_FACE('',(#7218),#1038,.F.);
#8203=ADVANCED_FACE('',(#7219),#1155,.T.);
#8204=ADVANCED_FACE('',(#7220),#7820,.T.);
#8205=ADVANCED_FACE('',(#7221),#10,.T.);
#8206=ADVANCED_FACE('',(#7222),#7821,.T.);
#8207=ADVANCED_FACE('',(#7223),#7822,.T.);
#8208=ADVANCED_FACE('',(#7224),#7823,.T.);
#8209=ADVANCED_FACE('',(#7225),#13,.T.);
#8210=ADVANCED_FACE('',(#7226),#1156,.F.);
#8211=ADVANCED_FACE('',(#7227,#7228),#7824,.T.);
#8212=ADVANCED_FACE('',(#7229,#7230),#7825,.F.);
#8213=ADVANCED_FACE('',(#7231,#7232),#1157,.F.);
#8214=ADVANCED_FACE('',(#7233,#7234),#1158,.F.);
#8215=ADVANCED_FACE('',(#7235,#7236),#7826,.T.);
#8216=ADVANCED_FACE('',(#7237,#7238),#7827,.F.);
#8217=ADVANCED_FACE('',(#7239,#7240),#1159,.F.);
#8218=ADVANCED_FACE('',(#7241,#7242),#7828,.F.);
#8219=ADVANCED_FACE('',(#7243,#7244),#1160,.F.);
#8220=ADVANCED_FACE('',(#7245,#7246),#1039,.T.);
#8221=ADVANCED_FACE('',(#7247,#7248),#7829,.T.);
#8222=ADVANCED_FACE('',(#7249,#7250),#1040,.T.);
#8223=ADVANCED_FACE('',(#7251,#7252),#7830,.T.);
#8224=ADVANCED_FACE('',(#7253,#7254),#1161,.F.);
#8225=ADVANCED_FACE('',(#7255,#7256),#1162,.F.);
#8226=ADVANCED_FACE('',(#7257,#7258),#1006,.F.);
#8227=ADVANCED_FACE('',(#7259,#7260),#7831,.T.);
#8228=ADVANCED_FACE('',(#7261,#7262),#7832,.F.);
#8229=ADVANCED_FACE('',(#7263,#7264),#1163,.F.);
#8230=ADVANCED_FACE('',(#7265,#7266),#1164,.F.);
#8231=ADVANCED_FACE('',(#7267,#7268),#7833,.T.);
#8232=ADVANCED_FACE('',(#7269,#7270),#7834,.F.);
#8233=ADVANCED_FACE('',(#7271,#7272),#1165,.F.);
#8234=ADVANCED_FACE('',(#7273,#7274),#7835,.F.);
#8235=ADVANCED_FACE('',(#7275,#7276),#1166,.F.);
#8236=ADVANCED_FACE('',(#7277,#7278),#1041,.T.);
#8237=ADVANCED_FACE('',(#7279,#7280),#7836,.T.);
#8238=ADVANCED_FACE('',(#7281,#7282),#1042,.T.);
#8239=ADVANCED_FACE('',(#7283,#7284),#7837,.T.);
#8240=ADVANCED_FACE('',(#7285,#7286),#1167,.F.);
#8241=ADVANCED_FACE('',(#7287,#7288),#1168,.F.);
#8242=ADVANCED_FACE('',(#7289,#7290),#1007,.F.);
#8243=ADVANCED_FACE('',(#7291,#7292),#7838,.T.);
#8244=ADVANCED_FACE('',(#7293,#7294),#7839,.F.);
#8245=ADVANCED_FACE('',(#7295,#7296),#1169,.F.);
#8246=ADVANCED_FACE('',(#7297,#7298),#1170,.F.);
#8247=ADVANCED_FACE('',(#7299,#7300),#7840,.T.);
#8248=ADVANCED_FACE('',(#7301,#7302),#7841,.F.);
#8249=ADVANCED_FACE('',(#7303,#7304),#1171,.F.);
#8250=ADVANCED_FACE('',(#7305,#7306),#7842,.F.);
#8251=ADVANCED_FACE('',(#7307,#7308),#1172,.F.);
#8252=ADVANCED_FACE('',(#7309,#7310),#1043,.T.);
#8253=ADVANCED_FACE('',(#7311,#7312),#7843,.T.);
#8254=ADVANCED_FACE('',(#7313,#7314),#1044,.T.);
#8255=ADVANCED_FACE('',(#7315,#7316),#7844,.T.);
#8256=ADVANCED_FACE('',(#7317,#7318),#1173,.F.);
#8257=ADVANCED_FACE('',(#7319,#7320),#1174,.F.);
#8258=ADVANCED_FACE('',(#7321,#7322),#1008,.F.);
#8259=ADVANCED_FACE('',(#7323),#7845,.F.);
#8260=ADVANCED_FACE('',(#7324),#7846,.F.);
#8261=ADVANCED_FACE('',(#7325),#7847,.F.);
#8262=ADVANCED_FACE('',(#7326),#7848,.F.);
#8263=ADVANCED_FACE('',(#7327),#7849,.F.);
#8264=ADVANCED_FACE('',(#7328),#1175,.T.);
#8265=ADVANCED_FACE('',(#7329),#7850,.T.);
#8266=ADVANCED_FACE('',(#7330),#1176,.T.);
#8267=ADVANCED_FACE('',(#7331,#7332,#7333,#7334,#7335,#7336),#1177,.F.);
#8268=ADVANCED_FACE('',(#7337),#7851,.T.);
#8269=ADVANCED_FACE('',(#7338,#7339,#7340),#1178,.F.);
#8270=ADVANCED_FACE('',(#7341),#1179,.T.);
#8271=ADVANCED_FACE('',(#7342),#7852,.F.);
#8272=ADVANCED_FACE('',(#7343),#7853,.F.);
#8273=ADVANCED_FACE('',(#7344),#1180,.T.);
#8274=ADVANCED_FACE('',(#7345),#7854,.T.);
#8275=ADVANCED_FACE('',(#7346),#1181,.T.);
#8276=ADVANCED_FACE('',(#7347),#7855,.F.);
#8277=ADVANCED_FACE('',(#7348),#1182,.T.);
#8278=ADVANCED_FACE('',(#7349),#7856,.T.);
#8279=ADVANCED_FACE('',(#7350,#7351),#7857,.F.);
#8280=ADVANCED_FACE('',(#7352),#7858,.F.);
#8281=ADVANCED_FACE('',(#7353),#7859,.F.);
#8282=ADVANCED_FACE('',(#7354,#7355),#7860,.F.);
#8283=ADVANCED_FACE('',(#7356),#7861,.F.);
#8284=ADVANCED_FACE('',(#7357),#7862,.F.);
#8285=ADVANCED_FACE('',(#7358,#7359),#7863,.F.);
#8286=ADVANCED_FACE('',(#7360,#7361),#7864,.F.);
#8287=ADVANCED_FACE('',(#7362,#7363),#7865,.F.);
#8288=ADVANCED_FACE('',(#7364),#1183,.T.);
#8289=ADVANCED_FACE('',(#7365),#7866,.F.);
#8290=ADVANCED_FACE('',(#7366),#7867,.T.);
#8291=ADVANCED_FACE('',(#7367,#7368,#7369,#7370),#1184,.F.);
#8292=ADVANCED_FACE('',(#7371),#1185,.F.);
#8293=ADVANCED_FACE('',(#7372),#1186,.F.);
#8294=ADVANCED_FACE('',(#7373),#7868,.T.);
#8295=ADVANCED_FACE('',(#7374),#1187,.F.);
#8296=ADVANCED_FACE('',(#7375),#11,.F.);
#8297=ADVANCED_FACE('',(#7376),#14,.F.);
#8298=ADVANCED_FACE('',(#7377),#7869,.T.);
#8299=ADVANCED_FACE('',(#7378),#7870,.T.);
#8300=ADVANCED_FACE('',(#7379),#7871,.T.);
#8301=ADVANCED_FACE('',(#7380),#7872,.T.);
#8302=ADVANCED_FACE('',(#7381),#7873,.T.);
#8303=ADVANCED_FACE('',(#7382),#1009,.F.);
#8304=ADVANCED_FACE('',(#7383),#7874,.T.);
#8305=ADVANCED_FACE('',(#7384),#1045,.F.);
#8306=ADVANCED_FACE('',(#7385),#1188,.F.);
#8307=ADVANCED_FACE('',(#7386),#1189,.F.);
#8308=ADVANCED_FACE('',(#7387),#7875,.T.);
#8309=ADVANCED_FACE('',(#7388),#1190,.T.);
#8310=ADVANCED_FACE('',(#7389),#1191,.T.);
#8311=ADVANCED_FACE('',(#7390,#7391),#1192,.F.);
#8312=ADVANCED_FACE('',(#7392),#1193,.T.);
#8313=ADVANCED_FACE('',(#7393),#1046,.T.);
#8314=ADVANCED_FACE('',(#7394,#7395),#7876,.T.);
#8315=ADVANCED_FACE('',(#7396,#7397),#1194,.T.);
#8316=ADVANCED_FACE('',(#7398,#7399),#7877,.F.);
#8317=ADVANCED_FACE('',(#7400,#7401),#1195,.F.);
#8318=ADVANCED_FACE('',(#7402),#7878,.F.);
#8319=ADVANCED_FACE('',(#7403),#1196,.T.);
#8320=ADVANCED_FACE('',(#7404,#7405),#1197,.F.);
#8321=ADVANCED_FACE('',(#7406),#1198,.T.);
#8322=ADVANCED_FACE('',(#7407),#1047,.T.);
#8323=ADVANCED_FACE('',(#7408,#7409),#7879,.T.);
#8324=ADVANCED_FACE('',(#7410,#7411),#1199,.T.);
#8325=ADVANCED_FACE('',(#7412,#7413),#7880,.F.);
#8326=ADVANCED_FACE('',(#7414,#7415),#1200,.F.);
#8327=ADVANCED_FACE('',(#7416),#1201,.T.);
#8328=ADVANCED_FACE('',(#7417,#7418),#1202,.F.);
#8329=ADVANCED_FACE('',(#7419),#1203,.T.);
#8330=ADVANCED_FACE('',(#7420),#1048,.T.);
#8331=ADVANCED_FACE('',(#7421,#7422),#7881,.T.);
#8332=ADVANCED_FACE('',(#7423,#7424),#1204,.T.);
#8333=ADVANCED_FACE('',(#7425,#7426),#7882,.F.);
#8334=ADVANCED_FACE('',(#7427,#7428),#1205,.F.);
#8335=ADVANCED_FACE('',(#7429),#7883,.F.);
#8336=ADVANCED_FACE('',(#7430),#1206,.T.);
#8337=ADVANCED_FACE('',(#7431,#7432),#1207,.F.);
#8338=ADVANCED_FACE('',(#7433),#1208,.T.);
#8339=ADVANCED_FACE('',(#7434),#1049,.T.);
#8340=ADVANCED_FACE('',(#7435,#7436),#7884,.T.);
#8341=ADVANCED_FACE('',(#7437,#7438),#1209,.T.);
#8342=ADVANCED_FACE('',(#7439,#7440),#7885,.F.);
#8343=ADVANCED_FACE('',(#7441,#7442),#1210,.F.);
#8344=ADVANCED_FACE('',(#7443),#7886,.T.);
#8345=ADVANCED_FACE('',(#7444),#7887,.F.);
#8346=ADVANCED_FACE('',(#7445,#7446),#1050,.F.);
#8347=ADVANCED_FACE('',(#7447),#7888,.T.);
#8348=ADVANCED_FACE('',(#7448),#7889,.T.);
#8349=ADVANCED_FACE('',(#7449),#7890,.F.);
#8350=ADVANCED_FACE('',(#7450,#7451),#1051,.F.);
#8351=ADVANCED_FACE('',(#7452),#7891,.T.);
#8352=ADVANCED_FACE('',(#7453),#7892,.T.);
#8353=ADVANCED_FACE('',(#7454),#7893,.F.);
#8354=ADVANCED_FACE('',(#7455,#7456),#1052,.F.);
#8355=ADVANCED_FACE('',(#7457),#7894,.T.);
#8356=ADVANCED_FACE('',(#7458),#7895,.T.);
#8357=ADVANCED_FACE('',(#7459),#7896,.F.);
#8358=ADVANCED_FACE('',(#7460,#7461),#1053,.F.);
#8359=ADVANCED_FACE('',(#7462),#7897,.T.);
#8360=ADVANCED_FACE('',(#7463),#7898,.T.);
#8361=ADVANCED_FACE('',(#7464),#1211,.F.);
#8362=ADVANCED_FACE('',(#7465),#1054,.F.);
#8363=ADVANCED_FACE('',(#7466),#1212,.T.);
#8364=ADVANCED_FACE('',(#7467),#1055,.F.);
#8365=ADVANCED_FACE('',(#7468),#7899,.F.);
#8366=ADVANCED_FACE('',(#7469),#7900,.F.);
#8367=ADVANCED_FACE('',(#7470),#7901,.F.);
#8368=ADVANCED_FACE('',(#7471),#7902,.F.);
#8369=ADVANCED_FACE('',(#7472),#7903,.F.);
#8370=ADVANCED_FACE('',(#7473),#7904,.T.);
#8371=ADVANCED_FACE('',(#7474,#7475,#7476),#1213,.F.);
#8372=ADVANCED_FACE('',(#7477),#1214,.F.);
#8373=ADVANCED_FACE('',(#7478),#7905,.F.);
#8374=ADVANCED_FACE('',(#7479),#7906,.F.);
#8375=ADVANCED_FACE('',(#7480),#1215,.F.);
#8376=ADVANCED_FACE('',(#7481),#7907,.T.);
#8377=ADVANCED_FACE('',(#7482),#7908,.F.);
#8378=ADVANCED_FACE('',(#7483),#1216,.F.);
#8379=ADVANCED_FACE('',(#7484),#7909,.F.);
#8380=ADVANCED_FACE('',(#7485),#1217,.F.);
#8381=ADVANCED_FACE('',(#7486),#7910,.T.);
#8382=ADVANCED_FACE('',(#7487),#7911,.T.);
#8383=ADVANCED_FACE('',(#7488,#7489),#7912,.F.);
#8384=ADVANCED_FACE('',(#7490),#1218,.F.);
#8385=ADVANCED_FACE('',(#7491),#7913,.F.);
#8386=ADVANCED_FACE('',(#7492,#7493),#7914,.F.);
#8387=ADVANCED_FACE('',(#7494),#1219,.F.);
#8388=ADVANCED_FACE('',(#7495),#7915,.F.);
#8389=ADVANCED_FACE('',(#7496,#7497),#7916,.F.);
#8390=ADVANCED_FACE('',(#7498,#7499),#7917,.F.);
#8391=ADVANCED_FACE('',(#7500,#7501),#7918,.F.);
#8392=ADVANCED_FACE('',(#7502),#7919,.F.);
#8393=ADVANCED_FACE('',(#7503),#1220,.T.);
#8394=ADVANCED_FACE('',(#7504),#7920,.T.);
#8395=ADVANCED_FACE('',(#7505,#7506,#7507,#7508),#1221,.F.);
#8396=ADVANCED_FACE('',(#7509),#1222,.F.);
#8397=ADVANCED_FACE('',(#7510),#7921,.F.);
#8398=ADVANCED_FACE('',(#7511),#7922,.T.);
#8399=ADVANCED_FACE('',(#7512),#1223,.F.);
#8400=ADVANCED_FACE('',(#7513),#7923,.F.);
#8401=ADVANCED_FACE('',(#7514),#7924,.T.);
#8402=ADVANCED_FACE('',(#7515),#7925,.T.);
#8403=ADVANCED_FACE('',(#7516),#15,.F.);
#8404=ADVANCED_FACE('',(#7517),#7926,.T.);
#8405=ADVANCED_FACE('',(#7518),#1056,.F.);
#8406=ADVANCED_FACE('',(#7519),#1057,.F.);
#8407=ADVANCED_FACE('',(#7520),#1224,.F.);
#8408=ADVANCED_FACE('',(#7521),#1225,.F.);
#8409=ADVANCED_FACE('',(#7522),#7927,.T.);
#8410=ADVANCED_FACE('',(#7523),#1226,.T.);
#8411=ADVANCED_FACE('',(#7524),#7928,.F.);
#8412=ADVANCED_FACE('',(#7525),#1227,.T.);
#8413=ADVANCED_FACE('',(#7526,#7527),#1228,.F.);
#8414=ADVANCED_FACE('',(#7528),#1229,.T.);
#8415=ADVANCED_FACE('',(#7529),#1058,.T.);
#8416=ADVANCED_FACE('',(#7530,#7531),#7929,.T.);
#8417=ADVANCED_FACE('',(#7532,#7533),#1230,.F.);
#8418=ADVANCED_FACE('',(#7534,#7535),#7930,.F.);
#8419=ADVANCED_FACE('',(#7536,#7537),#1231,.F.);
#8420=ADVANCED_FACE('',(#7538),#7931,.F.);
#8421=ADVANCED_FACE('',(#7539),#1232,.T.);
#8422=ADVANCED_FACE('',(#7540,#7541),#1233,.F.);
#8423=ADVANCED_FACE('',(#7542,#7543),#1059,.F.);
#8424=ADVANCED_FACE('',(#7544),#1234,.T.);
#8425=ADVANCED_FACE('',(#7545),#1060,.T.);
#8426=ADVANCED_FACE('',(#7546,#7547),#7932,.T.);
#8427=ADVANCED_FACE('',(#7548,#7549),#7933,.F.);
#8428=ADVANCED_FACE('',(#7550,#7551),#1235,.F.);
#8429=ADVANCED_FACE('',(#7552),#1236,.T.);
#8430=ADVANCED_FACE('',(#7553,#7554),#1237,.F.);
#8431=ADVANCED_FACE('',(#7555,#7556),#1061,.F.);
#8432=ADVANCED_FACE('',(#7557),#1238,.T.);
#8433=ADVANCED_FACE('',(#7558),#1062,.T.);
#8434=ADVANCED_FACE('',(#7559,#7560),#7934,.T.);
#8435=ADVANCED_FACE('',(#7561,#7562),#7935,.F.);
#8436=ADVANCED_FACE('',(#7563,#7564),#1239,.F.);
#8437=ADVANCED_FACE('',(#7565),#7936,.F.);
#8438=ADVANCED_FACE('',(#7566),#1240,.T.);
#8439=ADVANCED_FACE('',(#7567,#7568),#1241,.F.);
#8440=ADVANCED_FACE('',(#7569),#1242,.T.);
#8441=ADVANCED_FACE('',(#7570),#1063,.T.);
#8442=ADVANCED_FACE('',(#7571,#7572),#7937,.T.);
#8443=ADVANCED_FACE('',(#7573,#7574),#1243,.F.);
#8444=ADVANCED_FACE('',(#7575,#7576),#7938,.F.);
#8445=ADVANCED_FACE('',(#7577,#7578),#1244,.F.);
#8446=ADVANCED_FACE('',(#7579,#7580,#7581,#7582,#7583,#7584),#1245,.F.);
#8447=ADVANCED_FACE('',(#7585),#7939,.T.);
#8448=ADVANCED_FACE('',(#7586),#7940,.F.);
#8449=ADVANCED_FACE('',(#7587,#7588),#1064,.F.);
#8450=ADVANCED_FACE('',(#7589),#7941,.T.);
#8451=ADVANCED_FACE('',(#7590),#7942,.T.);
#8452=ADVANCED_FACE('',(#7591),#7943,.F.);
#8453=ADVANCED_FACE('',(#7592,#7593),#1246,.F.);
#8454=ADVANCED_FACE('',(#7594),#7944,.T.);
#8455=ADVANCED_FACE('',(#7595),#7945,.T.);
#8456=ADVANCED_FACE('',(#7596),#7946,.F.);
#8457=ADVANCED_FACE('',(#7597,#7598),#1247,.F.);
#8458=ADVANCED_FACE('',(#7599),#7947,.T.);
#8459=ADVANCED_FACE('',(#7600),#7948,.T.);
#8460=ADVANCED_FACE('',(#7601),#7949,.F.);
#8461=ADVANCED_FACE('',(#7602,#7603),#1065,.F.);
#8462=ADVANCED_FACE('',(#7604),#7950,.T.);
#8463=ADVANCED_FACE('',(#7605),#7951,.T.);
#8464=ADVANCED_FACE('',(#7606),#1010,.F.);
#8465=ADVANCED_FACE('',(#7607),#7952,.T.);
#8466=ADVANCED_FACE('',(#7608,#7609),#7953,.T.);
#8467=ADVANCED_FACE('',(#7610,#7611),#7954,.F.);
#8468=ADVANCED_FACE('',(#7612,#7613),#1248,.F.);
#8469=ADVANCED_FACE('',(#7614,#7615),#1249,.F.);
#8470=ADVANCED_FACE('',(#7616,#7617),#7955,.T.);
#8471=ADVANCED_FACE('',(#7618,#7619),#7956,.F.);
#8472=ADVANCED_FACE('',(#7620,#7621),#1250,.F.);
#8473=ADVANCED_FACE('',(#7622,#7623),#7957,.F.);
#8474=ADVANCED_FACE('',(#7624,#7625),#1251,.F.);
#8475=ADVANCED_FACE('',(#7626,#7627),#1066,.T.);
#8476=ADVANCED_FACE('',(#7628,#7629),#7958,.T.);
#8477=ADVANCED_FACE('',(#7630,#7631),#1067,.T.);
#8478=ADVANCED_FACE('',(#7632,#7633),#7959,.T.);
#8479=ADVANCED_FACE('',(#7634,#7635),#1252,.F.);
#8480=ADVANCED_FACE('',(#7636,#7637),#1253,.F.);
#8481=ADVANCED_FACE('',(#7638,#7639),#1011,.F.);
#8482=ADVANCED_FACE('',(#7640,#7641),#7960,.T.);
#8483=ADVANCED_FACE('',(#7642,#7643),#7961,.F.);
#8484=ADVANCED_FACE('',(#7644,#7645),#1254,.F.);
#8485=ADVANCED_FACE('',(#7646,#7647),#1255,.F.);
#8486=ADVANCED_FACE('',(#7648,#7649),#7962,.T.);
#8487=ADVANCED_FACE('',(#7650,#7651),#7963,.F.);
#8488=ADVANCED_FACE('',(#7652,#7653),#1256,.F.);
#8489=ADVANCED_FACE('',(#7654,#7655),#7964,.F.);
#8490=ADVANCED_FACE('',(#7656,#7657),#1257,.F.);
#8491=ADVANCED_FACE('',(#7658,#7659),#1068,.T.);
#8492=ADVANCED_FACE('',(#7660,#7661),#7965,.T.);
#8493=ADVANCED_FACE('',(#7662,#7663),#1069,.T.);
#8494=ADVANCED_FACE('',(#7664,#7665),#7966,.T.);
#8495=ADVANCED_FACE('',(#7666,#7667),#1258,.F.);
#8496=ADVANCED_FACE('',(#7668,#7669),#1259,.F.);
#8497=ADVANCED_FACE('',(#7670,#7671),#1012,.F.);
#8498=ADVANCED_FACE('',(#7672,#7673),#7967,.T.);
#8499=ADVANCED_FACE('',(#7674,#7675),#7968,.F.);
#8500=ADVANCED_FACE('',(#7676,#7677),#1260,.F.);
#8501=ADVANCED_FACE('',(#7678,#7679),#1261,.F.);
#8502=ADVANCED_FACE('',(#7680,#7681),#7969,.T.);
#8503=ADVANCED_FACE('',(#7682,#7683),#7970,.F.);
#8504=ADVANCED_FACE('',(#7684,#7685),#1262,.F.);
#8505=ADVANCED_FACE('',(#7686,#7687),#7971,.F.);
#8506=ADVANCED_FACE('',(#7688,#7689),#1263,.F.);
#8507=ADVANCED_FACE('',(#7690,#7691),#1070,.T.);
#8508=ADVANCED_FACE('',(#7692,#7693),#7972,.T.);
#8509=ADVANCED_FACE('',(#7694,#7695),#1071,.T.);
#8510=ADVANCED_FACE('',(#7696,#7697),#7973,.T.);
#8511=ADVANCED_FACE('',(#7698,#7699),#1264,.F.);
#8512=ADVANCED_FACE('',(#7700,#7701),#1265,.F.);
#8513=ADVANCED_FACE('',(#7702,#7703),#1013,.F.);
#8514=CLOSED_SHELL('',(#7974,#7975,#7976,#7977,#7978,#7979,#7980,#7981,
#7982,#7983,#7984,#7985,#7986,#7987,#7988,#7989));
#8515=CLOSED_SHELL('',(#7990,#7991,#7992,#7993,#7994,#7995,#7996,#7997,
#7998,#7999,#8000,#8001,#8002,#8003,#8004,#8005,#8006,#8007,#8008,#8009,
#8010,#8011,#8012,#8013,#8014,#8015,#8016,#8017,#8018,#8019,#8020,#8021,
#8022,#8023,#8024,#8025,#8026,#8027,#8028,#8029,#8030,#8031,#8032,#8033,
#8034,#8035,#8036,#8037,#8038,#8039,#8040,#8041,#8042,#8043,#8044,#8045,
#8046,#8047,#8048,#8049,#8050,#8051,#8052,#8053,#8054,#8055,#8056,#8057,
#8058,#8059,#8060,#8061,#8062,#8063,#8064,#8065,#8066,#8067,#8068,#8069,
#8070,#8071,#8072,#8073,#8074,#8075,#8076,#8077,#8078,#8079,#8080,#8081,
#8082,#8083,#8084,#8085,#8086,#8087,#8088));
#8516=CLOSED_SHELL('',(#8089,#8090,#8091,#8092,#8093,#8094,#8095,#8096,
#8097,#8098,#8099,#8100,#8101,#8102,#8103,#8104));
#8517=CLOSED_SHELL('',(#8105,#8106,#8107,#8108,#8109,#8110,#8111,#8112,
#8113,#8114,#8115,#8116,#8117,#8118,#8119,#8120,#8121,#8122,#8123,#8124,
#8125,#8126,#8127,#8128,#8129,#8130,#8131,#8132,#8133,#8134,#8135,#8136,
#8137,#8138,#8139,#8140,#8141,#8142,#8143,#8144,#8145,#8146,#8147,#8148,
#8149,#8150,#8151,#8152,#8153,#8154,#8155,#8156,#8157,#8158,#8159,#8160,
#8161,#8162,#8163,#8164,#8165,#8166,#8167,#8168,#8169,#8170,#8171,#8172,
#8173,#8174,#8175,#8176,#8177,#8178,#8179,#8180,#8181,#8182,#8183,#8184,
#8185,#8186,#8187,#8188,#8189,#8190,#8191,#8192,#8193,#8194,#8195,#8196,
#8197,#8198,#8199,#8200,#8201,#8202,#8203,#8204,#8205,#8206,#8207,#8208,
#8209,#8210));
#8518=CLOSED_SHELL('',(#8211,#8212,#8213,#8214,#8215,#8216,#8217,#8218,
#8219,#8220,#8221,#8222,#8223,#8224,#8225,#8226));
#8519=CLOSED_SHELL('',(#8227,#8228,#8229,#8230,#8231,#8232,#8233,#8234,
#8235,#8236,#8237,#8238,#8239,#8240,#8241,#8242));
#8520=CLOSED_SHELL('',(#8243,#8244,#8245,#8246,#8247,#8248,#8249,#8250,
#8251,#8252,#8253,#8254,#8255,#8256,#8257,#8258));
#8521=CLOSED_SHELL('',(#8259,#8260,#8261,#8262,#8263,#8264,#8265,#8266,
#8267,#8268,#8269,#8270,#8271,#8272,#8273,#8274,#8275,#8276,#8277,#8278,
#8279,#8280,#8281,#8282,#8283,#8284,#8285,#8286,#8287,#8288,#8289,#8290,
#8291,#8292,#8293,#8294,#8295,#8296,#8297,#8298,#8299,#8300,#8301,#8302,
#8303,#8304,#8305,#8306,#8307,#8308,#8309,#8310,#8311,#8312,#8313,#8314,
#8315,#8316,#8317,#8318,#8319,#8320,#8321,#8322,#8323,#8324,#8325,#8326,
#8327,#8328,#8329,#8330,#8331,#8332,#8333,#8334,#8335,#8336,#8337,#8338,
#8339,#8340,#8341,#8342,#8343,#8344,#8345,#8346,#8347,#8348,#8349,#8350,
#8351,#8352,#8353,#8354,#8355,#8356,#8357,#8358,#8359,#8360,#8361,#8362,
#8363,#8364,#8365));
#8522=CLOSED_SHELL('',(#8366,#8367,#8368,#8369,#8370,#8371,#8372,#8373,
#8374,#8375,#8376,#8377,#8378,#8379,#8380,#8381,#8382,#8383,#8384,#8385,
#8386,#8387,#8388,#8389,#8390,#8391,#8392,#8393,#8394,#8395,#8396,#8397,
#8398,#8399,#8400,#8401,#8402,#8403,#8404,#8405,#8406,#8407,#8408,#8409,
#8410,#8411,#8412,#8413,#8414,#8415,#8416,#8417,#8418,#8419,#8420,#8421,
#8422,#8423,#8424,#8425,#8426,#8427,#8428,#8429,#8430,#8431,#8432,#8433,
#8434,#8435,#8436,#8437,#8438,#8439,#8440,#8441,#8442,#8443,#8444,#8445,
#8446,#8447,#8448,#8449,#8450,#8451,#8452,#8453,#8454,#8455,#8456,#8457,
#8458,#8459,#8460,#8461,#8462,#8463,#8464,#8465));
#8523=CLOSED_SHELL('',(#8466,#8467,#8468,#8469,#8470,#8471,#8472,#8473,
#8474,#8475,#8476,#8477,#8478,#8479,#8480,#8481));
#8524=CLOSED_SHELL('',(#8482,#8483,#8484,#8485,#8486,#8487,#8488,#8489,
#8490,#8491,#8492,#8493,#8494,#8495,#8496,#8497));
#8525=CLOSED_SHELL('',(#8498,#8499,#8500,#8501,#8502,#8503,#8504,#8505,
#8506,#8507,#8508,#8509,#8510,#8511,#8512,#8513));
#8526=STYLED_ITEM('',(#8538),#8611);
#8527=STYLED_ITEM('',(#8539),#8612);
#8528=STYLED_ITEM('',(#8540),#8613);
#8529=STYLED_ITEM('',(#8541),#8614);
#8530=STYLED_ITEM('',(#8542),#8615);
#8531=STYLED_ITEM('',(#8543),#8616);
#8532=STYLED_ITEM('',(#8544),#8617);
#8533=STYLED_ITEM('',(#8545),#8618);
#8534=STYLED_ITEM('',(#8546),#8619);
#8535=STYLED_ITEM('',(#8547),#8620);
#8536=STYLED_ITEM('',(#8548),#8621);
#8537=STYLED_ITEM('',(#8549),#8622);
#8538=PRESENTATION_STYLE_ASSIGNMENT((#8550));
#8539=PRESENTATION_STYLE_ASSIGNMENT((#8551));
#8540=PRESENTATION_STYLE_ASSIGNMENT((#8552));
#8541=PRESENTATION_STYLE_ASSIGNMENT((#8553));
#8542=PRESENTATION_STYLE_ASSIGNMENT((#8554));
#8543=PRESENTATION_STYLE_ASSIGNMENT((#8555));
#8544=PRESENTATION_STYLE_ASSIGNMENT((#8556));
#8545=PRESENTATION_STYLE_ASSIGNMENT((#8557));
#8546=PRESENTATION_STYLE_ASSIGNMENT((#8558));
#8547=PRESENTATION_STYLE_ASSIGNMENT((#8559));
#8548=PRESENTATION_STYLE_ASSIGNMENT((#8560));
#8549=PRESENTATION_STYLE_ASSIGNMENT((#8561));
#8550=SURFACE_STYLE_USAGE(.BOTH.,#8562);
#8551=SURFACE_STYLE_USAGE(.BOTH.,#8563);
#8552=SURFACE_STYLE_USAGE(.BOTH.,#8564);
#8553=SURFACE_STYLE_USAGE(.BOTH.,#8565);
#8554=SURFACE_STYLE_USAGE(.BOTH.,#8566);
#8555=SURFACE_STYLE_USAGE(.BOTH.,#8567);
#8556=SURFACE_STYLE_USAGE(.BOTH.,#8568);
#8557=SURFACE_STYLE_USAGE(.BOTH.,#8569);
#8558=SURFACE_STYLE_USAGE(.BOTH.,#8570);
#8559=SURFACE_STYLE_USAGE(.BOTH.,#8571);
#8560=SURFACE_STYLE_USAGE(.BOTH.,#8572);
#8561=SURFACE_STYLE_USAGE(.BOTH.,#8573);
#8562=SURFACE_SIDE_STYLE('',(#8574));
#8563=SURFACE_SIDE_STYLE('',(#8575));
#8564=SURFACE_SIDE_STYLE('',(#8576));
#8565=SURFACE_SIDE_STYLE('',(#8577));
#8566=SURFACE_SIDE_STYLE('',(#8578));
#8567=SURFACE_SIDE_STYLE('',(#8579));
#8568=SURFACE_SIDE_STYLE('',(#8580));
#8569=SURFACE_SIDE_STYLE('',(#8581));
#8570=SURFACE_SIDE_STYLE('',(#8582));
#8571=SURFACE_SIDE_STYLE('',(#8583));
#8572=SURFACE_SIDE_STYLE('',(#8584));
#8573=SURFACE_SIDE_STYLE('',(#8585));
#8574=SURFACE_STYLE_FILL_AREA(#8586);
#8575=SURFACE_STYLE_FILL_AREA(#8587);
#8576=SURFACE_STYLE_FILL_AREA(#8588);
#8577=SURFACE_STYLE_FILL_AREA(#8589);
#8578=SURFACE_STYLE_FILL_AREA(#8590);
#8579=SURFACE_STYLE_FILL_AREA(#8591);
#8580=SURFACE_STYLE_FILL_AREA(#8592);
#8581=SURFACE_STYLE_FILL_AREA(#8593);
#8582=SURFACE_STYLE_FILL_AREA(#8594);
#8583=SURFACE_STYLE_FILL_AREA(#8595);
#8584=SURFACE_STYLE_FILL_AREA(#8596);
#8585=SURFACE_STYLE_FILL_AREA(#8597);
#8586=FILL_AREA_STYLE('',(#8598));
#8587=FILL_AREA_STYLE('',(#8599));
#8588=FILL_AREA_STYLE('',(#8600));
#8589=FILL_AREA_STYLE('',(#8601));
#8590=FILL_AREA_STYLE('',(#8602));
#8591=FILL_AREA_STYLE('',(#8603));
#8592=FILL_AREA_STYLE('',(#8604));
#8593=FILL_AREA_STYLE('',(#8605));
#8594=FILL_AREA_STYLE('',(#8606));
#8595=FILL_AREA_STYLE('',(#8607));
#8596=FILL_AREA_STYLE('',(#8608));
#8597=FILL_AREA_STYLE('',(#8609));
#8598=FILL_AREA_STYLE_COLOUR('',#8610);
#8599=FILL_AREA_STYLE_COLOUR('',#8610);
#8600=FILL_AREA_STYLE_COLOUR('',#8610);
#8601=FILL_AREA_STYLE_COLOUR('',#8610);
#8602=FILL_AREA_STYLE_COLOUR('',#8610);
#8603=FILL_AREA_STYLE_COLOUR('',#8610);
#8604=FILL_AREA_STYLE_COLOUR('',#8610);
#8605=FILL_AREA_STYLE_COLOUR('',#8610);
#8606=FILL_AREA_STYLE_COLOUR('',#8610);
#8607=FILL_AREA_STYLE_COLOUR('',#8610);
#8608=FILL_AREA_STYLE_COLOUR('',#8610);
#8609=FILL_AREA_STYLE_COLOUR('',#8610);
#8610=COLOUR_RGB('',0.603921568627451,0.603921568627451,0.603921568627451);
#8611=MANIFOLD_SOLID_BREP('Rollen (2)',#8514);
#8612=MANIFOLD_SOLID_BREP('Fahrschienen (1)',#8515);
#8613=MANIFOLD_SOLID_BREP('Rollen (2)',#8516);
#8614=MANIFOLD_SOLID_BREP('Fahrschienen (1)',#8517);
#8615=MANIFOLD_SOLID_BREP('Rollen (2)',#8518);
#8616=MANIFOLD_SOLID_BREP('Rollen (2)',#8519);
#8617=MANIFOLD_SOLID_BREP('Rollen (2)',#8520);
#8618=MANIFOLD_SOLID_BREP('Fahrschienen (1)',#8521);
#8619=MANIFOLD_SOLID_BREP('Fahrschienen (1)',#8522);
#8620=MANIFOLD_SOLID_BREP('Rollen (2)',#8523);
#8621=MANIFOLD_SOLID_BREP('Rollen (2)',#8524);
#8622=MANIFOLD_SOLID_BREP('Rollen (2)',#8525);
#8623=SHAPE_DEFINITION_REPRESENTATION(#15677,#8635);
#8624=SHAPE_DEFINITION_REPRESENTATION(#15678,#8636);
#8625=SHAPE_DEFINITION_REPRESENTATION(#15679,#8637);
#8626=SHAPE_DEFINITION_REPRESENTATION(#15680,#8638);
#8627=SHAPE_DEFINITION_REPRESENTATION(#15681,#8639);
#8628=SHAPE_DEFINITION_REPRESENTATION(#15682,#8640);
#8629=SHAPE_DEFINITION_REPRESENTATION(#15683,#8641);
#8630=SHAPE_DEFINITION_REPRESENTATION(#15684,#8642);
#8631=SHAPE_DEFINITION_REPRESENTATION(#15685,#8643);
#8632=SHAPE_DEFINITION_REPRESENTATION(#15686,#8644);
#8633=SHAPE_DEFINITION_REPRESENTATION(#15687,#8645);
#8634=SHAPE_DEFINITION_REPRESENTATION(#15688,#8646);
#8635=SHAPE_REPRESENTATION('Rollen (2)',(#8647),#15617);
#8636=SHAPE_REPRESENTATION('Fahrschienen (1)',(#8680),#15618);
#8637=SHAPE_REPRESENTATION('Rollen (2)',(#8891),#15619);
#8638=SHAPE_REPRESENTATION('Fahrschienen (1)',(#8924),#15620);
#8639=SHAPE_REPRESENTATION('Rollen (2)',(#9147),#15621);
#8640=SHAPE_REPRESENTATION('Rollen (2)',(#9180),#15622);
#8641=SHAPE_REPRESENTATION('Rollen (2)',(#9213),#15623);
#8642=SHAPE_REPRESENTATION('Fahrschienen (1)',(#9246),#15624);
#8643=SHAPE_REPRESENTATION('Fahrschienen (1)',(#9471),#15625);
#8644=SHAPE_REPRESENTATION('Rollen (2)',(#9684),#15626);
#8645=SHAPE_REPRESENTATION('Rollen (2)',(#9717),#15627);
#8646=SHAPE_REPRESENTATION('Rollen (2)',(#9750),#15628);
#8647=AXIS2_PLACEMENT_3D('',#12477,#9783,#9784);
#8648=AXIS2_PLACEMENT_3D('',#12478,#9785,#9786);
#8649=AXIS2_PLACEMENT_3D('',#12479,#9787,#9788);
#8650=AXIS2_PLACEMENT_3D('',#12481,#9789,#9790);
#8651=AXIS2_PLACEMENT_3D('',#12483,#9791,#9792);
#8652=AXIS2_PLACEMENT_3D('',#12484,#9793,#9794);
#8653=AXIS2_PLACEMENT_3D('',#12486,#9795,#9796);
#8654=AXIS2_PLACEMENT_3D('',#12488,#9797,#9798);
#8655=AXIS2_PLACEMENT_3D('',#12489,#9799,#9800);
#8656=AXIS2_PLACEMENT_3D('',#12490,#9801,#9802);
#8657=AXIS2_PLACEMENT_3D('',#12492,#9803,#9804);
#8658=AXIS2_PLACEMENT_3D('',#12493,#9805,#9806);
#8659=AXIS2_PLACEMENT_3D('',#12495,#9807,#9808);
#8660=AXIS2_PLACEMENT_3D('',#12497,#9809,#9810);
#8661=AXIS2_PLACEMENT_3D('',#12498,#9811,#9812);
#8662=AXIS2_PLACEMENT_3D('',#12500,#9813,#9814);
#8663=AXIS2_PLACEMENT_3D('',#12502,#9815,#9816);
#8664=AXIS2_PLACEMENT_3D('',#12503,#9817,#9818);
#8665=AXIS2_PLACEMENT_3D('',#12504,#9819,#9820);
#8666=AXIS2_PLACEMENT_3D('',#12506,#9821,#9822);
#8667=AXIS2_PLACEMENT_3D('',#12508,#9823,#9824);
#8668=AXIS2_PLACEMENT_3D('',#12509,#9825,#9826);
#8669=AXIS2_PLACEMENT_3D('',#12511,#9827,#9828);
#8670=AXIS2_PLACEMENT_3D('',#12512,#9829,#9830);
#8671=AXIS2_PLACEMENT_3D('',#12514,#9831,#9832);
#8672=AXIS2_PLACEMENT_3D('',#12516,#9833,#9834);
#8673=AXIS2_PLACEMENT_3D('',#12517,#9835,#9836);
#8674=AXIS2_PLACEMENT_3D('',#12518,#9837,#9838);
#8675=AXIS2_PLACEMENT_3D('',#12520,#9839,#9840);
#8676=AXIS2_PLACEMENT_3D('',#12522,#9841,#9842);
#8677=AXIS2_PLACEMENT_3D('',#12523,#9843,#9844);
#8678=AXIS2_PLACEMENT_3D('',#12524,#9845,#9846);
#8679=AXIS2_PLACEMENT_3D('',#12525,#9847,#9848);
#8680=AXIS2_PLACEMENT_3D('',#12526,#9849,#9850);
#8681=AXIS2_PLACEMENT_3D('',#12527,#9851,#9852);
#8682=AXIS2_PLACEMENT_3D('',#12528,#9853,#9854);
#8683=AXIS2_PLACEMENT_3D('',#12549,#9855,#9856);
#8684=AXIS2_PLACEMENT_3D('',#12550,#9857,#9858);
#8685=AXIS2_PLACEMENT_3D('',#12571,#9859,#9860);
#8686=AXIS2_PLACEMENT_3D('',#12572,#9861,#9862);
#8687=AXIS2_PLACEMENT_3D('',#12593,#9863,#9864);
#8688=AXIS2_PLACEMENT_3D('',#12594,#9865,#9866);
#8689=AXIS2_PLACEMENT_3D('',#12615,#9867,#9868);
#8690=AXIS2_PLACEMENT_3D('',#12616,#9869,#9870);
#8691=AXIS2_PLACEMENT_3D('',#12621,#9872,#9873);
#8692=AXIS2_PLACEMENT_3D('',#12624,#9875,#9876);
#8693=AXIS2_PLACEMENT_3D('',#12630,#9880,#9881);
#8694=AXIS2_PLACEMENT_3D('',#12631,#9882,#9883);
#8695=AXIS2_PLACEMENT_3D('',#12633,#9884,#9885);
#8696=AXIS2_PLACEMENT_3D('',#12636,#9887,#9888);
#8697=AXIS2_PLACEMENT_3D('',#12637,#9889,#9890);
#8698=AXIS2_PLACEMENT_3D('',#12639,#9891,#9892);
#8699=AXIS2_PLACEMENT_3D('',#12641,#9893,#9894);
#8700=AXIS2_PLACEMENT_3D('',#12643,#9895,#9896);
#8701=AXIS2_PLACEMENT_3D('',#12645,#9897,#9898);
#8702=AXIS2_PLACEMENT_3D('',#12647,#9899,#9900);
#8703=AXIS2_PLACEMENT_3D('',#12651,#9902,#9903);
#8704=AXIS2_PLACEMENT_3D('',#12655,#9905,#9906);
#8705=AXIS2_PLACEMENT_3D('',#12659,#9908,#9909);
#8706=AXIS2_PLACEMENT_3D('',#12661,#9910,#9911);
#8707=AXIS2_PLACEMENT_3D('',#12663,#9912,#9913);
#8708=AXIS2_PLACEMENT_3D('',#12665,#9914,#9915);
#8709=AXIS2_PLACEMENT_3D('',#12669,#9917,#9918);
#8710=AXIS2_PLACEMENT_3D('',#12673,#9920,#9921);
#8711=AXIS2_PLACEMENT_3D('',#12675,#9922,#9923);
#8712=AXIS2_PLACEMENT_3D('',#12679,#9925,#9926);
#8713=AXIS2_PLACEMENT_3D('',#12681,#9927,#9928);
#8714=AXIS2_PLACEMENT_3D('',#12683,#9929,#9930);
#8715=AXIS2_PLACEMENT_3D('',#12685,#9931,#9932);
#8716=AXIS2_PLACEMENT_3D('',#12687,#9933,#9934);
#8717=AXIS2_PLACEMENT_3D('',#12691,#9936,#9937);
#8718=AXIS2_PLACEMENT_3D('',#12694,#9939,#9940);
#8719=AXIS2_PLACEMENT_3D('',#12696,#9941,#9942);
#8720=AXIS2_PLACEMENT_3D('',#12698,#9943,#9944);
#8721=AXIS2_PLACEMENT_3D('',#12700,#9945,#9946);
#8722=AXIS2_PLACEMENT_3D('',#12702,#9947,#9948);
#8723=AXIS2_PLACEMENT_3D('',#12704,#9949,#9950);
#8724=AXIS2_PLACEMENT_3D('',#12708,#9953,#9954);
#8725=AXIS2_PLACEMENT_3D('',#12711,#9956,#9957);
#8726=AXIS2_PLACEMENT_3D('',#12714,#9959,#9960);
#8727=AXIS2_PLACEMENT_3D('',#12718,#9963,#9964);
#8728=AXIS2_PLACEMENT_3D('',#12719,#9965,#9966);
#8729=AXIS2_PLACEMENT_3D('',#12720,#9967,#9968);
#8730=AXIS2_PLACEMENT_3D('',#12721,#9969,#9970);
#8731=AXIS2_PLACEMENT_3D('',#12726,#9973,#9974);
#8732=AXIS2_PLACEMENT_3D('',#12730,#9977,#9978);
#8733=AXIS2_PLACEMENT_3D('',#12733,#9980,#9981);
#8734=AXIS2_PLACEMENT_3D('',#12734,#9982,#9983);
#8735=AXIS2_PLACEMENT_3D('',#12735,#9984,#9985);
#8736=AXIS2_PLACEMENT_3D('',#12740,#9988,#9989);
#8737=AXIS2_PLACEMENT_3D('',#12742,#9991,#9992);
#8738=AXIS2_PLACEMENT_3D('',#12743,#9993,#9994);
#8739=AXIS2_PLACEMENT_3D('',#12748,#9997,#9998);
#8740=AXIS2_PLACEMENT_3D('',#12750,#10000,#10001);
#8741=AXIS2_PLACEMENT_3D('',#12751,#10002,#10003);
#8742=AXIS2_PLACEMENT_3D('',#12753,#10004,#10005);
#8743=AXIS2_PLACEMENT_3D('',#12754,#10006,#10007);
#8744=AXIS2_PLACEMENT_3D('',#12757,#10009,#10010);
#8745=AXIS2_PLACEMENT_3D('',#12758,#10011,#10012);
#8746=AXIS2_PLACEMENT_3D('',#12760,#10013,#10014);
#8747=AXIS2_PLACEMENT_3D('',#12761,#10015,#10016);
#8748=AXIS2_PLACEMENT_3D('',#12764,#10018,#10019);
#8749=AXIS2_PLACEMENT_3D('',#12765,#10020,#10021);
#8750=AXIS2_PLACEMENT_3D('',#12767,#10022,#10023);
#8751=AXIS2_PLACEMENT_3D('',#12768,#10024,#10025);
#8752=AXIS2_PLACEMENT_3D('',#12770,#10026,#10027);
#8753=AXIS2_PLACEMENT_3D('',#12771,#10028,#10029);
#8754=AXIS2_PLACEMENT_3D('',#12773,#10030,#10031);
#8755=AXIS2_PLACEMENT_3D('',#12779,#10035,#10036);
#8756=AXIS2_PLACEMENT_3D('',#12780,#10037,#10038);
#8757=AXIS2_PLACEMENT_3D('',#12783,#10040,#10041);
#8758=AXIS2_PLACEMENT_3D('',#12786,#10043,#10044);
#8759=AXIS2_PLACEMENT_3D('',#12787,#10045,#10046);
#8760=AXIS2_PLACEMENT_3D('',#12802,#10054,#10055);
#8761=AXIS2_PLACEMENT_3D('',#12805,#10057,#10058);
#8762=AXIS2_PLACEMENT_3D('',#12806,#10059,#10060);
#8763=AXIS2_PLACEMENT_3D('',#12810,#10062,#10063);
#8764=AXIS2_PLACEMENT_3D('',#12814,#10065,#10066);
#8765=AXIS2_PLACEMENT_3D('',#12816,#10067,#10068);
#8766=AXIS2_PLACEMENT_3D('',#12822,#10071,#10072);
#8767=AXIS2_PLACEMENT_3D('',#12824,#10073,#10074);
#8768=AXIS2_PLACEMENT_3D('',#12825,#10075,#10076);
#8769=AXIS2_PLACEMENT_3D('',#12829,#10078,#10079);
#8770=AXIS2_PLACEMENT_3D('',#12832,#10081,#10082);
#8771=AXIS2_PLACEMENT_3D('',#12836,#10084,#10085);
#8772=AXIS2_PLACEMENT_3D('',#12840,#10087,#10088);
#8773=AXIS2_PLACEMENT_3D('',#12844,#10090,#10091);
#8774=AXIS2_PLACEMENT_3D('',#12847,#10093,#10094);
#8775=AXIS2_PLACEMENT_3D('',#12850,#10096,#10097);
#8776=AXIS2_PLACEMENT_3D('',#12851,#10098,#10099);
#8777=AXIS2_PLACEMENT_3D('',#12852,#10100,#10101);
#8778=AXIS2_PLACEMENT_3D('',#12858,#10104,#10105);
#8779=AXIS2_PLACEMENT_3D('',#12860,#10106,#10107);
#8780=AXIS2_PLACEMENT_3D('',#12861,#10108,#10109);
#8781=AXIS2_PLACEMENT_3D('',#12864,#10111,#10112);
#8782=AXIS2_PLACEMENT_3D('',#12865,#10113,#10114);
#8783=AXIS2_PLACEMENT_3D('',#12866,#10115,#10116);
#8784=AXIS2_PLACEMENT_3D('',#12870,#10118,#10119);
#8785=AXIS2_PLACEMENT_3D('',#12872,#10120,#10121);
#8786=AXIS2_PLACEMENT_3D('',#12873,#10122,#10123);
#8787=AXIS2_PLACEMENT_3D('',#12883,#10125,#10126);
#8788=AXIS2_PLACEMENT_3D('',#12886,#10128,#10129);
#8789=AXIS2_PLACEMENT_3D('',#12889,#10131,#10132);
#8790=AXIS2_PLACEMENT_3D('',#12893,#10134,#10135);
#8791=AXIS2_PLACEMENT_3D('',#12895,#10136,#10137);
#8792=AXIS2_PLACEMENT_3D('',#12896,#10138,#10139);
#8793=AXIS2_PLACEMENT_3D('',#12898,#10140,#10141);
#8794=AXIS2_PLACEMENT_3D('',#12901,#10143,#10144);
#8795=AXIS2_PLACEMENT_3D('',#12902,#10145,#10146);
#8796=AXIS2_PLACEMENT_3D('',#12910,#10148,#10149);
#8797=AXIS2_PLACEMENT_3D('',#12920,#10151,#10152);
#8798=AXIS2_PLACEMENT_3D('',#12923,#10154,#10155);
#8799=AXIS2_PLACEMENT_3D('',#12926,#10157,#10158);
#8800=AXIS2_PLACEMENT_3D('',#12930,#10160,#10161);
#8801=AXIS2_PLACEMENT_3D('',#12932,#10162,#10163);
#8802=AXIS2_PLACEMENT_3D('',#12933,#10164,#10165);
#8803=AXIS2_PLACEMENT_3D('',#12935,#10166,#10167);
#8804=AXIS2_PLACEMENT_3D('',#12938,#10169,#10170);
#8805=AXIS2_PLACEMENT_3D('',#12939,#10171,#10172);
#8806=AXIS2_PLACEMENT_3D('',#12947,#10174,#10175);
#8807=AXIS2_PLACEMENT_3D('',#12948,#10176,#10177);
#8808=AXIS2_PLACEMENT_3D('',#12960,#10180,#10181);
#8809=AXIS2_PLACEMENT_3D('',#12974,#10182,#10183);
#8810=AXIS2_PLACEMENT_3D('',#12975,#10184,#10185);
#8811=AXIS2_PLACEMENT_3D('',#12978,#10187,#10188);
#8812=AXIS2_PLACEMENT_3D('',#12979,#10189,#10190);
#8813=AXIS2_PLACEMENT_3D('',#12982,#10192,#10193);
#8814=AXIS2_PLACEMENT_3D('',#12983,#10194,#10195);
#8815=AXIS2_PLACEMENT_3D('',#12993,#10197,#10198);
#8816=AXIS2_PLACEMENT_3D('',#12996,#10200,#10201);
#8817=AXIS2_PLACEMENT_3D('',#12999,#10203,#10204);
#8818=AXIS2_PLACEMENT_3D('',#13003,#10206,#10207);
#8819=AXIS2_PLACEMENT_3D('',#13005,#10208,#10209);
#8820=AXIS2_PLACEMENT_3D('',#13006,#10210,#10211);
#8821=AXIS2_PLACEMENT_3D('',#13008,#10212,#10213);
#8822=AXIS2_PLACEMENT_3D('',#13011,#10215,#10216);
#8823=AXIS2_PLACEMENT_3D('',#13012,#10217,#10218);
#8824=AXIS2_PLACEMENT_3D('',#13020,#10220,#10221);
#8825=AXIS2_PLACEMENT_3D('',#13021,#10222,#10223);
#8826=AXIS2_PLACEMENT_3D('',#13023,#10224,#10225);
#8827=AXIS2_PLACEMENT_3D('',#13024,#10226,#10227);
#8828=AXIS2_PLACEMENT_3D('',#13026,#10228,#10229);
#8829=AXIS2_PLACEMENT_3D('',#13027,#10230,#10231);
#8830=AXIS2_PLACEMENT_3D('',#13029,#10232,#10233);
#8831=AXIS2_PLACEMENT_3D('',#13036,#10234,#10235);
#8832=AXIS2_PLACEMENT_3D('',#13041,#10237,#10238);
#8833=AXIS2_PLACEMENT_3D('',#13045,#10239,#10240);
#8834=AXIS2_PLACEMENT_3D('',#13046,#10241,#10242);
#8835=AXIS2_PLACEMENT_3D('',#13048,#10244,#10245);
#8836=AXIS2_PLACEMENT_3D('',#13049,#10246,#10247);
#8837=AXIS2_PLACEMENT_3D('',#13050,#10248,#10249);
#8838=AXIS2_PLACEMENT_3D('',#13052,#10250,#10251);
#8839=AXIS2_PLACEMENT_3D('',#13053,#10252,#10253);
#8840=AXIS2_PLACEMENT_3D('',#13055,#10254,#10255);
#8841=AXIS2_PLACEMENT_3D('',#13056,#10256,#10257);
#8842=AXIS2_PLACEMENT_3D('',#13058,#10258,#10259);
#8843=AXIS2_PLACEMENT_3D('',#13065,#10260,#10261);
#8844=AXIS2_PLACEMENT_3D('',#13070,#10263,#10264);
#8845=AXIS2_PLACEMENT_3D('',#13074,#10265,#10266);
#8846=AXIS2_PLACEMENT_3D('',#13075,#10267,#10268);
#8847=AXIS2_PLACEMENT_3D('',#13076,#10269,#10270);
#8848=AXIS2_PLACEMENT_3D('',#13078,#10272,#10273);
#8849=AXIS2_PLACEMENT_3D('',#13079,#10274,#10275);
#8850=AXIS2_PLACEMENT_3D('',#13081,#10276,#10277);
#8851=AXIS2_PLACEMENT_3D('',#13082,#10278,#10279);
#8852=AXIS2_PLACEMENT_3D('',#13084,#10280,#10281);
#8853=AXIS2_PLACEMENT_3D('',#13087,#10283,#10284);
#8854=AXIS2_PLACEMENT_3D('',#13090,#10286,#10287);
#8855=AXIS2_PLACEMENT_3D('',#13092,#10288,#10289);
#8856=AXIS2_PLACEMENT_3D('',#13093,#10290,#10291);
#8857=AXIS2_PLACEMENT_3D('',#13095,#10292,#10293);
#8858=AXIS2_PLACEMENT_3D('',#13102,#10294,#10295);
#8859=AXIS2_PLACEMENT_3D('',#13104,#10297,#10298);
#8860=AXIS2_PLACEMENT_3D('',#13105,#10299,#10300);
#8861=AXIS2_PLACEMENT_3D('',#13107,#10302,#10303);
#8862=AXIS2_PLACEMENT_3D('',#13108,#10304,#10305);
#8863=AXIS2_PLACEMENT_3D('',#13109,#10306,#10307);
#8864=AXIS2_PLACEMENT_3D('',#13111,#10308,#10309);
#8865=AXIS2_PLACEMENT_3D('',#13112,#10310,#10311);
#8866=AXIS2_PLACEMENT_3D('',#13114,#10312,#10313);
#8867=AXIS2_PLACEMENT_3D('',#13115,#10314,#10315);
#8868=AXIS2_PLACEMENT_3D('',#13117,#10316,#10317);
#8869=AXIS2_PLACEMENT_3D('',#13124,#10318,#10319);
#8870=AXIS2_PLACEMENT_3D('',#13129,#10321,#10322);
#8871=AXIS2_PLACEMENT_3D('',#13133,#10323,#10324);
#8872=AXIS2_PLACEMENT_3D('',#13134,#10325,#10326);
#8873=AXIS2_PLACEMENT_3D('',#13135,#10327,#10328);
#8874=AXIS2_PLACEMENT_3D('',#13136,#10329,#10330);
#8875=AXIS2_PLACEMENT_3D('',#13137,#10331,#10332);
#8876=AXIS2_PLACEMENT_3D('',#13140,#10335,#10336);
#8877=AXIS2_PLACEMENT_3D('',#13141,#10337,#10338);
#8878=AXIS2_PLACEMENT_3D('',#13145,#10341,#10342);
#8879=AXIS2_PLACEMENT_3D('',#13149,#10345,#10346);
#8880=AXIS2_PLACEMENT_3D('',#13152,#10348,#10349);
#8881=AXIS2_PLACEMENT_3D('',#13153,#10350,#10351);
#8882=AXIS2_PLACEMENT_3D('',#13154,#10352,#10353);
#8883=AXIS2_PLACEMENT_3D('',#13156,#10354,#10355);
#8884=AXIS2_PLACEMENT_3D('',#13157,#10356,#10357);
#8885=AXIS2_PLACEMENT_3D('',#13159,#10359,#10360);
#8886=AXIS2_PLACEMENT_3D('',#13160,#10361,#10362);
#8887=AXIS2_PLACEMENT_3D('',#13161,#10363,#10364);
#8888=AXIS2_PLACEMENT_3D('',#13177,#10365,#10366);
#8889=AXIS2_PLACEMENT_3D('',#13178,#10367,#10368);
#8890=AXIS2_PLACEMENT_3D('',#13179,#10369,#10370);
#8891=AXIS2_PLACEMENT_3D('',#13180,#10371,#10372);
#8892=AXIS2_PLACEMENT_3D('',#13181,#10373,#10374);
#8893=AXIS2_PLACEMENT_3D('',#13182,#10375,#10376);
#8894=AXIS2_PLACEMENT_3D('',#13184,#10377,#10378);
#8895=AXIS2_PLACEMENT_3D('',#13186,#10379,#10380);
#8896=AXIS2_PLACEMENT_3D('',#13187,#10381,#10382);
#8897=AXIS2_PLACEMENT_3D('',#13189,#10383,#10384);
#8898=AXIS2_PLACEMENT_3D('',#13191,#10385,#10386);
#8899=AXIS2_PLACEMENT_3D('',#13192,#10387,#10388);
#8900=AXIS2_PLACEMENT_3D('',#13193,#10389,#10390);
#8901=AXIS2_PLACEMENT_3D('',#13195,#10391,#10392);
#8902=AXIS2_PLACEMENT_3D('',#13196,#10393,#10394);
#8903=AXIS2_PLACEMENT_3D('',#13198,#10395,#10396);
#8904=AXIS2_PLACEMENT_3D('',#13200,#10397,#10398);
#8905=AXIS2_PLACEMENT_3D('',#13201,#10399,#10400);
#8906=AXIS2_PLACEMENT_3D('',#13203,#10401,#10402);
#8907=AXIS2_PLACEMENT_3D('',#13205,#10403,#10404);
#8908=AXIS2_PLACEMENT_3D('',#13206,#10405,#10406);
#8909=AXIS2_PLACEMENT_3D('',#13207,#10407,#10408);
#8910=AXIS2_PLACEMENT_3D('',#13209,#10409,#10410);
#8911=AXIS2_PLACEMENT_3D('',#13211,#10411,#10412);
#8912=AXIS2_PLACEMENT_3D('',#13212,#10413,#10414);
#8913=AXIS2_PLACEMENT_3D('',#13214,#10415,#10416);
#8914=AXIS2_PLACEMENT_3D('',#13215,#10417,#10418);
#8915=AXIS2_PLACEMENT_3D('',#13217,#10419,#10420);
#8916=AXIS2_PLACEMENT_3D('',#13219,#10421,#10422);
#8917=AXIS2_PLACEMENT_3D('',#13220,#10423,#10424);
#8918=AXIS2_PLACEMENT_3D('',#13221,#10425,#10426);
#8919=AXIS2_PLACEMENT_3D('',#13223,#10427,#10428);
#8920=AXIS2_PLACEMENT_3D('',#13225,#10429,#10430);
#8921=AXIS2_PLACEMENT_3D('',#13226,#10431,#10432);
#8922=AXIS2_PLACEMENT_3D('',#13227,#10433,#10434);
#8923=AXIS2_PLACEMENT_3D('',#13228,#10435,#10436);
#8924=AXIS2_PLACEMENT_3D('',#13229,#10437,#10438);
#8925=AXIS2_PLACEMENT_3D('',#13230,#10439,#10440);
#8926=AXIS2_PLACEMENT_3D('',#13231,#10441,#10442);
#8927=AXIS2_PLACEMENT_3D('',#13252,#10443,#10444);
#8928=AXIS2_PLACEMENT_3D('',#13253,#10445,#10446);
#8929=AXIS2_PLACEMENT_3D('',#13274,#10447,#10448);
#8930=AXIS2_PLACEMENT_3D('',#13275,#10449,#10450);
#8931=AXIS2_PLACEMENT_3D('',#13296,#10451,#10452);
#8932=AXIS2_PLACEMENT_3D('',#13297,#10453,#10454);
#8933=AXIS2_PLACEMENT_3D('',#13318,#10455,#10456);
#8934=AXIS2_PLACEMENT_3D('',#13319,#10457,#10458);
#8935=AXIS2_PLACEMENT_3D('',#13324,#10460,#10461);
#8936=AXIS2_PLACEMENT_3D('',#13327,#10463,#10464);
#8937=AXIS2_PLACEMENT_3D('',#13333,#10468,#10469);
#8938=AXIS2_PLACEMENT_3D('',#13334,#10470,#10471);
#8939=AXIS2_PLACEMENT_3D('',#13338,#10473,#10474);
#8940=AXIS2_PLACEMENT_3D('',#13339,#10475,#10476);
#8941=AXIS2_PLACEMENT_3D('',#13340,#10477,#10478);
#8942=AXIS2_PLACEMENT_3D('',#13344,#10480,#10481);
#8943=AXIS2_PLACEMENT_3D('',#13348,#10483,#10484);
#8944=AXIS2_PLACEMENT_3D('',#13352,#10486,#10487);
#8945=AXIS2_PLACEMENT_3D('',#13354,#10488,#10489);
#8946=AXIS2_PLACEMENT_3D('',#13360,#10492,#10493);
#8947=AXIS2_PLACEMENT_3D('',#13362,#10494,#10495);
#8948=AXIS2_PLACEMENT_3D('',#13366,#10497,#10498);
#8949=AXIS2_PLACEMENT_3D('',#13370,#10500,#10501);
#8950=AXIS2_PLACEMENT_3D('',#13372,#10502,#10503);
#8951=AXIS2_PLACEMENT_3D('',#13376,#10505,#10506);
#8952=AXIS2_PLACEMENT_3D('',#13380,#10508,#10509);
#8953=AXIS2_PLACEMENT_3D('',#13384,#10511,#10512);
#8954=AXIS2_PLACEMENT_3D('',#13386,#10513,#10514);
#8955=AXIS2_PLACEMENT_3D('',#13390,#10516,#10517);
#8956=AXIS2_PLACEMENT_3D('',#13394,#10519,#10520);
#8957=AXIS2_PLACEMENT_3D('',#13398,#10522,#10523);
#8958=AXIS2_PLACEMENT_3D('',#13402,#10525,#10526);
#8959=AXIS2_PLACEMENT_3D('',#13404,#10527,#10528);
#8960=AXIS2_PLACEMENT_3D('',#13408,#10530,#10531);
#8961=AXIS2_PLACEMENT_3D('',#13411,#10533,#10534);
#8962=AXIS2_PLACEMENT_3D('',#13413,#10535,#10536);
#8963=AXIS2_PLACEMENT_3D('',#13415,#10537,#10538);
#8964=AXIS2_PLACEMENT_3D('',#13418,#10540,#10541);
#8965=AXIS2_PLACEMENT_3D('',#13421,#10543,#10544);
#8966=AXIS2_PLACEMENT_3D('',#13425,#10547,#10548);
#8967=AXIS2_PLACEMENT_3D('',#13428,#10550,#10551);
#8968=AXIS2_PLACEMENT_3D('',#13429,#10552,#10553);
#8969=AXIS2_PLACEMENT_3D('',#13432,#10555,#10556);
#8970=AXIS2_PLACEMENT_3D('',#13435,#10558,#10559);
#8971=AXIS2_PLACEMENT_3D('',#13439,#10562,#10563);
#8972=AXIS2_PLACEMENT_3D('',#13442,#10565,#10566);
#8973=AXIS2_PLACEMENT_3D('',#13443,#10567,#10568);
#8974=AXIS2_PLACEMENT_3D('',#13446,#10570,#10571);
#8975=AXIS2_PLACEMENT_3D('',#13449,#10573,#10574);
#8976=AXIS2_PLACEMENT_3D('',#13451,#10576,#10577);
#8977=AXIS2_PLACEMENT_3D('',#13452,#10578,#10579);
#8978=AXIS2_PLACEMENT_3D('',#13457,#10582,#10583);
#8979=AXIS2_PLACEMENT_3D('',#13459,#10585,#10586);
#8980=AXIS2_PLACEMENT_3D('',#13460,#10587,#10588);
#8981=AXIS2_PLACEMENT_3D('',#13462,#10589,#10590);
#8982=AXIS2_PLACEMENT_3D('',#13464,#10592,#10593);
#8983=AXIS2_PLACEMENT_3D('',#13467,#10595,#10596);
#8984=AXIS2_PLACEMENT_3D('',#13468,#10597,#10598);
#8985=AXIS2_PLACEMENT_3D('',#13469,#10599,#10600);
#8986=AXIS2_PLACEMENT_3D('',#13472,#10602,#10603);
#8987=AXIS2_PLACEMENT_3D('',#13473,#10604,#10605);
#8988=AXIS2_PLACEMENT_3D('',#13475,#10606,#10607);
#8989=AXIS2_PLACEMENT_3D('',#13478,#10609,#10610);
#8990=AXIS2_PLACEMENT_3D('',#13479,#10611,#10612);
#8991=AXIS2_PLACEMENT_3D('',#13480,#10613,#10614);
#8992=AXIS2_PLACEMENT_3D('',#13483,#10616,#10617);
#8993=AXIS2_PLACEMENT_3D('',#13484,#10618,#10619);
#8994=AXIS2_PLACEMENT_3D('',#13486,#10620,#10621);
#8995=AXIS2_PLACEMENT_3D('',#13488,#10622,#10623);
#8996=AXIS2_PLACEMENT_3D('',#13489,#10624,#10625);
#8997=AXIS2_PLACEMENT_3D('',#13491,#10626,#10627);
#8998=AXIS2_PLACEMENT_3D('',#13493,#10628,#10629);
#8999=AXIS2_PLACEMENT_3D('',#13494,#10630,#10631);
#9000=AXIS2_PLACEMENT_3D('',#13496,#10632,#10633);
#9001=AXIS2_PLACEMENT_3D('',#13498,#10634,#10635);
#9002=AXIS2_PLACEMENT_3D('',#13507,#10640,#10641);
#9003=AXIS2_PLACEMENT_3D('',#13508,#10642,#10643);
#9004=AXIS2_PLACEMENT_3D('',#13510,#10644,#10645);
#9005=AXIS2_PLACEMENT_3D('',#13513,#10647,#10648);
#9006=AXIS2_PLACEMENT_3D('',#13516,#10650,#10651);
#9007=AXIS2_PLACEMENT_3D('',#13517,#10652,#10653);
#9008=AXIS2_PLACEMENT_3D('',#13522,#10656,#10657);
#9009=AXIS2_PLACEMENT_3D('',#13542,#10668,#10669);
#9010=AXIS2_PLACEMENT_3D('',#13543,#10670,#10671);
#9011=AXIS2_PLACEMENT_3D('',#13545,#10672,#10673);
#9012=AXIS2_PLACEMENT_3D('',#13547,#10674,#10675);
#9013=AXIS2_PLACEMENT_3D('',#13548,#10676,#10677);
#9014=AXIS2_PLACEMENT_3D('',#13550,#10678,#10679);
#9015=AXIS2_PLACEMENT_3D('',#13552,#10680,#10681);
#9016=AXIS2_PLACEMENT_3D('',#13556,#10683,#10684);
#9017=AXIS2_PLACEMENT_3D('',#13558,#10685,#10686);
#9018=AXIS2_PLACEMENT_3D('',#13559,#10687,#10688);
#9019=AXIS2_PLACEMENT_3D('',#13561,#10689,#10690);
#9020=AXIS2_PLACEMENT_3D('',#13562,#10691,#10692);
#9021=AXIS2_PLACEMENT_3D('',#13565,#10694,#10695);
#9022=AXIS2_PLACEMENT_3D('',#13566,#10696,#10697);
#9023=AXIS2_PLACEMENT_3D('',#13567,#10698,#10699);
#9024=AXIS2_PLACEMENT_3D('',#13569,#10700,#10701);
#9025=AXIS2_PLACEMENT_3D('',#13570,#10702,#10703);
#9026=AXIS2_PLACEMENT_3D('',#13573,#10705,#10706);
#9027=AXIS2_PLACEMENT_3D('',#13574,#10707,#10708);
#9028=AXIS2_PLACEMENT_3D('',#13575,#10709,#10710);
#9029=AXIS2_PLACEMENT_3D('',#13579,#10712,#10713);
#9030=AXIS2_PLACEMENT_3D('',#13581,#10714,#10715);
#9031=AXIS2_PLACEMENT_3D('',#13582,#10716,#10717);
#9032=AXIS2_PLACEMENT_3D('',#13585,#10719,#10720);
#9033=AXIS2_PLACEMENT_3D('',#13586,#10721,#10722);
#9034=AXIS2_PLACEMENT_3D('',#13587,#10723,#10724);
#9035=AXIS2_PLACEMENT_3D('',#13591,#10726,#10727);
#9036=AXIS2_PLACEMENT_3D('',#13593,#10728,#10729);
#9037=AXIS2_PLACEMENT_3D('',#13594,#10730,#10731);
#9038=AXIS2_PLACEMENT_3D('',#13595,#10732,#10733);
#9039=AXIS2_PLACEMENT_3D('',#13607,#10736,#10737);
#9040=AXIS2_PLACEMENT_3D('',#13621,#10738,#10739);
#9041=AXIS2_PLACEMENT_3D('',#13622,#10740,#10741);
#9042=AXIS2_PLACEMENT_3D('',#13625,#10743,#10744);
#9043=AXIS2_PLACEMENT_3D('',#13626,#10745,#10746);
#9044=AXIS2_PLACEMENT_3D('',#13629,#10748,#10749);
#9045=AXIS2_PLACEMENT_3D('',#13630,#10750,#10751);
#9046=AXIS2_PLACEMENT_3D('',#13631,#10752,#10753);
#9047=AXIS2_PLACEMENT_3D('',#13643,#10756,#10757);
#9048=AXIS2_PLACEMENT_3D('',#13657,#10758,#10759);
#9049=AXIS2_PLACEMENT_3D('',#13658,#10760,#10761);
#9050=AXIS2_PLACEMENT_3D('',#13661,#10763,#10764);
#9051=AXIS2_PLACEMENT_3D('',#13662,#10765,#10766);
#9052=AXIS2_PLACEMENT_3D('',#13665,#10768,#10769);
#9053=AXIS2_PLACEMENT_3D('',#13666,#10770,#10771);
#9054=AXIS2_PLACEMENT_3D('',#13667,#10772,#10773);
#9055=AXIS2_PLACEMENT_3D('',#13679,#10776,#10777);
#9056=AXIS2_PLACEMENT_3D('',#13693,#10778,#10779);
#9057=AXIS2_PLACEMENT_3D('',#13694,#10780,#10781);
#9058=AXIS2_PLACEMENT_3D('',#13697,#10783,#10784);
#9059=AXIS2_PLACEMENT_3D('',#13698,#10785,#10786);
#9060=AXIS2_PLACEMENT_3D('',#13701,#10788,#10789);
#9061=AXIS2_PLACEMENT_3D('',#13702,#10790,#10791);
#9062=AXIS2_PLACEMENT_3D('',#13703,#10792,#10793);
#9063=AXIS2_PLACEMENT_3D('',#13715,#10796,#10797);
#9064=AXIS2_PLACEMENT_3D('',#13729,#10798,#10799);
#9065=AXIS2_PLACEMENT_3D('',#13730,#10800,#10801);
#9066=AXIS2_PLACEMENT_3D('',#13733,#10803,#10804);
#9067=AXIS2_PLACEMENT_3D('',#13734,#10805,#10806);
#9068=AXIS2_PLACEMENT_3D('',#13737,#10808,#10809);
#9069=AXIS2_PLACEMENT_3D('',#13738,#10810,#10811);
#9070=AXIS2_PLACEMENT_3D('',#13739,#10812,#10813);
#9071=AXIS2_PLACEMENT_3D('',#13741,#10814,#10815);
#9072=AXIS2_PLACEMENT_3D('',#13742,#10816,#10817);
#9073=AXIS2_PLACEMENT_3D('',#13744,#10818,#10819);
#9074=AXIS2_PLACEMENT_3D('',#13747,#10821,#10822);
#9075=AXIS2_PLACEMENT_3D('',#13750,#10824,#10825);
#9076=AXIS2_PLACEMENT_3D('',#13752,#10826,#10827);
#9077=AXIS2_PLACEMENT_3D('',#13753,#10828,#10829);
#9078=AXIS2_PLACEMENT_3D('',#13755,#10830,#10831);
#9079=AXIS2_PLACEMENT_3D('',#13762,#10832,#10833);
#9080=AXIS2_PLACEMENT_3D('',#13763,#10834,#10835);
#9081=AXIS2_PLACEMENT_3D('',#13764,#10836,#10837);
#9082=AXIS2_PLACEMENT_3D('',#13766,#10839,#10840);
#9083=AXIS2_PLACEMENT_3D('',#13767,#10841,#10842);
#9084=AXIS2_PLACEMENT_3D('',#13768,#10843,#10844);
#9085=AXIS2_PLACEMENT_3D('',#13770,#10845,#10846);
#9086=AXIS2_PLACEMENT_3D('',#13771,#10847,#10848);
#9087=AXIS2_PLACEMENT_3D('',#13773,#10849,#10850);
#9088=AXIS2_PLACEMENT_3D('',#13776,#10852,#10853);
#9089=AXIS2_PLACEMENT_3D('',#13779,#10855,#10856);
#9090=AXIS2_PLACEMENT_3D('',#13781,#10857,#10858);
#9091=AXIS2_PLACEMENT_3D('',#13782,#10859,#10860);
#9092=AXIS2_PLACEMENT_3D('',#13784,#10861,#10862);
#9093=AXIS2_PLACEMENT_3D('',#13791,#10863,#10864);
#9094=AXIS2_PLACEMENT_3D('',#13793,#10866,#10867);
#9095=AXIS2_PLACEMENT_3D('',#13794,#10868,#10869);
#9096=AXIS2_PLACEMENT_3D('',#13795,#10870,#10871);
#9097=AXIS2_PLACEMENT_3D('',#13796,#10872,#10873);
#9098=AXIS2_PLACEMENT_3D('',#13798,#10874,#10875);
#9099=AXIS2_PLACEMENT_3D('',#13799,#10876,#10877);
#9100=AXIS2_PLACEMENT_3D('',#13801,#10878,#10879);
#9101=AXIS2_PLACEMENT_3D('',#13804,#10881,#10882);
#9102=AXIS2_PLACEMENT_3D('',#13807,#10884,#10885);
#9103=AXIS2_PLACEMENT_3D('',#13809,#10886,#10887);
#9104=AXIS2_PLACEMENT_3D('',#13810,#10888,#10889);
#9105=AXIS2_PLACEMENT_3D('',#13812,#10890,#10891);
#9106=AXIS2_PLACEMENT_3D('',#13819,#10892,#10893);
#9107=AXIS2_PLACEMENT_3D('',#13820,#10894,#10895);
#9108=AXIS2_PLACEMENT_3D('',#13821,#10896,#10897);
#9109=AXIS2_PLACEMENT_3D('',#13823,#10899,#10900);
#9110=AXIS2_PLACEMENT_3D('',#13824,#10901,#10902);
#9111=AXIS2_PLACEMENT_3D('',#13825,#10903,#10904);
#9112=AXIS2_PLACEMENT_3D('',#13827,#10905,#10906);
#9113=AXIS2_PLACEMENT_3D('',#13828,#10907,#10908);
#9114=AXIS2_PLACEMENT_3D('',#13830,#10909,#10910);
#9115=AXIS2_PLACEMENT_3D('',#13833,#10912,#10913);
#9116=AXIS2_PLACEMENT_3D('',#13836,#10915,#10916);
#9117=AXIS2_PLACEMENT_3D('',#13838,#10917,#10918);
#9118=AXIS2_PLACEMENT_3D('',#13839,#10919,#10920);
#9119=AXIS2_PLACEMENT_3D('',#13841,#10921,#10922);
#9120=AXIS2_PLACEMENT_3D('',#13848,#10923,#10924);
#9121=AXIS2_PLACEMENT_3D('',#13850,#10926,#10927);
#9122=AXIS2_PLACEMENT_3D('',#13851,#10928,#10929);
#9123=AXIS2_PLACEMENT_3D('',#13852,#10930,#10931);
#9124=AXIS2_PLACEMENT_3D('',#13858,#10935,#10936);
#9125=AXIS2_PLACEMENT_3D('',#13861,#10938,#10939);
#9126=AXIS2_PLACEMENT_3D('',#13862,#10940,#10941);
#9127=AXIS2_PLACEMENT_3D('',#13863,#10942,#10943);
#9128=AXIS2_PLACEMENT_3D('',#13864,#10944,#10945);
#9129=AXIS2_PLACEMENT_3D('',#13865,#10946,#10947);
#9130=AXIS2_PLACEMENT_3D('',#13872,#10948,#10949);
#9131=AXIS2_PLACEMENT_3D('',#13875,#10952,#10953);
#9132=AXIS2_PLACEMENT_3D('',#13876,#10954,#10955);
#9133=AXIS2_PLACEMENT_3D('',#13883,#10957,#10958);
#9134=AXIS2_PLACEMENT_3D('',#13886,#10960,#10961);
#9135=AXIS2_PLACEMENT_3D('',#13887,#10962,#10963);
#9136=AXIS2_PLACEMENT_3D('',#13888,#10964,#10965);
#9137=AXIS2_PLACEMENT_3D('',#13891,#10967,#10968);
#9138=AXIS2_PLACEMENT_3D('',#13900,#10974,#10975);
#9139=AXIS2_PLACEMENT_3D('',#13903,#10977,#10978);
#9140=AXIS2_PLACEMENT_3D('',#13904,#10979,#10980);
#9141=AXIS2_PLACEMENT_3D('',#13918,#10981,#10982);
#9142=AXIS2_PLACEMENT_3D('',#13919,#10983,#10984);
#9143=AXIS2_PLACEMENT_3D('',#13920,#10985,#10986);
#9144=AXIS2_PLACEMENT_3D('',#13921,#10987,#10988);
#9145=AXIS2_PLACEMENT_3D('',#13922,#10989,#10990);
#9146=AXIS2_PLACEMENT_3D('',#13938,#10991,#10992);
#9147=AXIS2_PLACEMENT_3D('',#13939,#10993,#10994);
#9148=AXIS2_PLACEMENT_3D('',#13940,#10995,#10996);
#9149=AXIS2_PLACEMENT_3D('',#13941,#10997,#10998);
#9150=AXIS2_PLACEMENT_3D('',#13943,#10999,#11000);
#9151=AXIS2_PLACEMENT_3D('',#13945,#11001,#11002);
#9152=AXIS2_PLACEMENT_3D('',#13946,#11003,#11004);
#9153=AXIS2_PLACEMENT_3D('',#13948,#11005,#11006);
#9154=AXIS2_PLACEMENT_3D('',#13950,#11007,#11008);
#9155=AXIS2_PLACEMENT_3D('',#13951,#11009,#11010);
#9156=AXIS2_PLACEMENT_3D('',#13952,#11011,#11012);
#9157=AXIS2_PLACEMENT_3D('',#13954,#11013,#11014);
#9158=AXIS2_PLACEMENT_3D('',#13955,#11015,#11016);
#9159=AXIS2_PLACEMENT_3D('',#13957,#11017,#11018);
#9160=AXIS2_PLACEMENT_3D('',#13959,#11019,#11020);
#9161=AXIS2_PLACEMENT_3D('',#13960,#11021,#11022);
#9162=AXIS2_PLACEMENT_3D('',#13962,#11023,#11024);
#9163=AXIS2_PLACEMENT_3D('',#13964,#11025,#11026);
#9164=AXIS2_PLACEMENT_3D('',#13965,#11027,#11028);
#9165=AXIS2_PLACEMENT_3D('',#13966,#11029,#11030);
#9166=AXIS2_PLACEMENT_3D('',#13968,#11031,#11032);
#9167=AXIS2_PLACEMENT_3D('',#13970,#11033,#11034);
#9168=AXIS2_PLACEMENT_3D('',#13971,#11035,#11036);
#9169=AXIS2_PLACEMENT_3D('',#13973,#11037,#11038);
#9170=AXIS2_PLACEMENT_3D('',#13974,#11039,#11040);
#9171=AXIS2_PLACEMENT_3D('',#13976,#11041,#11042);
#9172=AXIS2_PLACEMENT_3D('',#13978,#11043,#11044);
#9173=AXIS2_PLACEMENT_3D('',#13979,#11045,#11046);
#9174=AXIS2_PLACEMENT_3D('',#13980,#11047,#11048);
#9175=AXIS2_PLACEMENT_3D('',#13982,#11049,#11050);
#9176=AXIS2_PLACEMENT_3D('',#13984,#11051,#11052);
#9177=AXIS2_PLACEMENT_3D('',#13985,#11053,#11054);
#9178=AXIS2_PLACEMENT_3D('',#13986,#11055,#11056);
#9179=AXIS2_PLACEMENT_3D('',#13987,#11057,#11058);
#9180=AXIS2_PLACEMENT_3D('',#13988,#11059,#11060);
#9181=AXIS2_PLACEMENT_3D('',#13989,#11061,#11062);
#9182=AXIS2_PLACEMENT_3D('',#13990,#11063,#11064);
#9183=AXIS2_PLACEMENT_3D('',#13992,#11065,#11066);
#9184=AXIS2_PLACEMENT_3D('',#13994,#11067,#11068);
#9185=AXIS2_PLACEMENT_3D('',#13995,#11069,#11070);
#9186=AXIS2_PLACEMENT_3D('',#13997,#11071,#11072);
#9187=AXIS2_PLACEMENT_3D('',#13999,#11073,#11074);
#9188=AXIS2_PLACEMENT_3D('',#14000,#11075,#11076);
#9189=AXIS2_PLACEMENT_3D('',#14001,#11077,#11078);
#9190=AXIS2_PLACEMENT_3D('',#14003,#11079,#11080);
#9191=AXIS2_PLACEMENT_3D('',#14004,#11081,#11082);
#9192=AXIS2_PLACEMENT_3D('',#14006,#11083,#11084);
#9193=AXIS2_PLACEMENT_3D('',#14008,#11085,#11086);
#9194=AXIS2_PLACEMENT_3D('',#14009,#11087,#11088);
#9195=AXIS2_PLACEMENT_3D('',#14011,#11089,#11090);
#9196=AXIS2_PLACEMENT_3D('',#14013,#11091,#11092);
#9197=AXIS2_PLACEMENT_3D('',#14014,#11093,#11094);
#9198=AXIS2_PLACEMENT_3D('',#14015,#11095,#11096);
#9199=AXIS2_PLACEMENT_3D('',#14017,#11097,#11098);
#9200=AXIS2_PLACEMENT_3D('',#14019,#11099,#11100);
#9201=AXIS2_PLACEMENT_3D('',#14020,#11101,#11102);
#9202=AXIS2_PLACEMENT_3D('',#14022,#11103,#11104);
#9203=AXIS2_PLACEMENT_3D('',#14023,#11105,#11106);
#9204=AXIS2_PLACEMENT_3D('',#14025,#11107,#11108);
#9205=AXIS2_PLACEMENT_3D('',#14027,#11109,#11110);
#9206=AXIS2_PLACEMENT_3D('',#14028,#11111,#11112);
#9207=AXIS2_PLACEMENT_3D('',#14029,#11113,#11114);
#9208=AXIS2_PLACEMENT_3D('',#14031,#11115,#11116);
#9209=AXIS2_PLACEMENT_3D('',#14033,#11117,#11118);
#9210=AXIS2_PLACEMENT_3D('',#14034,#11119,#11120);
#9211=AXIS2_PLACEMENT_3D('',#14035,#11121,#11122);
#9212=AXIS2_PLACEMENT_3D('',#14036,#11123,#11124);
#9213=AXIS2_PLACEMENT_3D('',#14037,#11125,#11126);
#9214=AXIS2_PLACEMENT_3D('',#14038,#11127,#11128);
#9215=AXIS2_PLACEMENT_3D('',#14039,#11129,#11130);
#9216=AXIS2_PLACEMENT_3D('',#14041,#11131,#11132);
#9217=AXIS2_PLACEMENT_3D('',#14043,#11133,#11134);
#9218=AXIS2_PLACEMENT_3D('',#14044,#11135,#11136);
#9219=AXIS2_PLACEMENT_3D('',#14046,#11137,#11138);
#9220=AXIS2_PLACEMENT_3D('',#14048,#11139,#11140);
#9221=AXIS2_PLACEMENT_3D('',#14049,#11141,#11142);
#9222=AXIS2_PLACEMENT_3D('',#14050,#11143,#11144);
#9223=AXIS2_PLACEMENT_3D('',#14052,#11145,#11146);
#9224=AXIS2_PLACEMENT_3D('',#14053,#11147,#11148);
#9225=AXIS2_PLACEMENT_3D('',#14055,#11149,#11150);
#9226=AXIS2_PLACEMENT_3D('',#14057,#11151,#11152);
#9227=AXIS2_PLACEMENT_3D('',#14058,#11153,#11154);
#9228=AXIS2_PLACEMENT_3D('',#14060,#11155,#11156);
#9229=AXIS2_PLACEMENT_3D('',#14062,#11157,#11158);
#9230=AXIS2_PLACEMENT_3D('',#14063,#11159,#11160);
#9231=AXIS2_PLACEMENT_3D('',#14064,#11161,#11162);
#9232=AXIS2_PLACEMENT_3D('',#14066,#11163,#11164);
#9233=AXIS2_PLACEMENT_3D('',#14068,#11165,#11166);
#9234=AXIS2_PLACEMENT_3D('',#14069,#11167,#11168);
#9235=AXIS2_PLACEMENT_3D('',#14071,#11169,#11170);
#9236=AXIS2_PLACEMENT_3D('',#14072,#11171,#11172);
#9237=AXIS2_PLACEMENT_3D('',#14074,#11173,#11174);
#9238=AXIS2_PLACEMENT_3D('',#14076,#11175,#11176);
#9239=AXIS2_PLACEMENT_3D('',#14077,#11177,#11178);
#9240=AXIS2_PLACEMENT_3D('',#14078,#11179,#11180);
#9241=AXIS2_PLACEMENT_3D('',#14080,#11181,#11182);
#9242=AXIS2_PLACEMENT_3D('',#14082,#11183,#11184);
#9243=AXIS2_PLACEMENT_3D('',#14083,#11185,#11186);
#9244=AXIS2_PLACEMENT_3D('',#14084,#11187,#11188);
#9245=AXIS2_PLACEMENT_3D('',#14085,#11189,#11190);
#9246=AXIS2_PLACEMENT_3D('',#14086,#11191,#11192);
#9247=AXIS2_PLACEMENT_3D('',#14087,#11193,#11194);
#9248=AXIS2_PLACEMENT_3D('',#14088,#11195,#11196);
#9249=AXIS2_PLACEMENT_3D('',#14109,#11197,#11198);
#9250=AXIS2_PLACEMENT_3D('',#14110,#11199,#11200);
#9251=AXIS2_PLACEMENT_3D('',#14131,#11201,#11202);
#9252=AXIS2_PLACEMENT_3D('',#14132,#11203,#11204);
#9253=AXIS2_PLACEMENT_3D('',#14153,#11205,#11206);
#9254=AXIS2_PLACEMENT_3D('',#14154,#11207,#11208);
#9255=AXIS2_PLACEMENT_3D('',#14175,#11209,#11210);
#9256=AXIS2_PLACEMENT_3D('',#14176,#11211,#11212);
#9257=AXIS2_PLACEMENT_3D('',#14181,#11214,#11215);
#9258=AXIS2_PLACEMENT_3D('',#14184,#11217,#11218);
#9259=AXIS2_PLACEMENT_3D('',#14190,#11222,#11223);
#9260=AXIS2_PLACEMENT_3D('',#14191,#11224,#11225);
#9261=AXIS2_PLACEMENT_3D('',#14193,#11226,#11227);
#9262=AXIS2_PLACEMENT_3D('',#14196,#11229,#11230);
#9263=AXIS2_PLACEMENT_3D('',#14202,#11234,#11235);
#9264=AXIS2_PLACEMENT_3D('',#14203,#11236,#11237);
#9265=AXIS2_PLACEMENT_3D('',#14207,#11239,#11240);
#9266=AXIS2_PLACEMENT_3D('',#14209,#11241,#11242);
#9267=AXIS2_PLACEMENT_3D('',#14213,#11244,#11245);
#9268=AXIS2_PLACEMENT_3D('',#14217,#11247,#11248);
#9269=AXIS2_PLACEMENT_3D('',#14219,#11249,#11250);
#9270=AXIS2_PLACEMENT_3D('',#14225,#11253,#11254);
#9271=AXIS2_PLACEMENT_3D('',#14227,#11255,#11256);
#9272=AXIS2_PLACEMENT_3D('',#14231,#11258,#11259);
#9273=AXIS2_PLACEMENT_3D('',#14235,#11261,#11262);
#9274=AXIS2_PLACEMENT_3D('',#14239,#11264,#11265);
#9275=AXIS2_PLACEMENT_3D('',#14241,#11266,#11267);
#9276=AXIS2_PLACEMENT_3D('',#14245,#11269,#11270);
#9277=AXIS2_PLACEMENT_3D('',#14249,#11272,#11273);
#9278=AXIS2_PLACEMENT_3D('',#14253,#11275,#11276);
#9279=AXIS2_PLACEMENT_3D('',#14255,#11277,#11278);
#9280=AXIS2_PLACEMENT_3D('',#14259,#11280,#11281);
#9281=AXIS2_PLACEMENT_3D('',#14263,#11283,#11284);
#9282=AXIS2_PLACEMENT_3D('',#14267,#11286,#11287);
#9283=AXIS2_PLACEMENT_3D('',#14271,#11289,#11290);
#9284=AXIS2_PLACEMENT_3D('',#14272,#11291,#11292);
#9285=AXIS2_PLACEMENT_3D('',#14274,#11293,#11294);
#9286=AXIS2_PLACEMENT_3D('',#14276,#11295,#11296);
#9287=AXIS2_PLACEMENT_3D('',#14278,#11297,#11298);
#9288=AXIS2_PLACEMENT_3D('',#14280,#11299,#11300);
#9289=AXIS2_PLACEMENT_3D('',#14282,#11301,#11302);
#9290=AXIS2_PLACEMENT_3D('',#14283,#11303,#11304);
#9291=AXIS2_PLACEMENT_3D('',#14286,#11306,#11307);
#9292=AXIS2_PLACEMENT_3D('',#14287,#11308,#11309);
#9293=AXIS2_PLACEMENT_3D('',#14289,#11310,#11311);
#9294=AXIS2_PLACEMENT_3D('',#14291,#11312,#11313);
#9295=AXIS2_PLACEMENT_3D('',#14293,#11314,#11315);
#9296=AXIS2_PLACEMENT_3D('',#14295,#11316,#11317);
#9297=AXIS2_PLACEMENT_3D('',#14297,#11318,#11319);
#9298=AXIS2_PLACEMENT_3D('',#14301,#11321,#11322);
#9299=AXIS2_PLACEMENT_3D('',#14305,#11324,#11325);
#9300=AXIS2_PLACEMENT_3D('',#14309,#11327,#11328);
#9301=AXIS2_PLACEMENT_3D('',#14311,#11329,#11330);
#9302=AXIS2_PLACEMENT_3D('',#14313,#11331,#11332);
#9303=AXIS2_PLACEMENT_3D('',#14317,#11334,#11335);
#9304=AXIS2_PLACEMENT_3D('',#14321,#11337,#11338);
#9305=AXIS2_PLACEMENT_3D('',#14323,#11339,#11340);
#9306=AXIS2_PLACEMENT_3D('',#14327,#11342,#11343);
#9307=AXIS2_PLACEMENT_3D('',#14329,#11344,#11345);
#9308=AXIS2_PLACEMENT_3D('',#14331,#11346,#11347);
#9309=AXIS2_PLACEMENT_3D('',#14333,#11348,#11349);
#9310=AXIS2_PLACEMENT_3D('',#14335,#11350,#11351);
#9311=AXIS2_PLACEMENT_3D('',#14338,#11353,#11354);
#9312=AXIS2_PLACEMENT_3D('',#14340,#11355,#11356);
#9313=AXIS2_PLACEMENT_3D('',#14342,#11357,#11358);
#9314=AXIS2_PLACEMENT_3D('',#14344,#11360,#11361);
#9315=AXIS2_PLACEMENT_3D('',#14346,#11363,#11364);
#9316=AXIS2_PLACEMENT_3D('',#14349,#11367,#11368);
#9317=AXIS2_PLACEMENT_3D('',#14351,#11370,#11371);
#9318=AXIS2_PLACEMENT_3D('',#14353,#11373,#11374);
#9319=AXIS2_PLACEMENT_3D('',#14355,#11376,#11377);
#9320=AXIS2_PLACEMENT_3D('',#14358,#11380,#11381);
#9321=AXIS2_PLACEMENT_3D('',#14360,#11383,#11384);
#9322=AXIS2_PLACEMENT_3D('',#14361,#11385,#11386);
#9323=AXIS2_PLACEMENT_3D('',#14362,#11387,#11388);
#9324=AXIS2_PLACEMENT_3D('',#14364,#11390,#11391);
#9325=AXIS2_PLACEMENT_3D('',#14366,#11393,#11394);
#9326=AXIS2_PLACEMENT_3D('',#14367,#11395,#11396);
#9327=AXIS2_PLACEMENT_3D('',#14369,#11398,#11399);
#9328=AXIS2_PLACEMENT_3D('',#14371,#11401,#11402);
#9329=AXIS2_PLACEMENT_3D('',#14372,#11403,#11404);
#9330=AXIS2_PLACEMENT_3D('',#14374,#11405,#11406);
#9331=AXIS2_PLACEMENT_3D('',#14375,#11407,#11408);
#9332=AXIS2_PLACEMENT_3D('',#14377,#11409,#11410);
#9333=AXIS2_PLACEMENT_3D('',#14378,#11411,#11412);
#9334=AXIS2_PLACEMENT_3D('',#14380,#11413,#11414);
#9335=AXIS2_PLACEMENT_3D('',#14386,#11418,#11419);
#9336=AXIS2_PLACEMENT_3D('',#14387,#11420,#11421);
#9337=AXIS2_PLACEMENT_3D('',#14390,#11423,#11424);
#9338=AXIS2_PLACEMENT_3D('',#14394,#11426,#11427);
#9339=AXIS2_PLACEMENT_3D('',#14395,#11428,#11429);
#9340=AXIS2_PLACEMENT_3D('',#14396,#11430,#11431);
#9341=AXIS2_PLACEMENT_3D('',#14397,#11432,#11433);
#9342=AXIS2_PLACEMENT_3D('',#14400,#11435,#11436);
#9343=AXIS2_PLACEMENT_3D('',#14420,#11447,#11448);
#9344=AXIS2_PLACEMENT_3D('',#14423,#11450,#11451);
#9345=AXIS2_PLACEMENT_3D('',#14424,#11452,#11453);
#9346=AXIS2_PLACEMENT_3D('',#14426,#11454,#11455);
#9347=AXIS2_PLACEMENT_3D('',#14430,#11457,#11458);
#9348=AXIS2_PLACEMENT_3D('',#14432,#11459,#11460);
#9349=AXIS2_PLACEMENT_3D('',#14433,#11461,#11462);
#9350=AXIS2_PLACEMENT_3D('',#14434,#11463,#11464);
#9351=AXIS2_PLACEMENT_3D('',#14439,#11467,#11468);
#9352=AXIS2_PLACEMENT_3D('',#14440,#11469,#11470);
#9353=AXIS2_PLACEMENT_3D('',#14442,#11471,#11472);
#9354=AXIS2_PLACEMENT_3D('',#14445,#11474,#11475);
#9355=AXIS2_PLACEMENT_3D('',#14490,#11478,#11479);
#9356=AXIS2_PLACEMENT_3D('',#14493,#11480,#11481);
#9357=AXIS2_PLACEMENT_3D('',#14495,#11482,#11483);
#9358=AXIS2_PLACEMENT_3D('',#14497,#11484,#11485);
#9359=AXIS2_PLACEMENT_3D('',#14498,#11486,#11487);
#9360=AXIS2_PLACEMENT_3D('',#14501,#11490,#11491);
#9361=AXIS2_PLACEMENT_3D('',#14504,#11493,#11494);
#9362=AXIS2_PLACEMENT_3D('',#14507,#11496,#11497);
#9363=AXIS2_PLACEMENT_3D('',#14510,#11500,#11501);
#9364=AXIS2_PLACEMENT_3D('',#14511,#11502,#11503);
#9365=AXIS2_PLACEMENT_3D('',#14512,#11504,#11505);
#9366=AXIS2_PLACEMENT_3D('',#14513,#11506,#11507);
#9367=AXIS2_PLACEMENT_3D('',#14514,#11508,#11509);
#9368=AXIS2_PLACEMENT_3D('',#14515,#11510,#11511);
#9369=AXIS2_PLACEMENT_3D('',#14516,#11512,#11513);
#9370=AXIS2_PLACEMENT_3D('',#14518,#11515,#11516);
#9371=AXIS2_PLACEMENT_3D('',#14521,#11518,#11519);
#9372=AXIS2_PLACEMENT_3D('',#14527,#11524,#11525);
#9373=AXIS2_PLACEMENT_3D('',#14529,#11527,#11528);
#9374=AXIS2_PLACEMENT_3D('',#14531,#11530,#11531);
#9375=AXIS2_PLACEMENT_3D('',#14532,#11532,#11533);
#9376=AXIS2_PLACEMENT_3D('',#14544,#11536,#11537);
#9377=AXIS2_PLACEMENT_3D('',#14545,#11538,#11539);
#9378=AXIS2_PLACEMENT_3D('',#14547,#11540,#11541);
#9379=AXIS2_PLACEMENT_3D('',#14549,#11542,#11543);
#9380=AXIS2_PLACEMENT_3D('',#14562,#11547,#11548);
#9381=AXIS2_PLACEMENT_3D('',#14563,#11549,#11550);
#9382=AXIS2_PLACEMENT_3D('',#14564,#11551,#11552);
#9383=AXIS2_PLACEMENT_3D('',#14565,#11553,#11554);
#9384=AXIS2_PLACEMENT_3D('',#14567,#11555,#11556);
#9385=AXIS2_PLACEMENT_3D('',#14568,#11557,#11558);
#9386=AXIS2_PLACEMENT_3D('',#14570,#11559,#11560);
#9387=AXIS2_PLACEMENT_3D('',#14572,#11561,#11562);
#9388=AXIS2_PLACEMENT_3D('',#14573,#11563,#11564);
#9389=AXIS2_PLACEMENT_3D('',#14574,#11565,#11566);
#9390=AXIS2_PLACEMENT_3D('',#14576,#11567,#11568);
#9391=AXIS2_PLACEMENT_3D('',#14577,#11569,#11570);
#9392=AXIS2_PLACEMENT_3D('',#14580,#11573,#11574);
#9393=AXIS2_PLACEMENT_3D('',#14592,#11577,#11578);
#9394=AXIS2_PLACEMENT_3D('',#14593,#11579,#11580);
#9395=AXIS2_PLACEMENT_3D('',#14595,#11581,#11582);
#9396=AXIS2_PLACEMENT_3D('',#14597,#11583,#11584);
#9397=AXIS2_PLACEMENT_3D('',#14609,#11587,#11588);
#9398=AXIS2_PLACEMENT_3D('',#14610,#11589,#11590);
#9399=AXIS2_PLACEMENT_3D('',#14611,#11591,#11592);
#9400=AXIS2_PLACEMENT_3D('',#14612,#11593,#11594);
#9401=AXIS2_PLACEMENT_3D('',#14614,#11595,#11596);
#9402=AXIS2_PLACEMENT_3D('',#14615,#11597,#11598);
#9403=AXIS2_PLACEMENT_3D('',#14617,#11599,#11600);
#9404=AXIS2_PLACEMENT_3D('',#14619,#11601,#11602);
#9405=AXIS2_PLACEMENT_3D('',#14620,#11603,#11604);
#9406=AXIS2_PLACEMENT_3D('',#14621,#11605,#11606);
#9407=AXIS2_PLACEMENT_3D('',#14623,#11607,#11608);
#9408=AXIS2_PLACEMENT_3D('',#14624,#11609,#11610);
#9409=AXIS2_PLACEMENT_3D('',#14636,#11613,#11614);
#9410=AXIS2_PLACEMENT_3D('',#14637,#11615,#11616);
#9411=AXIS2_PLACEMENT_3D('',#14639,#11617,#11618);
#9412=AXIS2_PLACEMENT_3D('',#14641,#11619,#11620);
#9413=AXIS2_PLACEMENT_3D('',#14653,#11623,#11624);
#9414=AXIS2_PLACEMENT_3D('',#14654,#11625,#11626);
#9415=AXIS2_PLACEMENT_3D('',#14655,#11627,#11628);
#9416=AXIS2_PLACEMENT_3D('',#14656,#11629,#11630);
#9417=AXIS2_PLACEMENT_3D('',#14658,#11631,#11632);
#9418=AXIS2_PLACEMENT_3D('',#14659,#11633,#11634);
#9419=AXIS2_PLACEMENT_3D('',#14661,#11635,#11636);
#9420=AXIS2_PLACEMENT_3D('',#14663,#11637,#11638);
#9421=AXIS2_PLACEMENT_3D('',#14664,#11639,#11640);
#9422=AXIS2_PLACEMENT_3D('',#14665,#11641,#11642);
#9423=AXIS2_PLACEMENT_3D('',#14667,#11643,#11644);
#9424=AXIS2_PLACEMENT_3D('',#14668,#11645,#11646);
#9425=AXIS2_PLACEMENT_3D('',#14670,#11648,#11649);
#9426=AXIS2_PLACEMENT_3D('',#14682,#11652,#11653);
#9427=AXIS2_PLACEMENT_3D('',#14683,#11654,#11655);
#9428=AXIS2_PLACEMENT_3D('',#14685,#11656,#11657);
#9429=AXIS2_PLACEMENT_3D('',#14687,#11658,#11659);
#9430=AXIS2_PLACEMENT_3D('',#14699,#11662,#11663);
#9431=AXIS2_PLACEMENT_3D('',#14700,#11664,#11665);
#9432=AXIS2_PLACEMENT_3D('',#14701,#11666,#11667);
#9433=AXIS2_PLACEMENT_3D('',#14702,#11668,#11669);
#9434=AXIS2_PLACEMENT_3D('',#14704,#11670,#11671);
#9435=AXIS2_PLACEMENT_3D('',#14705,#11672,#11673);
#9436=AXIS2_PLACEMENT_3D('',#14707,#11674,#11675);
#9437=AXIS2_PLACEMENT_3D('',#14709,#11676,#11677);
#9438=AXIS2_PLACEMENT_3D('',#14710,#11678,#11679);
#9439=AXIS2_PLACEMENT_3D('',#14711,#11680,#11681);
#9440=AXIS2_PLACEMENT_3D('',#14713,#11682,#11683);
#9441=AXIS2_PLACEMENT_3D('',#14714,#11684,#11685);
#9442=AXIS2_PLACEMENT_3D('',#14722,#11687,#11688);
#9443=AXIS2_PLACEMENT_3D('',#14725,#11690,#11691);
#9444=AXIS2_PLACEMENT_3D('',#14726,#11692,#11693);
#9445=AXIS2_PLACEMENT_3D('',#14732,#11694,#11695);
#9446=AXIS2_PLACEMENT_3D('',#14733,#11696,#11697);
#9447=AXIS2_PLACEMENT_3D('',#14741,#11699,#11700);
#9448=AXIS2_PLACEMENT_3D('',#14744,#11702,#11703);
#9449=AXIS2_PLACEMENT_3D('',#14745,#11704,#11705);
#9450=AXIS2_PLACEMENT_3D('',#14751,#11706,#11707);
#9451=AXIS2_PLACEMENT_3D('',#14752,#11708,#11709);
#9452=AXIS2_PLACEMENT_3D('',#14760,#11711,#11712);
#9453=AXIS2_PLACEMENT_3D('',#14763,#11714,#11715);
#9454=AXIS2_PLACEMENT_3D('',#14764,#11716,#11717);
#9455=AXIS2_PLACEMENT_3D('',#14770,#11718,#11719);
#9456=AXIS2_PLACEMENT_3D('',#14771,#11720,#11721);
#9457=AXIS2_PLACEMENT_3D('',#14779,#11723,#11724);
#9458=AXIS2_PLACEMENT_3D('',#14782,#11726,#11727);
#9459=AXIS2_PLACEMENT_3D('',#14783,#11728,#11729);
#9460=AXIS2_PLACEMENT_3D('',#14789,#11730,#11731);
#9461=AXIS2_PLACEMENT_3D('',#14790,#11732,#11733);
#9462=AXIS2_PLACEMENT_3D('',#14791,#11734,#11735);
#9463=AXIS2_PLACEMENT_3D('',#14792,#11736,#11737);
#9464=AXIS2_PLACEMENT_3D('',#14793,#11738,#11739);
#9465=AXIS2_PLACEMENT_3D('',#14794,#11740,#11741);
#9466=AXIS2_PLACEMENT_3D('',#14795,#11742,#11743);
#9467=AXIS2_PLACEMENT_3D('',#14796,#11744,#11745);
#9468=AXIS2_PLACEMENT_3D('',#14797,#11746,#11747);
#9469=AXIS2_PLACEMENT_3D('',#14798,#11748,#11749);
#9470=AXIS2_PLACEMENT_3D('',#14799,#11750,#11751);
#9471=AXIS2_PLACEMENT_3D('',#14800,#11752,#11753);
#9472=AXIS2_PLACEMENT_3D('',#14801,#11754,#11755);
#9473=AXIS2_PLACEMENT_3D('',#14802,#11756,#11757);
#9474=AXIS2_PLACEMENT_3D('',#14823,#11758,#11759);
#9475=AXIS2_PLACEMENT_3D('',#14824,#11760,#11761);
#9476=AXIS2_PLACEMENT_3D('',#14845,#11762,#11763);
#9477=AXIS2_PLACEMENT_3D('',#14846,#11764,#11765);
#9478=AXIS2_PLACEMENT_3D('',#14867,#11766,#11767);
#9479=AXIS2_PLACEMENT_3D('',#14868,#11768,#11769);
#9480=AXIS2_PLACEMENT_3D('',#14889,#11770,#11771);
#9481=AXIS2_PLACEMENT_3D('',#14890,#11772,#11773);
#9482=AXIS2_PLACEMENT_3D('',#14895,#11775,#11776);
#9483=AXIS2_PLACEMENT_3D('',#14898,#11778,#11779);
#9484=AXIS2_PLACEMENT_3D('',#14901,#11781,#11782);
#9485=AXIS2_PLACEMENT_3D('',#14905,#11784,#11785);
#9486=AXIS2_PLACEMENT_3D('',#14907,#11786,#11787);
#9487=AXIS2_PLACEMENT_3D('',#14909,#11788,#11789);
#9488=AXIS2_PLACEMENT_3D('',#14911,#11790,#11791);
#9489=AXIS2_PLACEMENT_3D('',#14913,#11792,#11793);
#9490=AXIS2_PLACEMENT_3D('',#14915,#11794,#11795);
#9491=AXIS2_PLACEMENT_3D('',#14917,#11796,#11797);
#9492=AXIS2_PLACEMENT_3D('',#14921,#11799,#11800);
#9493=AXIS2_PLACEMENT_3D('',#14925,#11802,#11803);
#9494=AXIS2_PLACEMENT_3D('',#14929,#11805,#11806);
#9495=AXIS2_PLACEMENT_3D('',#14931,#11807,#11808);
#9496=AXIS2_PLACEMENT_3D('',#14933,#11809,#11810);
#9497=AXIS2_PLACEMENT_3D('',#14935,#11811,#11812);
#9498=AXIS2_PLACEMENT_3D('',#14937,#11813,#11814);
#9499=AXIS2_PLACEMENT_3D('',#14941,#11816,#11817);
#9500=AXIS2_PLACEMENT_3D('',#14943,#11818,#11819);
#9501=AXIS2_PLACEMENT_3D('',#14947,#11821,#11822);
#9502=AXIS2_PLACEMENT_3D('',#14951,#11824,#11825);
#9503=AXIS2_PLACEMENT_3D('',#14953,#11826,#11827);
#9504=AXIS2_PLACEMENT_3D('',#14955,#11828,#11829);
#9505=AXIS2_PLACEMENT_3D('',#14958,#11831,#11832);
#9506=AXIS2_PLACEMENT_3D('',#14960,#11833,#11834);
#9507=AXIS2_PLACEMENT_3D('',#14962,#11835,#11836);
#9508=AXIS2_PLACEMENT_3D('',#14966,#11839,#11840);
#9509=AXIS2_PLACEMENT_3D('',#14969,#11842,#11843);
#9510=AXIS2_PLACEMENT_3D('',#14970,#11844,#11845);
#9511=AXIS2_PLACEMENT_3D('',#14971,#11846,#11847);
#9512=AXIS2_PLACEMENT_3D('',#14976,#11850,#11851);
#9513=AXIS2_PLACEMENT_3D('',#14980,#11854,#11855);
#9514=AXIS2_PLACEMENT_3D('',#14981,#11856,#11857);
#9515=AXIS2_PLACEMENT_3D('',#14984,#11859,#11860);
#9516=AXIS2_PLACEMENT_3D('',#14985,#11861,#11862);
#9517=AXIS2_PLACEMENT_3D('',#14990,#11865,#11866);
#9518=AXIS2_PLACEMENT_3D('',#14994,#11869,#11870);
#9519=AXIS2_PLACEMENT_3D('',#14997,#11872,#11873);
#9520=AXIS2_PLACEMENT_3D('',#15000,#11875,#11876);
#9521=AXIS2_PLACEMENT_3D('',#15004,#11879,#11880);
#9522=AXIS2_PLACEMENT_3D('',#15005,#11881,#11882);
#9523=AXIS2_PLACEMENT_3D('',#15008,#11884,#11885);
#9524=AXIS2_PLACEMENT_3D('',#15009,#11886,#11887);
#9525=AXIS2_PLACEMENT_3D('',#15012,#11889,#11890);
#9526=AXIS2_PLACEMENT_3D('',#15013,#11891,#11892);
#9527=AXIS2_PLACEMENT_3D('',#15015,#11893,#11894);
#9528=AXIS2_PLACEMENT_3D('',#15017,#11896,#11897);
#9529=AXIS2_PLACEMENT_3D('',#15018,#11898,#11899);
#9530=AXIS2_PLACEMENT_3D('',#15021,#11901,#11902);
#9531=AXIS2_PLACEMENT_3D('',#15022,#11903,#11904);
#9532=AXIS2_PLACEMENT_3D('',#15024,#11905,#11906);
#9533=AXIS2_PLACEMENT_3D('',#15026,#11908,#11909);
#9534=AXIS2_PLACEMENT_3D('',#15027,#11910,#11911);
#9535=AXIS2_PLACEMENT_3D('',#15030,#11913,#11914);
#9536=AXIS2_PLACEMENT_3D('',#15031,#11915,#11916);
#9537=AXIS2_PLACEMENT_3D('',#15033,#11917,#11918);
#9538=AXIS2_PLACEMENT_3D('',#15035,#11919,#11920);
#9539=AXIS2_PLACEMENT_3D('',#15036,#11921,#11922);
#9540=AXIS2_PLACEMENT_3D('',#15038,#11923,#11924);
#9541=AXIS2_PLACEMENT_3D('',#15040,#11925,#11926);
#9542=AXIS2_PLACEMENT_3D('',#15041,#11927,#11928);
#9543=AXIS2_PLACEMENT_3D('',#15043,#11929,#11930);
#9544=AXIS2_PLACEMENT_3D('',#15045,#11931,#11932);
#9545=AXIS2_PLACEMENT_3D('',#15048,#11934,#11935);
#9546=AXIS2_PLACEMENT_3D('',#15051,#11937,#11938);
#9547=AXIS2_PLACEMENT_3D('',#15055,#11941,#11942);
#9548=AXIS2_PLACEMENT_3D('',#15059,#11944,#11945);
#9549=AXIS2_PLACEMENT_3D('',#15060,#11946,#11947);
#9550=AXIS2_PLACEMENT_3D('',#15061,#11948,#11949);
#9551=AXIS2_PLACEMENT_3D('',#15064,#11951,#11952);
#9552=AXIS2_PLACEMENT_3D('',#15065,#11953,#11954);
#9553=AXIS2_PLACEMENT_3D('',#15068,#11956,#11957);
#9554=AXIS2_PLACEMENT_3D('',#15083,#11965,#11966);
#9555=AXIS2_PLACEMENT_3D('',#15084,#11967,#11968);
#9556=AXIS2_PLACEMENT_3D('',#15087,#11970,#11971);
#9557=AXIS2_PLACEMENT_3D('',#15088,#11972,#11973);
#9558=AXIS2_PLACEMENT_3D('',#15093,#11975,#11976);
#9559=AXIS2_PLACEMENT_3D('',#15096,#11978,#11979);
#9560=AXIS2_PLACEMENT_3D('',#15097,#11980,#11981);
#9561=AXIS2_PLACEMENT_3D('',#15099,#11982,#11983);
#9562=AXIS2_PLACEMENT_3D('',#15102,#11985,#11986);
#9563=AXIS2_PLACEMENT_3D('',#15103,#11987,#11988);
#9564=AXIS2_PLACEMENT_3D('',#15106,#11990,#11991);
#9565=AXIS2_PLACEMENT_3D('',#15109,#11993,#11994);
#9566=AXIS2_PLACEMENT_3D('',#15110,#11995,#11996);
#9567=AXIS2_PLACEMENT_3D('',#15111,#11997,#11998);
#9568=AXIS2_PLACEMENT_3D('',#15114,#12000,#12001);
#9569=AXIS2_PLACEMENT_3D('',#15132,#12003,#12004);
#9570=AXIS2_PLACEMENT_3D('',#15135,#12005,#12006);
#9571=AXIS2_PLACEMENT_3D('',#15136,#12007,#12008);
#9572=AXIS2_PLACEMENT_3D('',#15137,#12009,#12010);
#9573=AXIS2_PLACEMENT_3D('',#15140,#12013,#12014);
#9574=AXIS2_PLACEMENT_3D('',#15144,#12016,#12017);
#9575=AXIS2_PLACEMENT_3D('',#15148,#12019,#12020);
#9576=AXIS2_PLACEMENT_3D('',#15149,#12021,#12022);
#9577=AXIS2_PLACEMENT_3D('',#15150,#12023,#12024);
#9578=AXIS2_PLACEMENT_3D('',#15151,#12025,#12026);
#9579=AXIS2_PLACEMENT_3D('',#15152,#12027,#12028);
#9580=AXIS2_PLACEMENT_3D('',#15160,#12033,#12034);
#9581=AXIS2_PLACEMENT_3D('',#15162,#12036,#12037);
#9582=AXIS2_PLACEMENT_3D('',#15163,#12038,#12039);
#9583=AXIS2_PLACEMENT_3D('',#15164,#12040,#12041);
#9584=AXIS2_PLACEMENT_3D('',#15166,#12043,#12044);
#9585=AXIS2_PLACEMENT_3D('',#15169,#12046,#12047);
#9586=AXIS2_PLACEMENT_3D('',#15172,#12049,#12050);
#9587=AXIS2_PLACEMENT_3D('',#15186,#12054,#12055);
#9588=AXIS2_PLACEMENT_3D('',#15187,#12056,#12057);
#9589=AXIS2_PLACEMENT_3D('',#15189,#12058,#12059);
#9590=AXIS2_PLACEMENT_3D('',#15191,#12060,#12061);
#9591=AXIS2_PLACEMENT_3D('',#15205,#12065,#12066);
#9592=AXIS2_PLACEMENT_3D('',#15206,#12067,#12068);
#9593=AXIS2_PLACEMENT_3D('',#15207,#12069,#12070);
#9594=AXIS2_PLACEMENT_3D('',#15208,#12071,#12072);
#9595=AXIS2_PLACEMENT_3D('',#15209,#12073,#12074);
#9596=AXIS2_PLACEMENT_3D('',#15211,#12075,#12076);
#9597=AXIS2_PLACEMENT_3D('',#15212,#12077,#12078);
#9598=AXIS2_PLACEMENT_3D('',#15214,#12079,#12080);
#9599=AXIS2_PLACEMENT_3D('',#15216,#12081,#12082);
#9600=AXIS2_PLACEMENT_3D('',#15217,#12083,#12084);
#9601=AXIS2_PLACEMENT_3D('',#15218,#12085,#12086);
#9602=AXIS2_PLACEMENT_3D('',#15220,#12087,#12088);
#9603=AXIS2_PLACEMENT_3D('',#15221,#12089,#12090);
#9604=AXIS2_PLACEMENT_3D('',#15224,#12092,#12093);
#9605=AXIS2_PLACEMENT_3D('',#15225,#12094,#12095);
#9606=AXIS2_PLACEMENT_3D('',#15239,#12099,#12100);
#9607=AXIS2_PLACEMENT_3D('',#15240,#12101,#12102);
#9608=AXIS2_PLACEMENT_3D('',#15242,#12103,#12104);
#9609=AXIS2_PLACEMENT_3D('',#15244,#12105,#12106);
#9610=AXIS2_PLACEMENT_3D('',#15251,#12107,#12108);
#9611=AXIS2_PLACEMENT_3D('',#15262,#12109,#12110);
#9612=AXIS2_PLACEMENT_3D('',#15272,#12114,#12115);
#9613=AXIS2_PLACEMENT_3D('',#15273,#12116,#12117);
#9614=AXIS2_PLACEMENT_3D('',#15274,#12118,#12119);
#9615=AXIS2_PLACEMENT_3D('',#15275,#12120,#12121);
#9616=AXIS2_PLACEMENT_3D('',#15276,#12122,#12123);
#9617=AXIS2_PLACEMENT_3D('',#15278,#12124,#12125);
#9618=AXIS2_PLACEMENT_3D('',#15279,#12126,#12127);
#9619=AXIS2_PLACEMENT_3D('',#15281,#12128,#12129);
#9620=AXIS2_PLACEMENT_3D('',#15282,#12130,#12131);
#9621=AXIS2_PLACEMENT_3D('',#15296,#12135,#12136);
#9622=AXIS2_PLACEMENT_3D('',#15297,#12137,#12138);
#9623=AXIS2_PLACEMENT_3D('',#15299,#12139,#12140);
#9624=AXIS2_PLACEMENT_3D('',#15301,#12141,#12142);
#9625=AXIS2_PLACEMENT_3D('',#15308,#12143,#12144);
#9626=AXIS2_PLACEMENT_3D('',#15319,#12145,#12146);
#9627=AXIS2_PLACEMENT_3D('',#15329,#12150,#12151);
#9628=AXIS2_PLACEMENT_3D('',#15330,#12152,#12153);
#9629=AXIS2_PLACEMENT_3D('',#15331,#12154,#12155);
#9630=AXIS2_PLACEMENT_3D('',#15332,#12156,#12157);
#9631=AXIS2_PLACEMENT_3D('',#15333,#12158,#12159);
#9632=AXIS2_PLACEMENT_3D('',#15335,#12160,#12161);
#9633=AXIS2_PLACEMENT_3D('',#15336,#12162,#12163);
#9634=AXIS2_PLACEMENT_3D('',#15338,#12164,#12165);
#9635=AXIS2_PLACEMENT_3D('',#15339,#12166,#12167);
#9636=AXIS2_PLACEMENT_3D('',#15342,#12169,#12170);
#9637=AXIS2_PLACEMENT_3D('',#15343,#12171,#12172);
#9638=AXIS2_PLACEMENT_3D('',#15357,#12176,#12177);
#9639=AXIS2_PLACEMENT_3D('',#15358,#12178,#12179);
#9640=AXIS2_PLACEMENT_3D('',#15360,#12180,#12181);
#9641=AXIS2_PLACEMENT_3D('',#15362,#12182,#12183);
#9642=AXIS2_PLACEMENT_3D('',#15376,#12187,#12188);
#9643=AXIS2_PLACEMENT_3D('',#15377,#12189,#12190);
#9644=AXIS2_PLACEMENT_3D('',#15378,#12191,#12192);
#9645=AXIS2_PLACEMENT_3D('',#15379,#12193,#12194);
#9646=AXIS2_PLACEMENT_3D('',#15380,#12195,#12196);
#9647=AXIS2_PLACEMENT_3D('',#15382,#12197,#12198);
#9648=AXIS2_PLACEMENT_3D('',#15383,#12199,#12200);
#9649=AXIS2_PLACEMENT_3D('',#15385,#12201,#12202);
#9650=AXIS2_PLACEMENT_3D('',#15387,#12203,#12204);
#9651=AXIS2_PLACEMENT_3D('',#15388,#12205,#12206);
#9652=AXIS2_PLACEMENT_3D('',#15389,#12207,#12208);
#9653=AXIS2_PLACEMENT_3D('',#15391,#12209,#12210);
#9654=AXIS2_PLACEMENT_3D('',#15392,#12211,#12212);
#9655=AXIS2_PLACEMENT_3D('',#15393,#12213,#12214);
#9656=AXIS2_PLACEMENT_3D('',#15401,#12216,#12217);
#9657=AXIS2_PLACEMENT_3D('',#15404,#12219,#12220);
#9658=AXIS2_PLACEMENT_3D('',#15405,#12221,#12222);
#9659=AXIS2_PLACEMENT_3D('',#15411,#12223,#12224);
#9660=AXIS2_PLACEMENT_3D('',#15412,#12225,#12226);
#9661=AXIS2_PLACEMENT_3D('',#15413,#12227,#12228);
#9662=AXIS2_PLACEMENT_3D('',#15416,#12230,#12231);
#9663=AXIS2_PLACEMENT_3D('',#15419,#12233,#12234);
#9664=AXIS2_PLACEMENT_3D('',#15420,#12235,#12236);
#9665=AXIS2_PLACEMENT_3D('',#15421,#12237,#12238);
#9666=AXIS2_PLACEMENT_3D('',#15422,#12239,#12240);
#9667=AXIS2_PLACEMENT_3D('',#15423,#12241,#12242);
#9668=AXIS2_PLACEMENT_3D('',#15424,#12243,#12244);
#9669=AXIS2_PLACEMENT_3D('',#15427,#12246,#12247);
#9670=AXIS2_PLACEMENT_3D('',#15430,#12249,#12250);
#9671=AXIS2_PLACEMENT_3D('',#15431,#12251,#12252);
#9672=AXIS2_PLACEMENT_3D('',#15432,#12253,#12254);
#9673=AXIS2_PLACEMENT_3D('',#15433,#12255,#12256);
#9674=AXIS2_PLACEMENT_3D('',#15434,#12257,#12258);
#9675=AXIS2_PLACEMENT_3D('',#15442,#12260,#12261);
#9676=AXIS2_PLACEMENT_3D('',#15445,#12263,#12264);
#9677=AXIS2_PLACEMENT_3D('',#15446,#12265,#12266);
#9678=AXIS2_PLACEMENT_3D('',#15452,#12267,#12268);
#9679=AXIS2_PLACEMENT_3D('',#15453,#12269,#12270);
#9680=AXIS2_PLACEMENT_3D('',#15454,#12271,#12272);
#9681=AXIS2_PLACEMENT_3D('',#15455,#12273,#12274);
#9682=AXIS2_PLACEMENT_3D('',#15456,#12275,#12276);
#9683=AXIS2_PLACEMENT_3D('',#15457,#12277,#12278);
#9684=AXIS2_PLACEMENT_3D('',#15458,#12279,#12280);
#9685=AXIS2_PLACEMENT_3D('',#15459,#12281,#12282);
#9686=AXIS2_PLACEMENT_3D('',#15460,#12283,#12284);
#9687=AXIS2_PLACEMENT_3D('',#15462,#12285,#12286);
#9688=AXIS2_PLACEMENT_3D('',#15464,#12287,#12288);
#9689=AXIS2_PLACEMENT_3D('',#15465,#12289,#12290);
#9690=AXIS2_PLACEMENT_3D('',#15467,#12291,#12292);
#9691=AXIS2_PLACEMENT_3D('',#15469,#12293,#12294);
#9692=AXIS2_PLACEMENT_3D('',#15470,#12295,#12296);
#9693=AXIS2_PLACEMENT_3D('',#15471,#12297,#12298);
#9694=AXIS2_PLACEMENT_3D('',#15473,#12299,#12300);
#9695=AXIS2_PLACEMENT_3D('',#15474,#12301,#12302);
#9696=AXIS2_PLACEMENT_3D('',#15476,#12303,#12304);
#9697=AXIS2_PLACEMENT_3D('',#15478,#12305,#12306);
#9698=AXIS2_PLACEMENT_3D('',#15479,#12307,#12308);
#9699=AXIS2_PLACEMENT_3D('',#15481,#12309,#12310);
#9700=AXIS2_PLACEMENT_3D('',#15483,#12311,#12312);
#9701=AXIS2_PLACEMENT_3D('',#15484,#12313,#12314);
#9702=AXIS2_PLACEMENT_3D('',#15485,#12315,#12316);
#9703=AXIS2_PLACEMENT_3D('',#15487,#12317,#12318);
#9704=AXIS2_PLACEMENT_3D('',#15489,#12319,#12320);
#9705=AXIS2_PLACEMENT_3D('',#15490,#12321,#12322);
#9706=AXIS2_PLACEMENT_3D('',#15492,#12323,#12324);
#9707=AXIS2_PLACEMENT_3D('',#15493,#12325,#12326);
#9708=AXIS2_PLACEMENT_3D('',#15495,#12327,#12328);
#9709=AXIS2_PLACEMENT_3D('',#15497,#12329,#12330);
#9710=AXIS2_PLACEMENT_3D('',#15498,#12331,#12332);
#9711=AXIS2_PLACEMENT_3D('',#15499,#12333,#12334);
#9712=AXIS2_PLACEMENT_3D('',#15501,#12335,#12336);
#9713=AXIS2_PLACEMENT_3D('',#15503,#12337,#12338);
#9714=AXIS2_PLACEMENT_3D('',#15504,#12339,#12340);
#9715=AXIS2_PLACEMENT_3D('',#15505,#12341,#12342);
#9716=AXIS2_PLACEMENT_3D('',#15506,#12343,#12344);
#9717=AXIS2_PLACEMENT_3D('',#15507,#12345,#12346);
#9718=AXIS2_PLACEMENT_3D('',#15508,#12347,#12348);
#9719=AXIS2_PLACEMENT_3D('',#15509,#12349,#12350);
#9720=AXIS2_PLACEMENT_3D('',#15511,#12351,#12352);
#9721=AXIS2_PLACEMENT_3D('',#15513,#12353,#12354);
#9722=AXIS2_PLACEMENT_3D('',#15514,#12355,#12356);
#9723=AXIS2_PLACEMENT_3D('',#15516,#12357,#12358);
#9724=AXIS2_PLACEMENT_3D('',#15518,#12359,#12360);
#9725=AXIS2_PLACEMENT_3D('',#15519,#12361,#12362);
#9726=AXIS2_PLACEMENT_3D('',#15520,#12363,#12364);
#9727=AXIS2_PLACEMENT_3D('',#15522,#12365,#12366);
#9728=AXIS2_PLACEMENT_3D('',#15523,#12367,#12368);
#9729=AXIS2_PLACEMENT_3D('',#15525,#12369,#12370);
#9730=AXIS2_PLACEMENT_3D('',#15527,#12371,#12372);
#9731=AXIS2_PLACEMENT_3D('',#15528,#12373,#12374);
#9732=AXIS2_PLACEMENT_3D('',#15530,#12375,#12376);
#9733=AXIS2_PLACEMENT_3D('',#15532,#12377,#12378);
#9734=AXIS2_PLACEMENT_3D('',#15533,#12379,#12380);
#9735=AXIS2_PLACEMENT_3D('',#15534,#12381,#12382);
#9736=AXIS2_PLACEMENT_3D('',#15536,#12383,#12384);
#9737=AXIS2_PLACEMENT_3D('',#15538,#12385,#12386);
#9738=AXIS2_PLACEMENT_3D('',#15539,#12387,#12388);
#9739=AXIS2_PLACEMENT_3D('',#15541,#12389,#12390);
#9740=AXIS2_PLACEMENT_3D('',#15542,#12391,#12392);
#9741=AXIS2_PLACEMENT_3D('',#15544,#12393,#12394);
#9742=AXIS2_PLACEMENT_3D('',#15546,#12395,#12396);
#9743=AXIS2_PLACEMENT_3D('',#15547,#12397,#12398);
#9744=AXIS2_PLACEMENT_3D('',#15548,#12399,#12400);
#9745=AXIS2_PLACEMENT_3D('',#15550,#12401,#12402);
#9746=AXIS2_PLACEMENT_3D('',#15552,#12403,#12404);
#9747=AXIS2_PLACEMENT_3D('',#15553,#12405,#12406);
#9748=AXIS2_PLACEMENT_3D('',#15554,#12407,#12408);
#9749=AXIS2_PLACEMENT_3D('',#15555,#12409,#12410);
#9750=AXIS2_PLACEMENT_3D('',#15556,#12411,#12412);
#9751=AXIS2_PLACEMENT_3D('',#15557,#12413,#12414);
#9752=AXIS2_PLACEMENT_3D('',#15558,#12415,#12416);
#9753=AXIS2_PLACEMENT_3D('',#15560,#12417,#12418);
#9754=AXIS2_PLACEMENT_3D('',#15562,#12419,#12420);
#9755=AXIS2_PLACEMENT_3D('',#15563,#12421,#12422);
#9756=AXIS2_PLACEMENT_3D('',#15565,#12423,#12424);
#9757=AXIS2_PLACEMENT_3D('',#15567,#12425,#12426);
#9758=AXIS2_PLACEMENT_3D('',#15568,#12427,#12428);
#9759=AXIS2_PLACEMENT_3D('',#15569,#12429,#12430);
#9760=AXIS2_PLACEMENT_3D('',#15571,#12431,#12432);
#9761=AXIS2_PLACEMENT_3D('',#15572,#12433,#12434);
#9762=AXIS2_PLACEMENT_3D('',#15574,#12435,#12436);
#9763=AXIS2_PLACEMENT_3D('',#15576,#12437,#12438);
#9764=AXIS2_PLACEMENT_3D('',#15577,#12439,#12440);
#9765=AXIS2_PLACEMENT_3D('',#15579,#12441,#12442);
#9766=AXIS2_PLACEMENT_3D('',#15581,#12443,#12444);
#9767=AXIS2_PLACEMENT_3D('',#15582,#12445,#12446);
#9768=AXIS2_PLACEMENT_3D('',#15583,#12447,#12448);
#9769=AXIS2_PLACEMENT_3D('',#15585,#12449,#12450);
#9770=AXIS2_PLACEMENT_3D('',#15587,#12451,#12452);
#9771=AXIS2_PLACEMENT_3D('',#15588,#12453,#12454);
#9772=AXIS2_PLACEMENT_3D('',#15590,#12455,#12456);
#9773=AXIS2_PLACEMENT_3D('',#15591,#12457,#12458);
#9774=AXIS2_PLACEMENT_3D('',#15593,#12459,#12460);
#9775=AXIS2_PLACEMENT_3D('',#15595,#12461,#12462);
#9776=AXIS2_PLACEMENT_3D('',#15596,#12463,#12464);
#9777=AXIS2_PLACEMENT_3D('',#15597,#12465,#12466);
#9778=AXIS2_PLACEMENT_3D('',#15599,#12467,#12468);
#9779=AXIS2_PLACEMENT_3D('',#15601,#12469,#12470);
#9780=AXIS2_PLACEMENT_3D('',#15602,#12471,#12472);
#9781=AXIS2_PLACEMENT_3D('',#15603,#12473,#12474);
#9782=AXIS2_PLACEMENT_3D('',#15604,#12475,#12476);
#9783=DIRECTION('',(0.,0.,1.));
#9784=DIRECTION('',(1.,0.,0.));
#9785=DIRECTION('',(-1.,0.,0.));
#9786=DIRECTION('',(0.,0.990611994413053,0.136703608310073));
#9787=DIRECTION('',(1.,2.8457176063195E-17,-2.06212698287992E-16));
#9788=DIRECTION('',(0.,0.990611994413053,0.136703608310073));
#9789=DIRECTION('',(1.,0.,0.));
#9790=DIRECTION('',(0.,0.990611994413053,0.136703608310073));
#9791=DIRECTION('',(-1.,0.,0.));
#9792=DIRECTION('',(0.,0.990611994413053,0.136703608310073));
#9793=DIRECTION('',(-1.,-2.8457176063195E-17,2.06212698287992E-16));
#9794=DIRECTION('',(0.,0.990611994413053,0.136703608310073));
#9795=DIRECTION('',(-1.,0.,0.));
#9796=DIRECTION('',(0.,0.990611994413053,0.136703608310073));
#9797=DIRECTION('',(1.,0.,0.));
#9798=DIRECTION('',(0.,0.990611994413053,0.136703608310073));
#9799=DIRECTION('',(1.,0.,0.));
#9800=DIRECTION('',(0.,0.136703608310073,-0.990611994413053));
#9801=DIRECTION('',(1.,2.8457176063195E-17,-2.06212698287992E-16));
#9802=DIRECTION('',(-2.08166970974519E-16,0.136703608310073,-0.990611994413053));
#9803=DIRECTION('',(-1.,0.,0.));
#9804=DIRECTION('',(0.,0.990611994413053,0.136703608310073));
#9805=DIRECTION('',(-1.,-2.8457176063195E-17,2.06212698287992E-16));
#9806=DIRECTION('',(0.,-0.990611994413053,-0.136703608310073));
#9807=DIRECTION('',(-1.,0.,0.));
#9808=DIRECTION('',(0.,-0.990611994413053,-0.136703608310073));
#9809=DIRECTION('',(-1.,0.,0.));
#9810=DIRECTION('',(0.,0.990611994413053,0.136703608310073));
#9811=DIRECTION('',(1.,2.8457176063195E-17,-2.06212698287992E-16));
#9812=DIRECTION('',(0.,-0.990611994413053,-0.136703608310073));
#9813=DIRECTION('',(1.,0.,0.));
#9814=DIRECTION('',(0.,-0.990611994413053,-0.136703608310073));
#9815=DIRECTION('',(-1.,0.,0.));
#9816=DIRECTION('',(0.,-0.990611994413053,-0.136703608310073));
#9817=DIRECTION('',(1.,0.,0.));
#9818=DIRECTION('',(0.,-0.990611994413053,-0.136703608310073));
#9819=DIRECTION('',(1.,2.8457176063195E-17,-2.06212698287992E-16));
#9820=DIRECTION('',(0.,-0.990611994413053,-0.136703608310073));
#9821=DIRECTION('',(-1.,-2.8457176063195E-17,2.06212698287992E-16));
#9822=DIRECTION('',(0.,-0.990611994413053,-0.136703608310073));
#9823=DIRECTION('',(-1.,0.,0.));
#9824=DIRECTION('',(0.,-0.136703608310073,0.990611994413053));
#9825=DIRECTION('',(1.,2.8457176063195E-17,-2.06212698287992E-16));
#9826=DIRECTION('',(-2.08166970974519E-16,0.136703608310073,-0.990611994413053));
#9827=DIRECTION('',(-1.,0.,0.));
#9828=DIRECTION('',(-1.07068512683576E-16,0.136703608310073,-0.990611994413053));
#9829=DIRECTION('',(-1.,-2.8457176063195E-17,2.06212698287992E-16));
#9830=DIRECTION('',(-2.00314541178434E-16,0.136703608310073,-0.990611994413053));
#9831=DIRECTION('',(1.,2.8457176063195E-17,-2.06212698287992E-16));
#9832=DIRECTION('',(0.,0.136703608310073,-0.990611994413053));
#9833=DIRECTION('',(1.,0.,0.));
#9834=DIRECTION('',(0.,-0.136703608310073,0.990611994413053));
#9835=DIRECTION('',(1.,0.,0.));
#9836=DIRECTION('',(-1.07068512683576E-16,0.136703608310073,-0.990611994413053));
#9837=DIRECTION('',(-1.,-2.8457176063195E-17,2.06212698287992E-16));
#9838=DIRECTION('',(0.,0.136703608310073,-0.990611994413053));
#9839=DIRECTION('',(1.,2.8457176063195E-17,-2.06212698287992E-16));
#9840=DIRECTION('',(-2.00314541178434E-16,0.136703608310073,-0.990611994413053));
#9841=DIRECTION('',(1.,0.,0.));
#9842=DIRECTION('',(0.,-0.136703608310073,0.990611994413053));
#9843=DIRECTION('',(1.,0.,0.));
#9844=DIRECTION('',(0.,0.136703608310073,-0.990611994413053));
#9845=DIRECTION('',(-1.,0.,0.));
#9846=DIRECTION('',(0.,-0.136703608310073,0.990611994413053));
#9847=DIRECTION('',(-1.,0.,0.));
#9848=DIRECTION('',(0.,0.136703608310081,-0.990611994413052));
#9849=DIRECTION('',(0.,0.,1.));
#9850=DIRECTION('',(1.,0.,0.));
#9851=DIRECTION('',(1.,0.,0.));
#9852=DIRECTION('',(0.,-0.853290881632156,-0.521435203379498));
#9853=DIRECTION('',(1.,0.,0.));
#9854=DIRECTION('',(0.,-0.853290881632156,-0.521435203379498));
#9855=DIRECTION('',(1.,0.,0.));
#9856=DIRECTION('',(0.,-0.773998108266227,-0.63318790923414));
#9857=DIRECTION('',(1.,0.,0.));
#9858=DIRECTION('',(0.,-0.773998108266227,-0.63318790923414));
#9859=DIRECTION('',(1.,0.,0.));
#9860=DIRECTION('',(0.,-0.680172737770919,-0.733051871829827));
#9861=DIRECTION('',(1.,0.,0.));
#9862=DIRECTION('',(0.,-0.680172737770919,-0.733051871829827));
#9863=DIRECTION('',(1.,0.,0.));
#9864=DIRECTION('',(0.,-0.573576436351046,-0.819152044288992));
#9865=DIRECTION('',(1.,0.,0.));
#9866=DIRECTION('',(0.,-0.573576436351046,-0.819152044288992));
#9867=DIRECTION('',(-1.,0.,0.));
#9868=DIRECTION('',(0.,-0.964084083078652,0.265597215260994));
#9869=DIRECTION('',(1.,0.,0.));
#9870=DIRECTION('',(0.,-0.964084083078652,0.265597215260994));
#9871=DIRECTION('',(-1.,0.,0.));
#9872=DIRECTION('',(-1.,0.,0.));
#9873=DIRECTION('',(0.,-0.964084083078652,0.265597215260994));
#9874=DIRECTION('',(1.,0.,0.));
#9875=DIRECTION('',(0.,-0.906307786952572,-0.422618261921006));
#9876=DIRECTION('',(0.,-0.422618261921006,0.906307786952572));
#9877=DIRECTION('',(0.,0.422618261921006,-0.906307786952572));
#9878=DIRECTION('',(-1.,0.,0.));
#9879=DIRECTION('',(0.,-0.422618261921006,0.906307786952572));
#9880=DIRECTION('',(1.,0.,0.));
#9881=DIRECTION('',(0.,0.9683035221594,-0.249776478023253));
#9882=DIRECTION('',(-1.,0.,0.));
#9883=DIRECTION('',(0.,0.9683035221594,-0.249776478023253));
#9884=DIRECTION('',(1.,0.,0.));
#9885=DIRECTION('',(0.,0.9683035221594,-0.249776478023253));
#9886=DIRECTION('',(1.,0.,0.));
#9887=DIRECTION('',(-1.,0.,0.));
#9888=DIRECTION('',(0.,0.342020143325675,0.939692620785906));
#9889=DIRECTION('',(-1.,0.,0.));
#9890=DIRECTION('',(0.,0.342020143325675,0.939692620785906));
#9891=DIRECTION('',(-1.,0.,0.));
#9892=DIRECTION('',(0.,0.342020143325675,0.939692620785906));
#9893=DIRECTION('',(-1.,0.,0.));
#9894=DIRECTION('',(0.,0.342020143325675,0.939692620785906));
#9895=DIRECTION('',(-1.,0.,0.));
#9896=DIRECTION('',(0.,0.342020143325675,0.939692620785906));
#9897=DIRECTION('',(-1.,0.,0.));
#9898=DIRECTION('',(0.,0.342020143325675,0.939692620785906));
#9899=DIRECTION('',(-1.,0.,0.));
#9900=DIRECTION('',(0.,0.3118206583462,0.950140977449422));
#9901=DIRECTION('',(0.,-0.52143520337964,0.853290881632069));
#9902=DIRECTION('',(1.,0.,0.));
#9903=DIRECTION('',(0.,-0.327335699744797,-0.944908111761448));
#9904=DIRECTION('',(0.,-0.937542458509592,-0.347870864677958));
#9905=DIRECTION('',(1.,0.,0.));
#9906=DIRECTION('',(0.,0.864462870598602,-0.502696673309487));
#9907=DIRECTION('',(0.,0.16135776082789,-0.986895978824825));
#9908=DIRECTION('',(-1.,0.,0.));
#9909=DIRECTION('',(0.,-0.856116240350952,0.516783303723477));
#9910=DIRECTION('',(-1.,0.,0.));
#9911=DIRECTION('',(0.,0.342020143325675,0.939692620785906));
#9912=DIRECTION('',(-1.,0.,0.));
#9913=DIRECTION('',(0.,0.342020143325675,0.939692620785906));
#9914=DIRECTION('',(1.,0.,0.));
#9915=DIRECTION('',(0.,-0.216439613938105,0.976296007119933));
#9916=DIRECTION('',(0.,0.182400967725819,-0.983224230261177));
#9917=DIRECTION('',(-1.,0.,0.));
#9918=DIRECTION('',(0.,-0.216439613938105,0.976296007119933));
#9919=DIRECTION('',(0.,0.216439613938099,-0.976296007119934));
#9920=DIRECTION('',(1.,0.,0.));
#9921=DIRECTION('',(0.,0.342020143325675,0.939692620785906));
#9922=DIRECTION('',(1.,0.,0.));
#9923=DIRECTION('',(0.,-0.707106781186549,0.707106781186546));
#9924=DIRECTION('',(0.,-0.707106781186548,0.707106781186548));
#9925=DIRECTION('',(1.,0.,0.));
#9926=DIRECTION('',(0.,0.619310053284135,-0.785146520021073));
#9927=DIRECTION('',(-1.,0.,0.));
#9928=DIRECTION('',(0.,0.342020143325675,0.939692620785906));
#9929=DIRECTION('',(-1.,0.,0.));
#9930=DIRECTION('',(0.,0.342020143325675,0.939692620785906));
#9931=DIRECTION('',(-1.,0.,0.));
#9932=DIRECTION('',(0.,0.342020143325675,0.939692620785906));
#9933=DIRECTION('',(-1.,0.,0.));
#9934=DIRECTION('',(0.,0.0428294992889651,0.999082395996775));
#9935=DIRECTION('',(0.,-0.733051871830854,0.680172737769812));
#9936=DIRECTION('',(1.,0.,0.));
#9937=DIRECTION('',(0.,-0.0591819261246607,-0.998247213680146));
#9938=DIRECTION('',(0.,-0.808283595264051,-0.588793367512763));
#9939=DIRECTION('',(1.,0.,0.));
#9940=DIRECTION('',(0.,-1.,0.));
#9941=DIRECTION('',(1.,0.,0.));
#9942=DIRECTION('',(0.,-1.,0.));
#9943=DIRECTION('',(1.,0.,0.));
#9944=DIRECTION('',(0.,-1.,0.));
#9945=DIRECTION('',(1.,0.,0.));
#9946=DIRECTION('',(0.,-1.,0.));
#9947=DIRECTION('',(1.,0.,0.));
#9948=DIRECTION('',(0.,-1.,0.));
#9949=DIRECTION('',(0.,-0.588793367512763,0.808283595264051));
#9950=DIRECTION('',(0.,0.808283595264051,0.588793367512763));
#9951=DIRECTION('',(-1.,0.,0.));
#9952=DIRECTION('',(0.,0.808283595264051,0.588793367512763));
#9953=DIRECTION('',(1.,0.,0.));
#9954=DIRECTION('',(0.,0.0428294992889651,0.999082395996775));
#9955=DIRECTION('',(1.,0.,0.));
#9956=DIRECTION('',(1.,0.,0.));
#9957=DIRECTION('',(0.,0.0428294992889651,0.999082395996775));
#9958=DIRECTION('',(-1.,0.,0.));
#9959=DIRECTION('',(0.,0.680172737769812,0.733051871830854));
#9960=DIRECTION('',(0.,0.733051871830854,-0.680172737769812));
#9961=DIRECTION('',(0.,0.733051871830854,-0.680172737769812));
#9962=DIRECTION('',(1.,0.,0.));
#9963=DIRECTION('',(1.,0.,0.));
#9964=DIRECTION('',(0.,-0.0591819261246607,-0.998247213680146));
#9965=DIRECTION('',(-1.,0.,0.));
#9966=DIRECTION('',(0.,-0.0591819261246607,-0.998247213680146));
#9967=DIRECTION('',(1.,0.,0.));
#9968=DIRECTION('',(0.,-0.327335699744797,-0.944908111761448));
#9969=DIRECTION('',(-1.,0.,0.));
#9970=DIRECTION('',(0.,-0.327335699744797,-0.944908111761448));
#9971=DIRECTION('',(-1.,0.,0.));
#9972=DIRECTION('',(1.,0.,0.));
#9973=DIRECTION('',(0.,0.853290881632069,0.52143520337964));
#9974=DIRECTION('',(0.,0.52143520337964,-0.853290881632069));
#9975=DIRECTION('',(-1.,0.,0.));
#9976=DIRECTION('',(0.,0.52143520337964,-0.853290881632069));
#9977=DIRECTION('',(1.,0.,0.));
#9978=DIRECTION('',(0.,0.3118206583462,0.950140977449422));
#9979=DIRECTION('',(1.,0.,0.));
#9980=DIRECTION('',(1.,0.,0.));
#9981=DIRECTION('',(0.,0.3118206583462,0.950140977449422));
#9982=DIRECTION('',(1.,0.,0.));
#9983=DIRECTION('',(0.,0.864462870598602,-0.502696673309487));
#9984=DIRECTION('',(-1.,0.,0.));
#9985=DIRECTION('',(0.,0.864462870598602,-0.502696673309487));
#9986=DIRECTION('',(-1.,0.,0.));
#9987=DIRECTION('',(1.,0.,0.));
#9988=DIRECTION('',(0.,-0.347870864677958,0.937542458509592));
#9989=DIRECTION('',(0.,0.937542458509592,0.347870864677958));
#9990=DIRECTION('',(0.,0.937542458509592,0.347870864677958));
#9991=DIRECTION('',(-1.,0.,0.));
#9992=DIRECTION('',(0.,-0.856116240350952,0.516783303723477));
#9993=DIRECTION('',(1.,0.,0.));
#9994=DIRECTION('',(0.,-0.856116240350952,0.516783303723477));
#9995=DIRECTION('',(-1.,0.,0.));
#9996=DIRECTION('',(1.,0.,0.));
#9997=DIRECTION('',(0.,-0.986895978824825,-0.16135776082789));
#9998=DIRECTION('',(0.,-0.16135776082789,0.986895978824825));
#9999=DIRECTION('',(0.,-0.16135776082789,0.986895978824825));
#10000=DIRECTION('',(1.,0.,0.));
#10001=DIRECTION('',(0.,-1.,0.));
#10002=DIRECTION('',(-1.,0.,0.));
#10003=DIRECTION('',(0.,-1.,0.));
#10004=DIRECTION('',(1.,0.,0.));
#10005=DIRECTION('',(0.,0.342020143325675,0.939692620785906));
#10006=DIRECTION('',(1.,0.,0.));
#10007=DIRECTION('',(0.,0.342020143325675,0.939692620785906));
#10008=DIRECTION('',(-1.,0.,0.));
#10009=DIRECTION('',(1.,0.,0.));
#10010=DIRECTION('',(0.,-1.,0.));
#10011=DIRECTION('',(-1.,0.,0.));
#10012=DIRECTION('',(0.,-1.,0.));
#10013=DIRECTION('',(1.,0.,0.));
#10014=DIRECTION('',(0.,0.342020143325675,0.939692620785906));
#10015=DIRECTION('',(1.,0.,0.));
#10016=DIRECTION('',(0.,0.342020143325675,0.939692620785906));
#10017=DIRECTION('',(-1.,0.,0.));
#10018=DIRECTION('',(1.,0.,0.));
#10019=DIRECTION('',(0.,-1.,0.));
#10020=DIRECTION('',(-1.,0.,0.));
#10021=DIRECTION('',(0.,-1.,0.));
#10022=DIRECTION('',(1.,0.,0.));
#10023=DIRECTION('',(0.,-1.,0.));
#10024=DIRECTION('',(-1.,0.,0.));
#10025=DIRECTION('',(0.,-1.,0.));
#10026=DIRECTION('',(1.,0.,0.));
#10027=DIRECTION('',(0.,-1.,0.));
#10028=DIRECTION('',(-1.,0.,0.));
#10029=DIRECTION('',(0.,-1.,0.));
#10030=DIRECTION('',(0.,-0.983224230261177,-0.182400967725819));
#10031=DIRECTION('',(0.,0.182400967725819,-0.983224230261177));
#10032=DIRECTION('',(0.,0.182400967725819,-0.983224230261177));
#10033=DIRECTION('',(1.,0.,0.));
#10034=DIRECTION('',(1.,0.,0.));
#10035=DIRECTION('',(-1.,0.,0.));
#10036=DIRECTION('',(0.,-0.216439613938105,0.976296007119933));
#10037=DIRECTION('',(-1.,0.,0.));
#10038=DIRECTION('',(0.,-0.216439613938105,0.976296007119933));
#10039=DIRECTION('',(1.,0.,0.));
#10040=DIRECTION('',(-1.,0.,0.));
#10041=DIRECTION('',(0.,-1.,0.));
#10042=DIRECTION('',(0.,-0.216439613938099,0.976296007119934));
#10043=DIRECTION('',(-1.,0.,0.));
#10044=DIRECTION('',(0.,-0.216439613938105,0.976296007119933));
#10045=DIRECTION('',(0.,0.976296007119934,0.216439613938099));
#10046=DIRECTION('',(0.,0.216439613938099,-0.976296007119934));
#10047=DIRECTION('',(-1.,0.,0.));
#10048=DIRECTION('',(0.,-0.216439613938099,0.976296007119934));
#10049=DIRECTION('',(-0.707106781186546,-0.153045918733029,0.690345527079857));
#10050=DIRECTION('',(0.,-0.216439613938099,0.976296007119934));
#10051=DIRECTION('',(1.,0.,0.));
#10052=DIRECTION('',(-4.8690335299495E-13,-0.216439613938099,0.976296007119934));
#10053=DIRECTION('',(1.,0.,0.));
#10054=DIRECTION('',(0.,-0.976296007119934,-0.216439613938099));
#10055=DIRECTION('',(0.,-0.216439613938099,0.976296007119934));
#10056=DIRECTION('',(1.,0.,0.));
#10057=DIRECTION('',(-1.,0.,0.));
#10058=DIRECTION('',(0.,0.,1.));
#10059=DIRECTION('',(1.,0.,0.));
#10060=DIRECTION('',(0.,0.342020143325675,0.939692620785906));
#10061=DIRECTION('',(0.,0.258819047412365,-0.965925825670147));
#10062=DIRECTION('',(-1.,0.,0.));
#10063=DIRECTION('',(0.,-0.642787609686534,0.766044443118983));
#10064=DIRECTION('',(0.,-0.906307788047209,0.422618259573548));
#10065=DIRECTION('',(1.,0.,0.));
#10066=DIRECTION('',(0.,0.342020143325675,0.939692620785906));
#10067=DIRECTION('',(-1.,0.,0.));
#10068=DIRECTION('',(0.,0.619310053284135,-0.785146520021073));
#10069=DIRECTION('',(0.,-0.707106781186548,0.707106781186547));
#10070=DIRECTION('',(0.,-0.422618261740692,-0.906307787036653));
#10071=DIRECTION('',(1.,0.,0.));
#10072=DIRECTION('',(0.,-0.707106781186548,0.707106781186547));
#10073=DIRECTION('',(1.,0.,0.));
#10074=DIRECTION('',(0.,0.342020143325674,0.939692620785907));
#10075=DIRECTION('',(1.,0.,0.));
#10076=DIRECTION('',(0.,0.342020143325675,0.939692620785906));
#10077=DIRECTION('',(0.,-0.149042263811556,-0.988830826581537));
#10078=DIRECTION('',(-1.,0.,0.));
#10079=DIRECTION('',(0.,-0.282819798501821,0.95917306132699));
#10080=DIRECTION('',(0.,-0.661685839389727,0.749781201385519));
#10081=DIRECTION('',(1.,0.,0.));
#10082=DIRECTION('',(0.,0.342020143325675,0.939692620785906));
#10083=DIRECTION('',(0.,-0.0124663122042737,-0.999922292510786));
#10084=DIRECTION('',(-1.,0.,0.));
#10085=DIRECTION('',(0.,-0.411287103130605,0.911505852311676));
#10086=DIRECTION('',(0.,-0.757971724705194,0.652287409465669));
#10087=DIRECTION('',(1.,0.,0.));
#10088=DIRECTION('',(0.,0.342020143325675,0.939692620785906));
#10089=DIRECTION('',(0.,0.124343707020254,-0.992239206302826));
#10090=DIRECTION('',(-1.,0.,0.));
#10091=DIRECTION('',(0.,-0.532032076515331,0.846724199228288));
#10092=DIRECTION('',(0.,-0.840025924448101,0.5425462618571));
#10093=DIRECTION('',(-1.,-4.62223186652937E-33,4.62223186652937E-33));
#10094=DIRECTION('',(-4.9303806576313E-33,0.342020143325675,0.939692620785906));
#10095=DIRECTION('',(0.707106781186547,0.49999999999997,-0.500000000000031));
#10096=DIRECTION('',(-1.,0.,0.));
#10097=DIRECTION('',(-4.9303806576313E-33,0.342020143325675,0.939692620785906));
#10098=DIRECTION('',(1.,0.,0.));
#10099=DIRECTION('',(0.,-0.342020143325675,-0.939692620785906));
#10100=DIRECTION('',(-1.,0.,0.));
#10101=DIRECTION('',(-2.41383219696533E-32,-0.707106781186549,0.707106781186546));
#10102=DIRECTION('',(0.,0.422618261740692,0.906307787036653));
#10103=DIRECTION('',(0.,0.707106781186548,-0.707106781186548));
#10104=DIRECTION('',(1.,0.,0.));
#10105=DIRECTION('',(0.,-0.707106781186549,0.707106781186546));
#10106=DIRECTION('',(1.,0.,0.));
#10107=DIRECTION('',(0.,0.342020143325674,0.939692620785906));
#10108=DIRECTION('',(1.,0.,0.));
#10109=DIRECTION('',(0.,0.342020143325675,0.939692620785906));
#10110=DIRECTION('',(1.,3.21554935538437E-13,-3.21554935538437E-13));
#10111=DIRECTION('',(1.,0.,0.));
#10112=DIRECTION('',(0.,0.342020143325675,0.939692620785906));
#10113=DIRECTION('',(-1.,0.,0.));
#10114=DIRECTION('',(0.,0.,1.));
#10115=DIRECTION('',(1.,0.,0.));
#10116=DIRECTION('',(0.,-0.707106781186549,0.707106781186546));
#10117=DIRECTION('',(5.77315972805083E-13,0.707106781186548,-0.707106781186548));
#10118=DIRECTION('',(1.,0.,0.));
#10119=DIRECTION('',(0.,-0.707106781186549,0.707106781186546));
#10120=DIRECTION('',(1.,0.,0.));
#10121=DIRECTION('',(0.,0.342020143325675,0.939692620785906));
#10122=DIRECTION('',(-1.,0.,0.));
#10123=DIRECTION('',(0.,0.133075703128108,-0.991105875896697));
#10124=DIRECTION('',(1.,0.,0.));
#10125=DIRECTION('',(-1.,0.,0.));
#10126=DIRECTION('',(0.,0.133075703128108,-0.991105875896697));
#10127=DIRECTION('',(-1.,0.,0.));
#10128=DIRECTION('',(1.,0.,0.));
#10129=DIRECTION('',(0.,0.573576436351046,0.819152044288992));
#10130=DIRECTION('',(0.,-0.906307788047209,0.422618259573548));
#10131=DIRECTION('',(-1.,0.,0.));
#10132=DIRECTION('',(0.,-0.642787609686534,0.766044443118983));
#10133=DIRECTION('',(0.,0.258819047412365,-0.965925825670147));
#10134=DIRECTION('',(-1.,0.,0.));
#10135=DIRECTION('',(0.,0.9529403980244,-0.303157711122608));
#10136=DIRECTION('',(1.,0.,0.));
#10137=DIRECTION('',(0.,-0.642787609686534,0.766044443118983));
#10138=DIRECTION('',(1.,0.,0.));
#10139=DIRECTION('',(0.,0.573576436351046,0.819152044288992));
#10140=DIRECTION('',(1.,0.,0.));
#10141=DIRECTION('',(0.,-0.411287103130605,0.911505852311676));
#10142=DIRECTION('',(1.,0.,0.));
#10143=DIRECTION('',(1.,0.,0.));
#10144=DIRECTION('',(0.,-0.642787609686534,0.766044443118983));
#10145=DIRECTION('',(1.,0.,0.));
#10146=DIRECTION('',(0.,0.9529403980244,-0.303157711122608));
#10147=DIRECTION('',(-1.,0.,0.));
#10148=DIRECTION('',(-1.,0.,0.));
#10149=DIRECTION('',(0.,-0.00366136176871727,-0.999993297192535));
#10150=DIRECTION('',(1.,0.,0.));
#10151=DIRECTION('',(-1.,0.,0.));
#10152=DIRECTION('',(0.,-0.00366136176871727,-0.999993297192535));
#10153=DIRECTION('',(-1.,0.,0.));
#10154=DIRECTION('',(1.,0.,0.));
#10155=DIRECTION('',(0.,0.573576436351046,0.819152044288992));
#10156=DIRECTION('',(0.,-0.840025924448101,0.5425462618571));
#10157=DIRECTION('',(-1.,0.,0.));
#10158=DIRECTION('',(0.,-0.532032076515331,0.846724199228288));
#10159=DIRECTION('',(0.,0.124343707020254,-0.992239206302826));
#10160=DIRECTION('',(-1.,0.,0.));
#10161=DIRECTION('',(0.,0.90255143524624,-0.430582055751227));
#10162=DIRECTION('',(1.,0.,0.));
#10163=DIRECTION('',(0.,-0.532032076515331,0.846724199228288));
#10164=DIRECTION('',(1.,0.,0.));
#10165=DIRECTION('',(0.,0.680172737770919,0.733051871829827));
#10166=DIRECTION('',(1.,0.,0.));
#10167=DIRECTION('',(0.,-0.411287103130605,0.911505852311676));
#10168=DIRECTION('',(1.,0.,0.));
#10169=DIRECTION('',(1.,0.,0.));
#10170=DIRECTION('',(0.,-0.53203207651533,0.846724199228288));
#10171=DIRECTION('',(1.,0.,0.));
#10172=DIRECTION('',(0.,0.90255143524624,-0.430582055751227));
#10173=DIRECTION('',(-1.,0.,0.));
#10174=DIRECTION('',(1.,0.,0.));
#10175=DIRECTION('',(0.,0.835216156634874,-0.5499217868898));
#10176=DIRECTION('',(-1.,0.,0.));
#10177=DIRECTION('',(0.,0.835216156634874,-0.5499217868898));
#10178=DIRECTION('',(-1.,0.,0.));
#10179=DIRECTION('',(1.,0.,0.));
#10180=DIRECTION('',(1.,0.,0.));
#10181=DIRECTION('',(0.,-0.642787609686534,0.766044443118983));
#10182=DIRECTION('',(1.,0.,0.));
#10183=DIRECTION('',(0.,-0.411287103130605,0.911505852311676));
#10184=DIRECTION('',(1.,0.,0.));
#10185=DIRECTION('',(0.,-0.411287103130605,0.911505852311676));
#10186=DIRECTION('',(-1.,0.,0.));
#10187=DIRECTION('',(1.,0.,0.));
#10188=DIRECTION('',(0.,-0.411287103130605,0.911505852311676));
#10189=DIRECTION('',(-1.,0.,0.));
#10190=DIRECTION('',(0.,-0.140329680896088,-0.990104833166469));
#10191=DIRECTION('',(1.,0.,0.));
#10192=DIRECTION('',(-1.,0.,0.));
#10193=DIRECTION('',(0.,-0.140329680896088,-0.990104833166469));
#10194=DIRECTION('',(-1.,0.,0.));
#10195=DIRECTION('',(0.,-0.274363168366939,-0.961626149729538));
#10196=DIRECTION('',(1.,0.,0.));
#10197=DIRECTION('',(-1.,0.,0.));
#10198=DIRECTION('',(0.,-0.274363168366939,-0.961626149729538));
#10199=DIRECTION('',(-1.,0.,0.));
#10200=DIRECTION('',(1.,0.,0.));
#10201=DIRECTION('',(0.,0.573576436351046,0.819152044288992));
#10202=DIRECTION('',(0.,-0.661685839389727,0.749781201385519));
#10203=DIRECTION('',(-1.,0.,0.));
#10204=DIRECTION('',(0.,-0.282819798501821,0.95917306132699));
#10205=DIRECTION('',(0.,-0.149042263811556,-0.988830826581537));
#10206=DIRECTION('',(-1.,0.,0.));
#10207=DIRECTION('',(0.,0.752198850133906,-0.658936180412966));
#10208=DIRECTION('',(1.,0.,0.));
#10209=DIRECTION('',(0.,-0.282819798501821,0.95917306132699));
#10210=DIRECTION('',(1.,0.,0.));
#10211=DIRECTION('',(0.,0.853290881632156,0.521435203379498));
#10212=DIRECTION('',(1.,0.,0.));
#10213=DIRECTION('',(0.,-0.411287103130605,0.911505852311676));
#10214=DIRECTION('',(1.,0.,0.));
#10215=DIRECTION('',(1.,0.,0.));
#10216=DIRECTION('',(0.,-0.282819798501821,0.95917306132699));
#10217=DIRECTION('',(1.,0.,0.));
#10218=DIRECTION('',(0.,0.752198850133906,-0.658936180412966));
#10219=DIRECTION('',(-1.,0.,0.));
#10220=DIRECTION('',(-1.,0.,0.));
#10221=DIRECTION('',(0.,-0.853290881632156,-0.521435203379498));
#10222=DIRECTION('',(-1.,0.,0.));
#10223=DIRECTION('',(0.,-0.573576436351046,-0.819152044288992));
#10224=DIRECTION('',(1.,0.,0.));
#10225=DIRECTION('',(0.,-0.573576436351046,-0.819152044288992));
#10226=DIRECTION('',(-1.,0.,0.));
#10227=DIRECTION('',(0.,-0.573576436351046,-0.819152044288992));
#10228=DIRECTION('',(1.,0.,0.));
#10229=DIRECTION('',(0.,-0.573576436351046,-0.819152044288992));
#10230=DIRECTION('',(1.,0.,0.));
#10231=DIRECTION('',(0.,0.573576436351046,0.819152044288992));
#10232=DIRECTION('',(1.,0.,0.));
#10233=DIRECTION('',(0.,-0.642787609686534,0.766044443118983));
#10234=DIRECTION('',(0.,0.965925825670147,0.258819047412365));
#10235=DIRECTION('',(0.,0.258819047412365,-0.965925825670147));
#10236=DIRECTION('',(1.,0.,0.));
#10237=DIRECTION('',(1.,0.,0.));
#10238=DIRECTION('',(0.,-0.642787609686534,0.766044443118983));
#10239=DIRECTION('',(1.,0.,0.));
#10240=DIRECTION('',(0.,0.521435203379498,-0.853290881632156));
#10241=DIRECTION('',(0.,-0.422618259573547,-0.90630778804721));
#10242=DIRECTION('',(0.,-0.906307788047209,0.422618259573548));
#10243=DIRECTION('',(-1.,0.,0.));
#10244=DIRECTION('',(1.,0.,0.));
#10245=DIRECTION('',(0.,0.342020143325675,0.939692620785906));
#10246=DIRECTION('',(-1.,0.,0.));
#10247=DIRECTION('',(0.,-0.853290881632156,-0.521435203379498));
#10248=DIRECTION('',(-1.,0.,0.));
#10249=DIRECTION('',(0.,-0.680172737770919,-0.733051871829827));
#10250=DIRECTION('',(1.,0.,0.));
#10251=DIRECTION('',(0.,-0.680172737770919,-0.733051871829827));
#10252=DIRECTION('',(-1.,0.,0.));
#10253=DIRECTION('',(0.,-0.680172737770919,-0.733051871829827));
#10254=DIRECTION('',(1.,0.,0.));
#10255=DIRECTION('',(0.,-0.680172737770919,-0.733051871829827));
#10256=DIRECTION('',(1.,0.,0.));
#10257=DIRECTION('',(0.,0.680172737770919,0.733051871829827));
#10258=DIRECTION('',(1.,0.,0.));
#10259=DIRECTION('',(0.,-0.642787609686534,0.766044443118983));
#10260=DIRECTION('',(0.,0.992239206302826,0.124343707020254));
#10261=DIRECTION('',(0.,0.124343707020254,-0.992239206302826));
#10262=DIRECTION('',(1.,0.,0.));
#10263=DIRECTION('',(1.,0.,0.));
#10264=DIRECTION('',(0.,-0.642787609686534,0.766044443118983));
#10265=DIRECTION('',(1.,0.,0.));
#10266=DIRECTION('',(0.,0.521435203379498,-0.853290881632156));
#10267=DIRECTION('',(0.,-0.5425462618571,-0.840025924448101));
#10268=DIRECTION('',(0.,-0.840025924448101,0.5425462618571));
#10269=DIRECTION('',(1.,0.,0.));
#10270=DIRECTION('',(0.,0.342020143325675,0.939692620785906));
#10271=DIRECTION('',(-1.,0.,0.));
#10272=DIRECTION('',(-1.,0.,0.));
#10273=DIRECTION('',(0.,-0.853290881632156,-0.521435203379498));
#10274=DIRECTION('',(-1.,0.,0.));
#10275=DIRECTION('',(0.,-0.773998108266227,-0.63318790923414));
#10276=DIRECTION('',(1.,0.,0.));
#10277=DIRECTION('',(0.,-0.773998108266227,-0.63318790923414));
#10278=DIRECTION('',(-1.,0.,0.));
#10279=DIRECTION('',(0.,-0.773998108266227,-0.63318790923414));
#10280=DIRECTION('',(1.,0.,0.));
#10281=DIRECTION('',(0.,0.573576436351046,0.819152044288992));
#10282=DIRECTION('',(0.,-0.757971724705194,0.652287409465669));
#10283=DIRECTION('',(-1.,0.,0.));
#10284=DIRECTION('',(0.,-0.411287103130605,0.911505852311676));
#10285=DIRECTION('',(0.,-0.0124663122042737,-0.999922292510786));
#10286=DIRECTION('',(1.,0.,0.));
#10287=DIRECTION('',(0.,0.773998108266227,0.63318790923414));
#10288=DIRECTION('',(1.,0.,0.));
#10289=DIRECTION('',(0.,-0.773998108266227,-0.63318790923414));
#10290=DIRECTION('',(1.,0.,0.));
#10291=DIRECTION('',(0.,0.773998108266227,0.63318790923414));
#10292=DIRECTION('',(1.,0.,0.));
#10293=DIRECTION('',(0.,-0.642787609686534,0.766044443118983));
#10294=DIRECTION('',(0.,0.999922292510786,-0.0124663122042737));
#10295=DIRECTION('',(0.,-0.0124663122042737,-0.999922292510786));
#10296=DIRECTION('',(1.,0.,0.));
#10297=DIRECTION('',(1.,0.,0.));
#10298=DIRECTION('',(0.,0.521435203379498,-0.853290881632156));
#10299=DIRECTION('',(0.,-0.652287409465669,-0.757971724705194));
#10300=DIRECTION('',(0.,-0.757971724705194,0.652287409465669));
#10301=DIRECTION('',(-1.,0.,0.));
#10302=DIRECTION('',(1.,0.,0.));
#10303=DIRECTION('',(0.,0.342020143325675,0.939692620785906));
#10304=DIRECTION('',(-1.,0.,0.));
#10305=DIRECTION('',(0.,-0.853290881632156,-0.521435203379498));
#10306=DIRECTION('',(-1.,0.,0.));
#10307=DIRECTION('',(0.,-0.853290881632156,-0.521435203379498));
#10308=DIRECTION('',(1.,0.,0.));
#10309=DIRECTION('',(0.,-0.853290881632156,-0.521435203379498));
#10310=DIRECTION('',(-1.,0.,0.));
#10311=DIRECTION('',(0.,-0.853290881632156,-0.521435203379498));
#10312=DIRECTION('',(1.,0.,0.));
#10313=DIRECTION('',(0.,-0.853290881632156,-0.521435203379498));
#10314=DIRECTION('',(1.,0.,0.));
#10315=DIRECTION('',(0.,0.853290881632156,0.521435203379498));
#10316=DIRECTION('',(1.,0.,0.));
#10317=DIRECTION('',(0.,-0.642787609686534,0.766044443118983));
#10318=DIRECTION('',(0.,0.988830826581537,-0.149042263811556));
#10319=DIRECTION('',(0.,-0.149042263811556,-0.988830826581537));
#10320=DIRECTION('',(1.,0.,0.));
#10321=DIRECTION('',(1.,0.,0.));
#10322=DIRECTION('',(0.,-0.642787609686534,0.766044443118983));
#10323=DIRECTION('',(1.,0.,0.));
#10324=DIRECTION('',(0.,0.521435203379498,-0.853290881632156));
#10325=DIRECTION('',(0.,-0.749781201385519,-0.661685839389727));
#10326=DIRECTION('',(0.,-0.661685839389727,0.749781201385519));
#10327=DIRECTION('',(1.,0.,0.));
#10328=DIRECTION('',(0.,0.342020143325675,0.939692620785906));
#10329=DIRECTION('',(1.,0.,0.));
#10330=DIRECTION('',(0.,0.342020143325675,0.939692620785906));
#10331=DIRECTION('',(-0.707106781186548,0.640856382055791,-0.298836238730115));
#10332=DIRECTION('',(0.707106781186548,0.64085638205577,-0.298836238730159));
#10333=DIRECTION('',(-0.684791078771735,-0.515296603149411,0.515296603149411));
#10334=DIRECTION('',(0.707106781186548,0.64085638205577,-0.298836238730159));
#10335=DIRECTION('',(-1.,-1.61778115328528E-32,1.76222589911432E-32));
#10336=DIRECTION('',(-2.41383219696533E-32,-0.707106781186549,0.707106781186546));
#10337=DIRECTION('',(0.,-0.707106781186548,-0.707106781186548));
#10338=DIRECTION('',(0.,0.707106781186548,-0.707106781186548));
#10339=DIRECTION('',(1.,0.,0.));
#10340=DIRECTION('',(-1.,1.06766287190495E-13,-1.06766287190495E-13));
#10341=DIRECTION('',(0.,0.707106781186547,0.707106781186548));
#10342=DIRECTION('',(-1.,0.,0.));
#10343=DIRECTION('',(-1.,4.15202227963044E-13,-4.15202227963044E-13));
#10344=DIRECTION('',(-1.,-3.21554935538437E-13,3.21554935538437E-13));
#10345=DIRECTION('',(1.,0.,0.));
#10346=DIRECTION('',(0.,0.342020143325675,0.939692620785906));
#10347=DIRECTION('',(1.,-4.15202227963043E-13,4.15202227963043E-13));
#10348=DIRECTION('',(1.,0.,0.));
#10349=DIRECTION('',(0.,0.342020143325675,0.939692620785906));
#10350=DIRECTION('',(-1.,0.,0.));
#10351=DIRECTION('',(0.,0.216439613938103,-0.976296007119933));
#10352=DIRECTION('',(0.,-0.707106781186548,-0.707106781186548));
#10353=DIRECTION('',(-1.,0.,0.));
#10354=DIRECTION('',(1.,0.,0.));
#10355=DIRECTION('',(0.,0.342020143325675,0.939692620785906));
#10356=DIRECTION('',(1.,0.,0.));
#10357=DIRECTION('',(0.,0.342020143325675,0.939692620785906));
#10358=DIRECTION('',(1.,-1.06766287190495E-13,1.06766287190495E-13));
#10359=DIRECTION('',(-1.,0.,0.));
#10360=DIRECTION('',(0.,-0.707106781186549,0.707106781186546));
#10361=DIRECTION('',(-1.,0.,0.));
#10362=DIRECTION('',(0.,-0.707106781186549,0.707106781186546));
#10363=DIRECTION('',(1.,0.,0.));
#10364=DIRECTION('',(0.,-0.707106781186549,0.707106781186546));
#10365=DIRECTION('',(1.,0.,0.));
#10366=DIRECTION('',(0.,-0.707106781186549,0.707106781186546));
#10367=DIRECTION('',(-1.,0.,0.));
#10368=DIRECTION('',(0.,-0.707106781186549,0.707106781186546));
#10369=DIRECTION('',(-1.,0.,0.));
#10370=DIRECTION('',(0.,0.619310053284135,-0.785146520021073));
#10371=DIRECTION('',(0.,0.,1.));
#10372=DIRECTION('',(1.,0.,0.));
#10373=DIRECTION('',(-1.,0.,0.));
#10374=DIRECTION('',(0.,0.680172737770919,0.733051871829827));
#10375=DIRECTION('',(1.,1.52597187726016E-16,-1.41589498561218E-16));
#10376=DIRECTION('',(0.,0.680172737770919,0.733051871829827));
#10377=DIRECTION('',(1.,0.,0.));
#10378=DIRECTION('',(0.,0.680172737770919,0.733051871829827));
#10379=DIRECTION('',(-1.,0.,0.));
#10380=DIRECTION('',(0.,0.680172737770919,0.733051871829827));
#10381=DIRECTION('',(-1.,-1.52597187726016E-16,1.41589498561218E-16));
#10382=DIRECTION('',(0.,0.680172737770919,0.733051871829827));
#10383=DIRECTION('',(-1.,0.,0.));
#10384=DIRECTION('',(0.,0.680172737770919,0.733051871829827));
#10385=DIRECTION('',(1.,0.,0.));
#10386=DIRECTION('',(0.,0.680172737770919,0.733051871829827));
#10387=DIRECTION('',(1.,0.,0.));
#10388=DIRECTION('',(0.,0.733051871829827,-0.680172737770919));
#10389=DIRECTION('',(1.,1.52597187726016E-16,-1.41589498561218E-16));
#10390=DIRECTION('',(-2.08166970974519E-16,0.733051871829827,-0.680172737770919));
#10391=DIRECTION('',(-1.,0.,0.));
#10392=DIRECTION('',(0.,0.680172737770919,0.733051871829827));
#10393=DIRECTION('',(-1.,-1.52597187726016E-16,1.41589498561218E-16));
#10394=DIRECTION('',(0.,-0.680172737770919,-0.733051871829827));
#10395=DIRECTION('',(-1.,0.,0.));
#10396=DIRECTION('',(0.,-0.680172737770919,-0.733051871829827));
#10397=DIRECTION('',(-1.,0.,0.));
#10398=DIRECTION('',(0.,0.680172737770919,0.733051871829827));
#10399=DIRECTION('',(1.,1.52597187726016E-16,-1.41589498561218E-16));
#10400=DIRECTION('',(0.,-0.680172737770919,-0.733051871829827));
#10401=DIRECTION('',(1.,0.,0.));
#10402=DIRECTION('',(0.,-0.680172737770919,-0.733051871829827));
#10403=DIRECTION('',(-1.,0.,0.));
#10404=DIRECTION('',(0.,-0.680172737770919,-0.733051871829827));
#10405=DIRECTION('',(1.,0.,0.));
#10406=DIRECTION('',(0.,-0.680172737770919,-0.733051871829827));
#10407=DIRECTION('',(1.,1.52597187726016E-16,-1.41589498561218E-16));
#10408=DIRECTION('',(0.,-0.680172737770919,-0.733051871829827));
#10409=DIRECTION('',(-1.,-1.52597187726016E-16,1.41589498561218E-16));
#10410=DIRECTION('',(0.,-0.680172737770919,-0.733051871829827));
#10411=DIRECTION('',(-1.,0.,0.));
#10412=DIRECTION('',(0.,-0.733051871829827,0.680172737770919));
#10413=DIRECTION('',(1.,1.52597187726016E-16,-1.41589498561218E-16));
#10414=DIRECTION('',(-2.08166970974519E-16,0.733051871829827,-0.680172737770919));
#10415=DIRECTION('',(-1.,0.,0.));
#10416=DIRECTION('',(-1.07068512683576E-16,0.733051871829827,-0.680172737770919));
#10417=DIRECTION('',(-1.,-1.52597187726016E-16,1.41589498561218E-16));
#10418=DIRECTION('',(-2.00314541178434E-16,0.733051871829827,-0.680172737770919));
#10419=DIRECTION('',(1.,1.52597187726016E-16,-1.41589498561218E-16));
#10420=DIRECTION('',(0.,0.733051871829827,-0.680172737770919));
#10421=DIRECTION('',(1.,0.,0.));
#10422=DIRECTION('',(0.,-0.733051871829827,0.680172737770919));
#10423=DIRECTION('',(1.,0.,0.));
#10424=DIRECTION('',(-1.07068512683576E-16,0.733051871829827,-0.680172737770919));
#10425=DIRECTION('',(-1.,-1.52597187726016E-16,1.41589498561218E-16));
#10426=DIRECTION('',(0.,0.733051871829827,-0.680172737770919));
#10427=DIRECTION('',(1.,1.52597187726016E-16,-1.41589498561218E-16));
#10428=DIRECTION('',(-2.00314541178434E-16,0.733051871829827,-0.680172737770919));
#10429=DIRECTION('',(1.,0.,0.));
#10430=DIRECTION('',(0.,-0.733051871829827,0.680172737770919));
#10431=DIRECTION('',(1.,0.,0.));
#10432=DIRECTION('',(0.,0.733051871829827,-0.680172737770919));
#10433=DIRECTION('',(-1.,0.,0.));
#10434=DIRECTION('',(0.,-0.733051871829827,0.680172737770919));
#10435=DIRECTION('',(-1.,0.,0.));
#10436=DIRECTION('',(0.,0.733051871829823,-0.680172737770923));
#10437=DIRECTION('',(0.,0.,1.));
#10438=DIRECTION('',(1.,0.,0.));
#10439=DIRECTION('',(-1.,0.,0.));
#10440=DIRECTION('',(0.,0.573576436351046,0.819152044288992));
#10441=DIRECTION('',(-1.,0.,0.));
#10442=DIRECTION('',(0.,0.573576436351046,0.819152044288992));
#10443=DIRECTION('',(-1.,0.,0.));
#10444=DIRECTION('',(0.,0.680172737770919,0.733051871829827));
#10445=DIRECTION('',(-1.,0.,0.));
#10446=DIRECTION('',(0.,0.680172737770919,0.733051871829827));
#10447=DIRECTION('',(-1.,0.,0.));
#10448=DIRECTION('',(0.,0.773998108266227,0.63318790923414));
#10449=DIRECTION('',(-1.,0.,0.));
#10450=DIRECTION('',(0.,0.773998108266227,0.63318790923414));
#10451=DIRECTION('',(-1.,0.,0.));
#10452=DIRECTION('',(0.,0.853290881632156,0.521435203379498));
#10453=DIRECTION('',(-1.,0.,0.));
#10454=DIRECTION('',(0.,0.853290881632156,0.521435203379498));
#10455=DIRECTION('',(-1.,0.,0.));
#10456=DIRECTION('',(0.,-0.856116240350952,0.516783303723477));
#10457=DIRECTION('',(1.,0.,0.));
#10458=DIRECTION('',(0.,-0.856116240350952,0.516783303723477));
#10459=DIRECTION('',(-1.,0.,0.));
#10460=DIRECTION('',(-1.,0.,0.));
#10461=DIRECTION('',(0.,-0.856116240350952,0.516783303723477));
#10462=DIRECTION('',(1.,0.,0.));
#10463=DIRECTION('',(0.,0.986895978824825,0.16135776082789));
#10464=DIRECTION('',(0.,-0.16135776082789,0.986895978824825));
#10465=DIRECTION('',(0.,-0.16135776082789,0.986895978824825));
#10466=DIRECTION('',(-1.,0.,0.));
#10467=DIRECTION('',(0.,0.16135776082789,-0.986895978824825));
#10468=DIRECTION('',(-1.,0.,0.));
#10469=DIRECTION('',(0.,0.864462870598624,-0.502696673309449));
#10470=DIRECTION('',(1.,0.,0.));
#10471=DIRECTION('',(0.,0.864462870598624,-0.502696673309449));
#10472=DIRECTION('',(1.,0.,0.));
#10473=DIRECTION('',(-1.,0.,0.));
#10474=DIRECTION('',(0.,0.864462870598624,-0.502696673309449));
#10475=DIRECTION('',(1.,0.,0.));
#10476=DIRECTION('',(0.,0.,-1.));
#10477=DIRECTION('',(-1.,0.,0.));
#10478=DIRECTION('',(0.,0.342020143325675,0.939692620785906));
#10479=DIRECTION('',(0.,0.661685839389727,-0.749781201385519));
#10480=DIRECTION('',(1.,0.,0.));
#10481=DIRECTION('',(0.,-0.282819798501821,0.95917306132699));
#10482=DIRECTION('',(0.,0.149042263811556,0.988830826581537));
#10483=DIRECTION('',(-1.,0.,0.));
#10484=DIRECTION('',(0.,0.342020143325675,0.939692620785906));
#10485=DIRECTION('',(0.,0.216439613938099,-0.976296007119934));
#10486=DIRECTION('',(1.,0.,0.));
#10487=DIRECTION('',(0.,0.342020143325675,0.939692620785906));
#10488=DIRECTION('',(1.,0.,0.));
#10489=DIRECTION('',(0.,-0.707106781186546,0.707106781186549));
#10490=DIRECTION('',(0.,-0.422618261740692,-0.906307787036653));
#10491=DIRECTION('',(0.,0.707106781186548,-0.707106781186547));
#10492=DIRECTION('',(1.,0.,0.));
#10493=DIRECTION('',(0.,0.619310053284135,-0.785146520021073));
#10494=DIRECTION('',(-1.,0.,0.));
#10495=DIRECTION('',(0.,0.342020143325675,0.939692620785906));
#10496=DIRECTION('',(0.,0.906307788047209,-0.422618259573548));
#10497=DIRECTION('',(1.,0.,0.));
#10498=DIRECTION('',(0.,-0.642787609686534,0.766044443118983));
#10499=DIRECTION('',(0.,-0.258819047412365,0.965925825670147));
#10500=DIRECTION('',(-1.,0.,0.));
#10501=DIRECTION('',(0.,0.342020143325675,0.939692620785906));
#10502=DIRECTION('',(-1.,0.,0.));
#10503=DIRECTION('',(0.,0.0428294992889651,0.999082395996775));
#10504=DIRECTION('',(0.,0.733051871830854,-0.680172737769812));
#10505=DIRECTION('',(1.,0.,0.));
#10506=DIRECTION('',(0.,-0.0591819261247228,-0.998247213680142));
#10507=DIRECTION('',(0.,0.808283595264051,0.588793367512763));
#10508=DIRECTION('',(1.,0.,0.));
#10509=DIRECTION('',(0.,0.9683035221594,-0.249776478023253));
#10510=DIRECTION('',(0.,-0.422618261921006,0.906307786952572));
#10511=DIRECTION('',(-1.,0.,0.));
#10512=DIRECTION('',(0.,-0.964084083078652,0.265597215260994));
#10513=DIRECTION('',(-1.,0.,0.));
#10514=DIRECTION('',(0.,0.342020143325675,0.939692620785906));
#10515=DIRECTION('',(0.,0.840025924448101,-0.5425462618571));
#10516=DIRECTION('',(1.,0.,0.));
#10517=DIRECTION('',(0.,-0.532032076515331,0.846724199228288));
#10518=DIRECTION('',(0.,-0.124343707020254,0.992239206302826));
#10519=DIRECTION('',(-1.,0.,0.));
#10520=DIRECTION('',(0.,0.342020143325675,0.939692620785906));
#10521=DIRECTION('',(0.,0.757971724705194,-0.652287409465669));
#10522=DIRECTION('',(1.,0.,0.));
#10523=DIRECTION('',(0.,-0.411287103130605,0.911505852311676));
#10524=DIRECTION('',(0.,0.0124663122042737,0.999922292510786));
#10525=DIRECTION('',(-1.,0.,0.));
#10526=DIRECTION('',(0.,0.342020143325675,0.939692620785906));
#10527=DIRECTION('',(-1.,0.,0.));
#10528=DIRECTION('',(0.,0.3118206583462,0.950140977449422));
#10529=DIRECTION('',(0.,0.52143520337964,-0.853290881632069));
#10530=DIRECTION('',(1.,0.,0.));
#10531=DIRECTION('',(0.,-0.327335699744787,-0.944908111761451));
#10532=DIRECTION('',(0.,0.937542458509592,0.347870864677958));
#10533=DIRECTION('',(-1.,0.,0.));
#10534=DIRECTION('',(0.,-1.,0.));
#10535=DIRECTION('',(-1.,0.,0.));
#10536=DIRECTION('',(0.,-1.,0.));
#10537=DIRECTION('',(-1.,0.,0.));
#10538=DIRECTION('',(0.,-0.327335699744787,-0.944908111761451));
#10539=DIRECTION('',(1.,0.,0.));
#10540=DIRECTION('',(-1.,0.,0.));
#10541=DIRECTION('',(0.,-0.327335699744787,-0.944908111761451));
#10542=DIRECTION('',(-1.,0.,0.));
#10543=DIRECTION('',(0.,-0.853290881632069,-0.52143520337964));
#10544=DIRECTION('',(0.,0.52143520337964,-0.853290881632069));
#10545=DIRECTION('',(-1.,0.,0.));
#10546=DIRECTION('',(0.,-0.52143520337964,0.853290881632069));
#10547=DIRECTION('',(1.,0.,0.));
#10548=DIRECTION('',(0.,0.3118206583462,0.950140977449422));
#10549=DIRECTION('',(1.,0.,0.));
#10550=DIRECTION('',(1.,0.,0.));
#10551=DIRECTION('',(0.,0.3118206583462,0.950140977449422));
#10552=DIRECTION('',(-1.,0.,0.));
#10553=DIRECTION('',(0.,-0.0591819261247228,-0.998247213680142));
#10554=DIRECTION('',(1.,0.,0.));
#10555=DIRECTION('',(-1.,0.,0.));
#10556=DIRECTION('',(0.,-0.0591819261247228,-0.998247213680142));
#10557=DIRECTION('',(-1.,0.,0.));
#10558=DIRECTION('',(0.,-0.680172737769812,-0.733051871830854));
#10559=DIRECTION('',(0.,0.733051871830854,-0.680172737769812));
#10560=DIRECTION('',(-1.,0.,0.));
#10561=DIRECTION('',(0.,-0.733051871830854,0.680172737769812));
#10562=DIRECTION('',(1.,0.,0.));
#10563=DIRECTION('',(0.,0.0428294992889651,0.999082395996775));
#10564=DIRECTION('',(1.,0.,0.));
#10565=DIRECTION('',(1.,0.,0.));
#10566=DIRECTION('',(0.,0.0428294992889651,0.999082395996775));
#10567=DIRECTION('',(-1.,0.,0.));
#10568=DIRECTION('',(0.,0.9683035221594,-0.249776478023253));
#10569=DIRECTION('',(1.,0.,0.));
#10570=DIRECTION('',(-1.,0.,0.));
#10571=DIRECTION('',(0.,0.9683035221594,-0.249776478023253));
#10572=DIRECTION('',(-1.,0.,0.));
#10573=DIRECTION('',(0.,0.588793367512763,-0.808283595264051));
#10574=DIRECTION('',(0.,0.808283595264051,0.588793367512763));
#10575=DIRECTION('',(0.,-0.808283595264051,-0.588793367512763));
#10576=DIRECTION('',(-1.,0.,0.));
#10577=DIRECTION('',(0.,-0.964084083078652,0.265597215260994));
#10578=DIRECTION('',(1.,0.,0.));
#10579=DIRECTION('',(0.,-0.964084083078652,0.265597215260994));
#10580=DIRECTION('',(-1.,0.,0.));
#10581=DIRECTION('',(1.,0.,0.));
#10582=DIRECTION('',(0.,0.906307786952572,0.422618261921006));
#10583=DIRECTION('',(0.,-0.422618261921006,0.906307786952572));
#10584=DIRECTION('',(0.,0.422618261921006,-0.906307786952572));
#10585=DIRECTION('',(1.,0.,0.));
#10586=DIRECTION('',(0.,-1.,0.));
#10587=DIRECTION('',(1.,0.,0.));
#10588=DIRECTION('',(0.,-1.,0.));
#10589=DIRECTION('',(0.,0.347870864677958,-0.937542458509592));
#10590=DIRECTION('',(0.,0.937542458509592,0.347870864677958));
#10591=DIRECTION('',(0.,-0.937542458509592,-0.347870864677958));
#10592=DIRECTION('',(1.,0.,0.));
#10593=DIRECTION('',(0.,0.342020143325675,0.939692620785906));
#10594=DIRECTION('',(1.,0.,0.));
#10595=DIRECTION('',(1.,0.,0.));
#10596=DIRECTION('',(0.,0.342020143325675,0.939692620785906));
#10597=DIRECTION('',(1.,0.,0.));
#10598=DIRECTION('',(0.,0.342020143325675,0.939692620785906));
#10599=DIRECTION('',(1.,0.,0.));
#10600=DIRECTION('',(0.,0.342020143325675,0.939692620785906));
#10601=DIRECTION('',(-1.,0.,0.));
#10602=DIRECTION('',(1.,0.,0.));
#10603=DIRECTION('',(0.,-1.,0.));
#10604=DIRECTION('',(1.,0.,0.));
#10605=DIRECTION('',(0.,-1.,0.));
#10606=DIRECTION('',(1.,0.,0.));
#10607=DIRECTION('',(0.,0.342020143325675,0.939692620785906));
#10608=DIRECTION('',(1.,0.,0.));
#10609=DIRECTION('',(1.,0.,0.));
#10610=DIRECTION('',(0.,0.342020143325675,0.939692620785906));
#10611=DIRECTION('',(1.,0.,0.));
#10612=DIRECTION('',(0.,0.342020143325675,0.939692620785906));
#10613=DIRECTION('',(1.,0.,0.));
#10614=DIRECTION('',(0.,0.342020143325675,0.939692620785906));
#10615=DIRECTION('',(-1.,0.,0.));
#10616=DIRECTION('',(1.,0.,0.));
#10617=DIRECTION('',(0.,-1.,0.));
#10618=DIRECTION('',(1.,0.,0.));
#10619=DIRECTION('',(0.,-1.,0.));
#10620=DIRECTION('',(-1.,0.,0.));
#10621=DIRECTION('',(0.,-1.,0.));
#10622=DIRECTION('',(1.,0.,0.));
#10623=DIRECTION('',(0.,-1.,0.));
#10624=DIRECTION('',(1.,0.,0.));
#10625=DIRECTION('',(0.,-1.,0.));
#10626=DIRECTION('',(-1.,0.,0.));
#10627=DIRECTION('',(0.,-1.,0.));
#10628=DIRECTION('',(1.,0.,0.));
#10629=DIRECTION('',(0.,-1.,0.));
#10630=DIRECTION('',(1.,0.,0.));
#10631=DIRECTION('',(0.,-1.,0.));
#10632=DIRECTION('',(-1.,0.,0.));
#10633=DIRECTION('',(0.,-1.,0.));
#10634=DIRECTION('',(0.,-0.983224230261175,-0.18240096772583));
#10635=DIRECTION('',(0.,-0.18240096772583,0.983224230261175));
#10636=DIRECTION('',(0.,0.18240096772583,-0.983224230261175));
#10637=DIRECTION('',(-1.,0.,0.));
#10638=DIRECTION('',(0.,-0.18240096772583,0.983224230261175));
#10639=DIRECTION('',(-1.,0.,0.));
#10640=DIRECTION('',(1.,0.,0.));
#10641=DIRECTION('',(0.,-0.182400967725783,0.983224230261184));
#10642=DIRECTION('',(1.,0.,0.));
#10643=DIRECTION('',(0.,-0.182400967725783,0.983224230261184));
#10644=DIRECTION('',(1.,0.,0.));
#10645=DIRECTION('',(0.,-0.182400967725783,0.983224230261184));
#10646=DIRECTION('',(1.,0.,0.));
#10647=DIRECTION('',(1.,0.,0.));
#10648=DIRECTION('',(0.,1.,0.));
#10649=DIRECTION('',(0.,0.216439613938099,-0.976296007119934));
#10650=DIRECTION('',(1.,0.,0.));
#10651=DIRECTION('',(0.,-0.18240096772578,0.983224230261185));
#10652=DIRECTION('',(0.,0.976296007119934,0.216439613938099));
#10653=DIRECTION('',(0.,0.216439613938099,-0.976296007119934));
#10654=DIRECTION('',(0.,-0.216439613938099,0.976296007119934));
#10655=DIRECTION('',(1.,0.,0.));
#10656=DIRECTION('',(0.,-0.976296007119934,-0.216439613938099));
#10657=DIRECTION('',(0.,-0.216439613938099,0.976296007119934));
#10658=DIRECTION('',(1.,0.,0.));
#10659=DIRECTION('',(0.,0.216439613938099,-0.976296007119934));
#10660=DIRECTION('',(1.,0.,0.));
#10661=DIRECTION('',(0.,-0.216439613938099,0.976296007119934));
#10662=DIRECTION('',(1.,0.,0.));
#10663=DIRECTION('',(0.,0.216439613938099,-0.976296007119934));
#10664=DIRECTION('',(-0.707106781186555,0.153045918733027,-0.690345527079849));
#10665=DIRECTION('',(0.,-0.216439613938099,0.976296007119934));
#10666=DIRECTION('',(-0.727676559913715,0.148460351146209,-0.669661368371871));
#10667=DIRECTION('',(-1.,0.,0.));
#10668=DIRECTION('',(1.,0.,0.));
#10669=DIRECTION('',(0.,0.216439613938103,-0.976296007119933));
#10670=DIRECTION('',(1.,0.,0.));
#10671=DIRECTION('',(0.,0.,-1.));
#10672=DIRECTION('',(1.,0.,0.));
#10673=DIRECTION('',(0.,0.342020143325675,0.939692620785906));
#10674=DIRECTION('',(1.,0.,0.));
#10675=DIRECTION('',(0.,0.,-1.));
#10676=DIRECTION('',(1.,0.,0.));
#10677=DIRECTION('',(0.,0.342020143325675,0.939692620785906));
#10678=DIRECTION('',(1.,0.,0.));
#10679=DIRECTION('',(0.,0.342020143325675,0.939692620785906));
#10680=DIRECTION('',(-1.,0.,0.));
#10681=DIRECTION('',(0.,0.619310053284135,-0.785146520021073));
#10682=DIRECTION('',(0.,0.707106781186548,-0.707106781186548));
#10683=DIRECTION('',(1.,0.,0.));
#10684=DIRECTION('',(0.,-0.707106781186549,0.707106781186546));
#10685=DIRECTION('',(1.,0.,0.));
#10686=DIRECTION('',(0.,0.342020143325675,0.939692620785906));
#10687=DIRECTION('',(-1.,0.,0.));
#10688=DIRECTION('',(0.,-0.18240096772578,0.983224230261185));
#10689=DIRECTION('',(1.,0.,0.));
#10690=DIRECTION('',(0.,0.,-1.));
#10691=DIRECTION('',(1.,0.,0.));
#10692=DIRECTION('',(0.,0.342020143325675,0.939692620785906));
#10693=DIRECTION('',(1.,9.42055475210519E-14,-9.42055475210519E-14));
#10694=DIRECTION('',(1.,0.,0.));
#10695=DIRECTION('',(0.,0.342020143325675,0.939692620785906));
#10696=DIRECTION('',(-1.,0.,0.));
#10697=DIRECTION('',(0.,0.216439613938103,-0.976296007119933));
#10698=DIRECTION('',(0.,-0.707106781186548,-0.707106781186548));
#10699=DIRECTION('',(-1.,3.3495305785254E-14,-3.3495305785254E-14));
#10700=DIRECTION('',(1.,0.,0.));
#10701=DIRECTION('',(0.,0.342020143325675,0.939692620785906));
#10702=DIRECTION('',(1.,0.,0.));
#10703=DIRECTION('',(0.,0.342020143325675,0.939692620785906));
#10704=DIRECTION('',(1.,4.15202227963043E-13,-4.15202227963043E-13));
#10705=DIRECTION('',(1.,0.,0.));
#10706=DIRECTION('',(0.,0.342020143325675,0.939692620785906));
#10707=DIRECTION('',(1.,0.,0.));
#10708=DIRECTION('',(0.,0.,-1.));
#10709=DIRECTION('',(1.,0.,0.));
#10710=DIRECTION('',(0.,-0.707106781186549,0.707106781186546));
#10711=DIRECTION('',(5.77315972805083E-13,-0.707106781186548,0.707106781186548));
#10712=DIRECTION('',(1.,0.,0.));
#10713=DIRECTION('',(0.,-0.707106781186549,0.707106781186546));
#10714=DIRECTION('',(1.,0.,0.));
#10715=DIRECTION('',(0.,0.342020143325675,0.939692620785906));
#10716=DIRECTION('',(1.,0.,0.));
#10717=DIRECTION('',(0.,0.342020143325675,0.939692620785906));
#10718=DIRECTION('',(1.,0.,0.));
#10719=DIRECTION('',(1.,0.,0.));
#10720=DIRECTION('',(0.,0.342020143325675,0.939692620785906));
#10721=DIRECTION('',(1.,0.,0.));
#10722=DIRECTION('',(0.,0.216439613938103,-0.976296007119933));
#10723=DIRECTION('',(1.,0.,0.));
#10724=DIRECTION('',(0.,-0.707106781186549,0.707106781186546));
#10725=DIRECTION('',(0.,0.707106781186548,-0.707106781186548));
#10726=DIRECTION('',(1.,0.,0.));
#10727=DIRECTION('',(0.,-0.707106781186549,0.707106781186546));
#10728=DIRECTION('',(1.,0.,0.));
#10729=DIRECTION('',(0.,0.342020143325675,0.939692620785906));
#10730=DIRECTION('',(-1.,0.,0.));
#10731=DIRECTION('',(0.,0.133075703128108,-0.991105875896697));
#10732=DIRECTION('',(1.,0.,0.));
#10733=DIRECTION('',(0.,0.133075703128108,-0.991105875896697));
#10734=DIRECTION('',(1.,0.,0.));
#10735=DIRECTION('',(-1.,0.,0.));
#10736=DIRECTION('',(-1.,0.,0.));
#10737=DIRECTION('',(0.,-0.642787609686534,0.766044443118983));
#10738=DIRECTION('',(1.,0.,0.));
#10739=DIRECTION('',(0.,-0.642787609686534,0.766044443118983));
#10740=DIRECTION('',(1.,0.,0.));
#10741=DIRECTION('',(0.,-0.411287103130605,0.911505852311676));
#10742=DIRECTION('',(1.,0.,0.));
#10743=DIRECTION('',(-1.,0.,0.));
#10744=DIRECTION('',(0.,-0.642787609686534,0.766044443118983));
#10745=DIRECTION('',(1.,0.,0.));
#10746=DIRECTION('',(0.,0.9529403980244,-0.303157711122608));
#10747=DIRECTION('',(-1.,0.,0.));
#10748=DIRECTION('',(1.,0.,0.));
#10749=DIRECTION('',(0.,0.9529403980244,-0.303157711122608));
#10750=DIRECTION('',(-1.,0.,0.));
#10751=DIRECTION('',(0.,-0.00366136176871727,-0.999993297192535));
#10752=DIRECTION('',(1.,0.,0.));
#10753=DIRECTION('',(0.,-0.00366136176871727,-0.999993297192535));
#10754=DIRECTION('',(1.,0.,0.));
#10755=DIRECTION('',(-1.,0.,0.));
#10756=DIRECTION('',(-1.,0.,0.));
#10757=DIRECTION('',(0.,-0.642787609686534,0.766044443118983));
#10758=DIRECTION('',(1.,0.,0.));
#10759=DIRECTION('',(0.,-0.53203207651533,0.846724199228288));
#10760=DIRECTION('',(1.,0.,0.));
#10761=DIRECTION('',(0.,-0.411287103130605,0.911505852311676));
#10762=DIRECTION('',(1.,0.,0.));
#10763=DIRECTION('',(-1.,0.,0.));
#10764=DIRECTION('',(0.,-0.532032076515331,0.846724199228288));
#10765=DIRECTION('',(1.,0.,0.));
#10766=DIRECTION('',(0.,0.90255143524624,-0.430582055751227));
#10767=DIRECTION('',(-1.,0.,0.));
#10768=DIRECTION('',(1.,0.,0.));
#10769=DIRECTION('',(0.,0.90255143524624,-0.430582055751227));
#10770=DIRECTION('',(-1.,0.,0.));
#10771=DIRECTION('',(0.,-0.140329680896088,-0.990104833166469));
#10772=DIRECTION('',(1.,0.,0.));
#10773=DIRECTION('',(0.,-0.140329680896088,-0.990104833166469));
#10774=DIRECTION('',(1.,0.,0.));
#10775=DIRECTION('',(-1.,0.,0.));
#10776=DIRECTION('',(-1.,0.,0.));
#10777=DIRECTION('',(0.,-0.642787609686534,0.766044443118983));
#10778=DIRECTION('',(1.,0.,0.));
#10779=DIRECTION('',(0.,-0.411287103130605,0.911505852311676));
#10780=DIRECTION('',(1.,0.,0.));
#10781=DIRECTION('',(0.,-0.411287103130605,0.911505852311676));
#10782=DIRECTION('',(1.,0.,0.));
#10783=DIRECTION('',(-1.,0.,0.));
#10784=DIRECTION('',(0.,-0.411287103130605,0.911505852311676));
#10785=DIRECTION('',(1.,0.,0.));
#10786=DIRECTION('',(0.,0.835216156634874,-0.5499217868898));
#10787=DIRECTION('',(-1.,0.,0.));
#10788=DIRECTION('',(1.,0.,0.));
#10789=DIRECTION('',(0.,0.835216156634874,-0.5499217868898));
#10790=DIRECTION('',(-1.,0.,0.));
#10791=DIRECTION('',(0.,-0.274363168366939,-0.961626149729538));
#10792=DIRECTION('',(1.,0.,0.));
#10793=DIRECTION('',(0.,-0.274363168366939,-0.961626149729538));
#10794=DIRECTION('',(1.,0.,0.));
#10795=DIRECTION('',(-1.,0.,0.));
#10796=DIRECTION('',(-1.,0.,0.));
#10797=DIRECTION('',(0.,-0.642787609686534,0.766044443118983));
#10798=DIRECTION('',(1.,0.,0.));
#10799=DIRECTION('',(0.,-0.282819798501821,0.95917306132699));
#10800=DIRECTION('',(1.,0.,0.));
#10801=DIRECTION('',(0.,-0.411287103130605,0.911505852311676));
#10802=DIRECTION('',(1.,0.,0.));
#10803=DIRECTION('',(-1.,0.,0.));
#10804=DIRECTION('',(0.,-0.282819798501821,0.95917306132699));
#10805=DIRECTION('',(1.,0.,0.));
#10806=DIRECTION('',(0.,0.752198850133906,-0.658936180412966));
#10807=DIRECTION('',(-1.,0.,0.));
#10808=DIRECTION('',(1.,0.,0.));
#10809=DIRECTION('',(0.,0.752198850133906,-0.658936180412966));
#10810=DIRECTION('',(1.,0.,0.));
#10811=DIRECTION('',(0.,0.853290881632156,0.521435203379498));
#10812=DIRECTION('',(1.,0.,0.));
#10813=DIRECTION('',(0.,-0.853290881632156,-0.521435203379498));
#10814=DIRECTION('',(1.,0.,0.));
#10815=DIRECTION('',(0.,-0.853290881632156,-0.521435203379498));
#10816=DIRECTION('',(1.,0.,0.));
#10817=DIRECTION('',(0.,-0.853290881632156,-0.521435203379498));
#10818=DIRECTION('',(1.,0.,0.));
#10819=DIRECTION('',(0.,0.573576436351046,0.819152044288992));
#10820=DIRECTION('',(0.,0.149042263811556,0.988830826581537));
#10821=DIRECTION('',(1.,0.,0.));
#10822=DIRECTION('',(0.,-0.282819798501821,0.95917306132699));
#10823=DIRECTION('',(0.,0.661685839389727,-0.749781201385519));
#10824=DIRECTION('',(-1.,0.,0.));
#10825=DIRECTION('',(0.,0.853290881632156,0.521435203379498));
#10826=DIRECTION('',(-1.,0.,0.));
#10827=DIRECTION('',(0.,0.853290881632156,0.521435203379498));
#10828=DIRECTION('',(-1.,0.,0.));
#10829=DIRECTION('',(0.,0.853290881632156,0.521435203379498));
#10830=DIRECTION('',(-1.,0.,0.));
#10831=DIRECTION('',(0.,-0.642787609686534,0.766044443118983));
#10832=DIRECTION('',(0.,-0.749781201385519,-0.661685839389727));
#10833=DIRECTION('',(0.,-0.661685839389727,0.749781201385519));
#10834=DIRECTION('',(-1.,0.,0.));
#10835=DIRECTION('',(0.,-0.521435203379498,0.853290881632156));
#10836=DIRECTION('',(0.,0.988830826581537,-0.149042263811556));
#10837=DIRECTION('',(0.,-0.149042263811556,-0.988830826581537));
#10838=DIRECTION('',(1.,0.,0.));
#10839=DIRECTION('',(1.,0.,0.));
#10840=DIRECTION('',(0.,0.342020143325675,0.939692620785906));
#10841=DIRECTION('',(1.,0.,0.));
#10842=DIRECTION('',(0.,0.853290881632156,0.521435203379498));
#10843=DIRECTION('',(1.,0.,0.));
#10844=DIRECTION('',(0.,-0.773998108266227,-0.63318790923414));
#10845=DIRECTION('',(1.,0.,0.));
#10846=DIRECTION('',(0.,-0.773998108266227,-0.63318790923414));
#10847=DIRECTION('',(1.,0.,0.));
#10848=DIRECTION('',(0.,-0.773998108266227,-0.63318790923414));
#10849=DIRECTION('',(1.,0.,0.));
#10850=DIRECTION('',(0.,0.573576436351046,0.819152044288992));
#10851=DIRECTION('',(0.,0.0124663122042737,0.999922292510786));
#10852=DIRECTION('',(1.,0.,0.));
#10853=DIRECTION('',(0.,-0.411287103130605,0.911505852311676));
#10854=DIRECTION('',(0.,0.757971724705194,-0.652287409465669));
#10855=DIRECTION('',(-1.,0.,0.));
#10856=DIRECTION('',(0.,0.773998108266227,0.63318790923414));
#10857=DIRECTION('',(-1.,0.,0.));
#10858=DIRECTION('',(0.,0.773998108266227,0.63318790923414));
#10859=DIRECTION('',(-1.,0.,0.));
#10860=DIRECTION('',(0.,0.773998108266227,0.63318790923414));
#10861=DIRECTION('',(-1.,0.,0.));
#10862=DIRECTION('',(0.,-0.642787609686534,0.766044443118983));
#10863=DIRECTION('',(0.,-0.652287409465669,-0.757971724705194));
#10864=DIRECTION('',(0.,-0.757971724705194,0.652287409465669));
#10865=DIRECTION('',(-1.,0.,0.));
#10866=DIRECTION('',(-1.,0.,0.));
#10867=DIRECTION('',(0.,-0.521435203379498,0.853290881632156));
#10868=DIRECTION('',(0.,0.999922292510786,-0.0124663122042737));
#10869=DIRECTION('',(0.,-0.0124663122042737,-0.999922292510786));
#10870=DIRECTION('',(1.,0.,0.));
#10871=DIRECTION('',(0.,0.853290881632156,0.521435203379498));
#10872=DIRECTION('',(1.,0.,0.));
#10873=DIRECTION('',(0.,-0.680172737770919,-0.733051871829827));
#10874=DIRECTION('',(1.,0.,0.));
#10875=DIRECTION('',(0.,-0.680172737770919,-0.733051871829827));
#10876=DIRECTION('',(1.,0.,0.));
#10877=DIRECTION('',(0.,-0.680172737770919,-0.733051871829827));
#10878=DIRECTION('',(1.,0.,0.));
#10879=DIRECTION('',(0.,0.573576436351046,0.819152044288992));
#10880=DIRECTION('',(0.,-0.124343707020254,0.992239206302826));
#10881=DIRECTION('',(1.,0.,0.));
#10882=DIRECTION('',(0.,-0.532032076515331,0.846724199228288));
#10883=DIRECTION('',(0.,0.840025924448101,-0.5425462618571));
#10884=DIRECTION('',(-1.,0.,0.));
#10885=DIRECTION('',(0.,0.680172737770919,0.733051871829827));
#10886=DIRECTION('',(-1.,0.,0.));
#10887=DIRECTION('',(0.,0.680172737770919,0.733051871829827));
#10888=DIRECTION('',(-1.,0.,0.));
#10889=DIRECTION('',(0.,0.680172737770919,0.733051871829827));
#10890=DIRECTION('',(-1.,0.,0.));
#10891=DIRECTION('',(0.,-0.642787609686534,0.766044443118983));
#10892=DIRECTION('',(0.,-0.5425462618571,-0.840025924448101));
#10893=DIRECTION('',(0.,-0.840025924448101,0.5425462618571));
#10894=DIRECTION('',(-1.,0.,0.));
#10895=DIRECTION('',(0.,-0.521435203379498,0.853290881632156));
#10896=DIRECTION('',(0.,0.992239206302826,0.124343707020254));
#10897=DIRECTION('',(0.,0.124343707020254,-0.992239206302826));
#10898=DIRECTION('',(1.,0.,0.));
#10899=DIRECTION('',(1.,0.,0.));
#10900=DIRECTION('',(0.,0.342020143325675,0.939692620785906));
#10901=DIRECTION('',(1.,0.,0.));
#10902=DIRECTION('',(0.,0.853290881632156,0.521435203379498));
#10903=DIRECTION('',(1.,0.,0.));
#10904=DIRECTION('',(0.,-0.573576436351046,-0.819152044288992));
#10905=DIRECTION('',(1.,0.,0.));
#10906=DIRECTION('',(0.,-0.573576436351046,-0.819152044288992));
#10907=DIRECTION('',(1.,0.,0.));
#10908=DIRECTION('',(0.,-0.573576436351046,-0.819152044288992));
#10909=DIRECTION('',(1.,0.,0.));
#10910=DIRECTION('',(0.,0.573576436351046,0.819152044288992));
#10911=DIRECTION('',(0.,-0.258819047412365,0.965925825670147));
#10912=DIRECTION('',(1.,0.,0.));
#10913=DIRECTION('',(0.,-0.642787609686534,0.766044443118983));
#10914=DIRECTION('',(0.,0.906307788047209,-0.422618259573548));
#10915=DIRECTION('',(-1.,0.,0.));
#10916=DIRECTION('',(0.,0.573576436351046,0.819152044288992));
#10917=DIRECTION('',(-1.,0.,0.));
#10918=DIRECTION('',(0.,0.573576436351046,0.819152044288992));
#10919=DIRECTION('',(-1.,0.,0.));
#10920=DIRECTION('',(0.,0.573576436351046,0.819152044288992));
#10921=DIRECTION('',(-1.,0.,0.));
#10922=DIRECTION('',(0.,-0.642787609686534,0.766044443118983));
#10923=DIRECTION('',(0.,-0.422618259573547,-0.90630778804721));
#10924=DIRECTION('',(0.,-0.906307788047209,0.422618259573548));
#10925=DIRECTION('',(-1.,0.,0.));
#10926=DIRECTION('',(-1.,0.,0.));
#10927=DIRECTION('',(0.,-0.521435203379498,0.853290881632156));
#10928=DIRECTION('',(0.,0.965925825670147,0.258819047412365));
#10929=DIRECTION('',(0.,0.258819047412365,-0.965925825670147));
#10930=DIRECTION('',(0.685920421151131,0.659498932693842,-0.30752940286018));
#10931=DIRECTION('',(0.727676559913713,-0.621655018976727,0.289882496079342));
#10932=DIRECTION('',(-0.706007294735486,0.500776247330223,-0.500776247330223));
#10933=DIRECTION('',(0.727676559913713,-0.621655018976727,0.289882496079342));
#10934=DIRECTION('',(0.,-0.422618261740692,-0.906307787036653));
#10935=DIRECTION('',(1.,1.61778115328528E-32,-1.76222589911432E-32));
#10936=DIRECTION('',(-2.41383219696533E-32,-0.707106781186549,0.707106781186546));
#10937=DIRECTION('',(0.727676559913713,-0.485018981150295,0.485018981150299));
#10938=DIRECTION('',(1.,0.,0.));
#10939=DIRECTION('',(0.,-0.707106781186548,0.707106781186548));
#10940=DIRECTION('',(1.,4.62223186652937E-33,-4.62223186652937E-33));
#10941=DIRECTION('',(-4.9303806576313E-33,0.342020143325675,0.939692620785906));
#10942=DIRECTION('',(1.,0.,0.));
#10943=DIRECTION('',(0.,0.342020143325674,0.939692620785906));
#10944=DIRECTION('',(-1.,0.,0.));
#10945=DIRECTION('',(0.,0.,1.));
#10946=DIRECTION('',(1.,0.,0.));
#10947=DIRECTION('',(0.,0.342020143325675,0.939692620785906));
#10948=DIRECTION('',(-1.,0.,0.));
#10949=DIRECTION('',(0.,0.619310053284135,-0.785146520021073));
#10950=DIRECTION('',(1.,0.,0.));
#10951=DIRECTION('',(-1.,0.,0.));
#10952=DIRECTION('',(1.,0.,0.));
#10953=DIRECTION('',(0.,0.342020143325675,0.939692620785906));
#10954=DIRECTION('',(-1.,0.,0.));
#10955=DIRECTION('',(0.,0.,1.));
#10956=DIRECTION('',(0.,-0.707106781186548,0.707106781186548));
#10957=DIRECTION('',(1.,0.,0.));
#10958=DIRECTION('',(0.,0.342020143325675,0.939692620785906));
#10959=DIRECTION('',(1.,0.,0.));
#10960=DIRECTION('',(1.,0.,0.));
#10961=DIRECTION('',(0.,0.342020143325675,0.939692620785906));
#10962=DIRECTION('',(1.,0.,0.));
#10963=DIRECTION('',(0.,0.342020143325675,0.939692620785906));
#10964=DIRECTION('',(1.,0.,0.));
#10965=DIRECTION('',(0.,0.342020143325675,0.939692620785906));
#10966=DIRECTION('',(-0.70710678118655,0.5,-0.5));
#10967=DIRECTION('',(0.,-0.707106781186548,-0.707106781186548));
#10968=DIRECTION('',(0.,0.707106781186548,-0.707106781186548));
#10969=DIRECTION('',(0.70710678118655,-0.5,0.5));
#10970=DIRECTION('',(0.,-0.707106781186548,0.707106781186548));
#10971=DIRECTION('',(-1.,0.,0.));
#10972=DIRECTION('',(-1.,0.,0.));
#10973=DIRECTION('',(-1.,-4.15202227963044E-13,4.15202227963044E-13));
#10974=DIRECTION('',(0.,0.707106781186547,0.707106781186548));
#10975=DIRECTION('',(-1.,3.3495305785254E-14,-3.3495305785254E-14));
#10976=DIRECTION('',(-1.,-9.4205547521052E-14,9.42055475210519E-14));
#10977=DIRECTION('',(-1.,0.,0.));
#10978=DIRECTION('',(0.,-0.707106781186549,0.707106781186546));
#10979=DIRECTION('',(1.,0.,0.));
#10980=DIRECTION('',(0.,-0.707106781186549,0.707106781186546));
#10981=DIRECTION('',(-1.,0.,0.));
#10982=DIRECTION('',(0.,-0.707106781186549,0.707106781186546));
#10983=DIRECTION('',(1.,0.,0.));
#10984=DIRECTION('',(0.,-0.707106781186549,0.707106781186546));
#10985=DIRECTION('',(-1.,0.,0.));
#10986=DIRECTION('',(0.,-0.707106781186549,0.707106781186546));
#10987=DIRECTION('',(-1.,0.,0.));
#10988=DIRECTION('',(0.,-0.707106781186549,0.707106781186546));
#10989=DIRECTION('',(1.,0.,0.));
#10990=DIRECTION('',(0.,-0.707106781186549,0.707106781186546));
#10991=DIRECTION('',(-1.,0.,0.));
#10992=DIRECTION('',(0.,-0.216439613938103,0.976296007119933));
#10993=DIRECTION('',(0.,0.,1.));
#10994=DIRECTION('',(1.,0.,0.));
#10995=DIRECTION('',(-1.,0.,0.));
#10996=DIRECTION('',(0.,0.962624246950012,0.270840468143005));
#10997=DIRECTION('',(1.,5.638003987065E-17,-2.00386573674211E-16));
#10998=DIRECTION('',(0.,0.962624246950012,0.270840468143005));
#10999=DIRECTION('',(1.,0.,0.));
#11000=DIRECTION('',(0.,0.962624246950012,0.270840468143005));
#11001=DIRECTION('',(-1.,0.,0.));
#11002=DIRECTION('',(0.,0.962624246950012,0.270840468143005));
#11003=DIRECTION('',(-1.,-5.638003987065E-17,2.00386573674211E-16));
#11004=DIRECTION('',(0.,0.962624246950012,0.270840468143005));
#11005=DIRECTION('',(-1.,0.,0.));
#11006=DIRECTION('',(0.,0.962624246950012,0.270840468143005));
#11007=DIRECTION('',(1.,0.,0.));
#11008=DIRECTION('',(0.,0.962624246950012,0.270840468143005));
#11009=DIRECTION('',(1.,0.,0.));
#11010=DIRECTION('',(0.,0.270840468143005,-0.962624246950012));
#11011=DIRECTION('',(1.,5.638003987065E-17,-2.00386573674211E-16));
#11012=DIRECTION('',(-2.08166970974519E-16,0.270840468143005,-0.962624246950012));
#11013=DIRECTION('',(-1.,0.,0.));
#11014=DIRECTION('',(0.,0.962624246950012,0.270840468143005));
#11015=DIRECTION('',(-1.,-5.638003987065E-17,2.00386573674211E-16));
#11016=DIRECTION('',(0.,-0.962624246950012,-0.270840468143005));
#11017=DIRECTION('',(-1.,0.,0.));
#11018=DIRECTION('',(0.,-0.962624246950012,-0.270840468143005));
#11019=DIRECTION('',(-1.,0.,0.));
#11020=DIRECTION('',(0.,0.962624246950012,0.270840468143005));
#11021=DIRECTION('',(1.,5.638003987065E-17,-2.00386573674211E-16));
#11022=DIRECTION('',(0.,-0.962624246950012,-0.270840468143005));
#11023=DIRECTION('',(1.,0.,0.));
#11024=DIRECTION('',(0.,-0.962624246950012,-0.270840468143005));
#11025=DIRECTION('',(-1.,0.,0.));
#11026=DIRECTION('',(0.,-0.962624246950012,-0.270840468143005));
#11027=DIRECTION('',(1.,0.,0.));
#11028=DIRECTION('',(0.,-0.962624246950012,-0.270840468143005));
#11029=DIRECTION('',(1.,5.638003987065E-17,-2.00386573674211E-16));
#11030=DIRECTION('',(0.,-0.962624246950012,-0.270840468143005));
#11031=DIRECTION('',(-1.,-5.638003987065E-17,2.00386573674211E-16));
#11032=DIRECTION('',(0.,-0.962624246950012,-0.270840468143005));
#11033=DIRECTION('',(-1.,0.,0.));
#11034=DIRECTION('',(0.,-0.270840468143005,0.962624246950012));
#11035=DIRECTION('',(1.,5.638003987065E-17,-2.00386573674211E-16));
#11036=DIRECTION('',(-2.08166970974519E-16,0.270840468143005,-0.962624246950012));
#11037=DIRECTION('',(-1.,0.,0.));
#11038=DIRECTION('',(-1.07068512683576E-16,0.270840468143005,-0.962624246950012));
#11039=DIRECTION('',(-1.,-5.638003987065E-17,2.00386573674211E-16));
#11040=DIRECTION('',(-2.00314541178434E-16,0.270840468143005,-0.962624246950012));
#11041=DIRECTION('',(1.,5.638003987065E-17,-2.00386573674211E-16));
#11042=DIRECTION('',(0.,0.270840468143005,-0.962624246950012));
#11043=DIRECTION('',(1.,0.,0.));
#11044=DIRECTION('',(0.,-0.270840468143005,0.962624246950012));
#11045=DIRECTION('',(1.,0.,0.));
#11046=DIRECTION('',(-1.07068512683576E-16,0.270840468143005,-0.962624246950012));
#11047=DIRECTION('',(-1.,-5.638003987065E-17,2.00386573674211E-16));
#11048=DIRECTION('',(0.,0.270840468143005,-0.962624246950012));
#11049=DIRECTION('',(1.,5.638003987065E-17,-2.00386573674211E-16));
#11050=DIRECTION('',(-2.00314541178434E-16,0.270840468143005,-0.962624246950012));
#11051=DIRECTION('',(1.,0.,0.));
#11052=DIRECTION('',(0.,-0.270840468143005,0.962624246950012));
#11053=DIRECTION('',(1.,0.,0.));
#11054=DIRECTION('',(0.,0.270840468143005,-0.962624246950012));
#11055=DIRECTION('',(-1.,0.,0.));
#11056=DIRECTION('',(0.,-0.270840468143005,0.962624246950012));
#11057=DIRECTION('',(-1.,0.,0.));
#11058=DIRECTION('',(0.,0.270840468143002,-0.962624246950013));
#11059=DIRECTION('',(0.,0.,1.));
#11060=DIRECTION('',(1.,0.,0.));
#11061=DIRECTION('',(-1.,0.,0.));
#11062=DIRECTION('',(0.,0.916562255869976,0.399892024319741));
#11063=DIRECTION('',(1.,8.32443114195091E-17,-1.90797988514025E-16));
#11064=DIRECTION('',(0.,0.916562255869976,0.399892024319741));
#11065=DIRECTION('',(1.,0.,0.));
#11066=DIRECTION('',(0.,0.916562255869976,0.399892024319741));
#11067=DIRECTION('',(-1.,0.,0.));
#11068=DIRECTION('',(0.,0.916562255869976,0.399892024319741));
#11069=DIRECTION('',(-1.,-8.32443114195091E-17,1.90797988514025E-16));
#11070=DIRECTION('',(0.,0.916562255869976,0.399892024319741));
#11071=DIRECTION('',(-1.,0.,0.));
#11072=DIRECTION('',(0.,0.916562255869976,0.399892024319741));
#11073=DIRECTION('',(1.,0.,0.));
#11074=DIRECTION('',(0.,0.916562255869976,0.399892024319741));
#11075=DIRECTION('',(1.,0.,0.));
#11076=DIRECTION('',(0.,0.399892024319741,-0.916562255869976));
#11077=DIRECTION('',(1.,8.32443114195091E-17,-1.90797988514025E-16));
#11078=DIRECTION('',(-2.08166970974519E-16,0.399892024319741,-0.916562255869976));
#11079=DIRECTION('',(-1.,0.,0.));
#11080=DIRECTION('',(0.,0.916562255869976,0.399892024319741));
#11081=DIRECTION('',(-1.,-8.32443114195091E-17,1.90797988514025E-16));
#11082=DIRECTION('',(0.,-0.916562255869976,-0.399892024319741));
#11083=DIRECTION('',(-1.,0.,0.));
#11084=DIRECTION('',(0.,-0.916562255869976,-0.399892024319741));
#11085=DIRECTION('',(-1.,0.,0.));
#11086=DIRECTION('',(0.,0.916562255869976,0.399892024319741));
#11087=DIRECTION('',(1.,8.32443114195091E-17,-1.90797988514025E-16));
#11088=DIRECTION('',(0.,-0.916562255869976,-0.399892024319741));
#11089=DIRECTION('',(1.,0.,0.));
#11090=DIRECTION('',(0.,-0.916562255869976,-0.399892024319741));
#11091=DIRECTION('',(-1.,0.,0.));
#11092=DIRECTION('',(0.,-0.916562255869976,-0.399892024319741));
#11093=DIRECTION('',(1.,0.,0.));
#11094=DIRECTION('',(0.,-0.916562255869976,-0.399892024319741));
#11095=DIRECTION('',(1.,8.32443114195091E-17,-1.90797988514025E-16));
#11096=DIRECTION('',(0.,-0.916562255869976,-0.399892024319741));
#11097=DIRECTION('',(-1.,-8.32443114195091E-17,1.90797988514025E-16));
#11098=DIRECTION('',(0.,-0.916562255869976,-0.399892024319741));
#11099=DIRECTION('',(-1.,0.,0.));
#11100=DIRECTION('',(0.,-0.399892024319741,0.916562255869976));
#11101=DIRECTION('',(1.,8.32443114195091E-17,-1.90797988514025E-16));
#11102=DIRECTION('',(-2.08166970974519E-16,0.399892024319741,-0.916562255869976));
#11103=DIRECTION('',(-1.,0.,0.));
#11104=DIRECTION('',(-1.07068512683576E-16,0.399892024319741,-0.916562255869976));
#11105=DIRECTION('',(-1.,-8.32443114195091E-17,1.90797988514025E-16));
#11106=DIRECTION('',(-2.00314541178434E-16,0.399892024319741,-0.916562255869976));
#11107=DIRECTION('',(1.,8.32443114195091E-17,-1.90797988514025E-16));
#11108=DIRECTION('',(0.,0.399892024319741,-0.916562255869976));
#11109=DIRECTION('',(1.,0.,0.));
#11110=DIRECTION('',(0.,-0.399892024319741,0.916562255869976));
#11111=DIRECTION('',(1.,0.,0.));
#11112=DIRECTION('',(-1.07068512683576E-16,0.399892024319741,-0.916562255869976));
#11113=DIRECTION('',(-1.,-8.32443114195091E-17,1.90797988514025E-16));
#11114=DIRECTION('',(0.,0.399892024319741,-0.916562255869976));
#11115=DIRECTION('',(1.,8.32443114195091E-17,-1.90797988514025E-16));
#11116=DIRECTION('',(-2.00314541178434E-16,0.399892024319741,-0.916562255869976));
#11117=DIRECTION('',(1.,0.,0.));
#11118=DIRECTION('',(0.,-0.399892024319741,0.916562255869976));
#11119=DIRECTION('',(1.,0.,0.));
#11120=DIRECTION('',(0.,0.399892024319741,-0.916562255869976));
#11121=DIRECTION('',(-1.,0.,0.));
#11122=DIRECTION('',(0.,-0.399892024319741,0.916562255869976));
#11123=DIRECTION('',(-1.,0.,0.));
#11124=DIRECTION('',(0.,0.399892024319735,-0.916562255869979));
#11125=DIRECTION('',(0.,0.,1.));
#11126=DIRECTION('',(1.,0.,0.));
#11127=DIRECTION('',(-1.,0.,0.));
#11128=DIRECTION('',(0.,1.,0.));
#11129=DIRECTION('',(1.,0.,-2.08166970974519E-16));
#11130=DIRECTION('',(0.,1.,0.));
#11131=DIRECTION('',(1.,0.,0.));
#11132=DIRECTION('',(0.,1.,0.));
#11133=DIRECTION('',(-1.,0.,0.));
#11134=DIRECTION('',(0.,1.,0.));
#11135=DIRECTION('',(-1.,0.,2.08166970974519E-16));
#11136=DIRECTION('',(0.,1.,0.));
#11137=DIRECTION('',(-1.,0.,0.));
#11138=DIRECTION('',(0.,1.,0.));
#11139=DIRECTION('',(1.,0.,0.));
#11140=DIRECTION('',(0.,1.,0.));
#11141=DIRECTION('',(1.,0.,0.));
#11142=DIRECTION('',(0.,0.,-1.));
#11143=DIRECTION('',(1.,0.,-2.08166970974519E-16));
#11144=DIRECTION('',(-2.08166970974519E-16,0.,-1.));
#11145=DIRECTION('',(-1.,0.,0.));
#11146=DIRECTION('',(0.,1.,0.));
#11147=DIRECTION('',(-1.,0.,2.08166970974519E-16));
#11148=DIRECTION('',(0.,-1.,0.));
#11149=DIRECTION('',(-1.,0.,0.));
#11150=DIRECTION('',(0.,-1.,0.));
#11151=DIRECTION('',(-1.,0.,0.));
#11152=DIRECTION('',(0.,1.,0.));
#11153=DIRECTION('',(1.,0.,-2.08166970974519E-16));
#11154=DIRECTION('',(0.,-1.,0.));
#11155=DIRECTION('',(1.,0.,0.));
#11156=DIRECTION('',(0.,-1.,0.));
#11157=DIRECTION('',(-1.,0.,0.));
#11158=DIRECTION('',(0.,-1.,0.));
#11159=DIRECTION('',(1.,0.,0.));
#11160=DIRECTION('',(0.,-1.,0.));
#11161=DIRECTION('',(1.,0.,-2.08166970974519E-16));
#11162=DIRECTION('',(0.,-1.,0.));
#11163=DIRECTION('',(-1.,0.,2.08166970974519E-16));
#11164=DIRECTION('',(0.,-1.,0.));
#11165=DIRECTION('',(-1.,0.,0.));
#11166=DIRECTION('',(0.,0.,1.));
#11167=DIRECTION('',(1.,0.,-2.08166970974519E-16));
#11168=DIRECTION('',(-2.08166970974519E-16,0.,-1.));
#11169=DIRECTION('',(-1.,0.,0.));
#11170=DIRECTION('',(-1.07068512683576E-16,0.,-1.));
#11171=DIRECTION('',(-1.,0.,2.08166970974519E-16));
#11172=DIRECTION('',(-2.00314541178434E-16,0.,-1.));
#11173=DIRECTION('',(1.,0.,-2.08166970974519E-16));
#11174=DIRECTION('',(0.,0.,-1.));
#11175=DIRECTION('',(1.,0.,0.));
#11176=DIRECTION('',(0.,0.,1.));
#11177=DIRECTION('',(1.,0.,0.));
#11178=DIRECTION('',(-1.07068512683576E-16,0.,-1.));
#11179=DIRECTION('',(-1.,0.,2.08166970974519E-16));
#11180=DIRECTION('',(0.,0.,-1.));
#11181=DIRECTION('',(1.,0.,-2.08166970974519E-16));
#11182=DIRECTION('',(-2.00314541178434E-16,0.,-1.));
#11183=DIRECTION('',(1.,0.,0.));
#11184=DIRECTION('',(0.,0.,1.));
#11185=DIRECTION('',(1.,0.,0.));
#11186=DIRECTION('',(0.,0.,-1.));
#11187=DIRECTION('',(-1.,0.,0.));
#11188=DIRECTION('',(0.,0.,1.));
#11189=DIRECTION('',(-1.,0.,0.));
#11190=DIRECTION('',(0.,0.,-1.));
#11191=DIRECTION('',(0.,0.,1.));
#11192=DIRECTION('',(1.,0.,0.));
#11193=DIRECTION('',(-1.,0.,0.));
#11194=DIRECTION('',(0.,1.,0.));
#11195=DIRECTION('',(-1.,0.,0.));
#11196=DIRECTION('',(0.,1.,0.));
#11197=DIRECTION('',(-1.,0.,0.));
#11198=DIRECTION('',(0.,0.990611994413053,0.136703608310073));
#11199=DIRECTION('',(-1.,0.,0.));
#11200=DIRECTION('',(0.,0.990611994413053,0.136703608310073));
#11201=DIRECTION('',(-1.,0.,0.));
#11202=DIRECTION('',(0.,0.962624246950012,0.270840468143005));
#11203=DIRECTION('',(-1.,0.,0.));
#11204=DIRECTION('',(0.,0.962624246950012,0.270840468143005));
#11205=DIRECTION('',(-1.,0.,0.));
#11206=DIRECTION('',(0.,0.916562255869976,0.399892024319741));
#11207=DIRECTION('',(-1.,0.,0.));
#11208=DIRECTION('',(0.,0.916562255869976,0.399892024319741));
#11209=DIRECTION('',(1.,0.,0.));
#11210=DIRECTION('',(0.,0.761510678286893,0.648152363919963));
#11211=DIRECTION('',(-1.,0.,0.));
#11212=DIRECTION('',(0.,0.761510678286893,0.648152363919963));
#11213=DIRECTION('',(1.,0.,0.));
#11214=DIRECTION('',(1.,0.,0.));
#11215=DIRECTION('',(0.,0.761510678286893,0.648152363919963));
#11216=DIRECTION('',(-1.,0.,0.));
#11217=DIRECTION('',(0.,-1.,0.));
#11218=DIRECTION('',(0.,0.,-1.));
#11219=DIRECTION('',(0.,0.,1.));
#11220=DIRECTION('',(1.,0.,0.));
#11221=DIRECTION('',(0.,0.,-1.));
#11222=DIRECTION('',(-1.,0.,0.));
#11223=DIRECTION('',(0.,-0.772020921256319,-0.63559711857634));
#11224=DIRECTION('',(1.,0.,0.));
#11225=DIRECTION('',(0.,-0.772020921256319,-0.63559711857634));
#11226=DIRECTION('',(-1.,0.,0.));
#11227=DIRECTION('',(0.,-0.772020921256319,-0.63559711857634));
#11228=DIRECTION('',(-1.,0.,0.));
#11229=DIRECTION('',(0.,-0.192032605714882,-0.98138854606234));
#11230=DIRECTION('',(0.,0.98138854606234,-0.192032605714882));
#11231=DIRECTION('',(0.,-0.98138854606234,0.192032605714882));
#11232=DIRECTION('',(1.,0.,0.));
#11233=DIRECTION('',(0.,0.98138854606234,-0.192032605714882));
#11234=DIRECTION('',(-1.,0.,0.));
#11235=DIRECTION('',(0.,-0.216439613938103,0.976296007119933));
#11236=DIRECTION('',(1.,0.,0.));
#11237=DIRECTION('',(0.,0.475514542906034,-0.879707860306401));
#11238=DIRECTION('',(0.,0.376917199437708,0.926246956684898));
#11239=DIRECTION('',(-1.,0.,0.));
#11240=DIRECTION('',(0.,-0.461047174428637,0.887375626750797));
#11241=DIRECTION('',(-1.,0.,0.));
#11242=DIRECTION('',(0.,0.342020143325675,0.939692620785906));
#11243=DIRECTION('',(0.,0.17364818002179,-0.984807752596983));
#11244=DIRECTION('',(1.,0.,0.));
#11245=DIRECTION('',(0.,0.258819045102528,0.965925826289067));
#11246=DIRECTION('',(0.,0.642787607854677,0.766044444656093));
#11247=DIRECTION('',(-1.,0.,0.));
#11248=DIRECTION('',(0.,0.342020143325675,0.939692620785906));
#11249=DIRECTION('',(1.,0.,0.));
#11250=DIRECTION('',(0.,-0.229468266378435,-0.973316143257306));
#11251=DIRECTION('',(0.,0.342020143325675,0.939692620785906));
#11252=DIRECTION('',(0.,0.766044443118973,-0.642787609686545));
#11253=DIRECTION('',(1.,0.,0.));
#11254=DIRECTION('',(0.,0.642787609686545,0.766044443118973));
#11255=DIRECTION('',(1.,0.,0.));
#11256=DIRECTION('',(0.,0.342020143325675,0.939692620785906));
#11257=DIRECTION('',(0.,0.216439613938099,-0.976296007119934));
#11258=DIRECTION('',(-1.,0.,0.));
#11259=DIRECTION('',(0.,0.342020143325675,0.939692620785906));
#11260=DIRECTION('',(0.,0.55297613336027,-0.833197093090179));
#11261=DIRECTION('',(1.,0.,0.));
#11262=DIRECTION('',(0.,-0.149042266176167,0.98883082622513));
#11263=DIRECTION('',(0.,0.282819796208131,0.959173062003303));
#11264=DIRECTION('',(-1.,0.,0.));
#11265=DIRECTION('',(0.,0.342020143325675,0.939692620785906));
#11266=DIRECTION('',(-1.,0.,0.));
#11267=DIRECTION('',(0.,0.557502753558298,0.830175089830402));
#11268=DIRECTION('',(0.,0.270840468142995,-0.962624246950015));
#11269=DIRECTION('',(1.,0.,0.));
#11270=DIRECTION('',(0.,-0.571020636808438,-0.820935705362415));
#11271=DIRECTION('',(0.,0.996718610949157,0.0809444907796831));
#11272=DIRECTION('',(1.,0.,0.));
#11273=DIRECTION('',(0.,0.696002317493235,-0.718039535153912));
#11274=DIRECTION('',(0.,0.111964475906609,0.993712209915405));
#11275=DIRECTION('',(-1.,0.,0.));
#11276=DIRECTION('',(0.,-0.684152419260678,0.729339061904517));
#11277=DIRECTION('',(-1.,0.,0.));
#11278=DIRECTION('',(0.,0.342020143325675,0.939692620785906));
#11279=DIRECTION('',(0.,0.433883741271944,-0.900968866864922));
#11280=DIRECTION('',(1.,0.,0.));
#11281=DIRECTION('',(0.,-0.0124663145954079,0.999922292480975));
#11282=DIRECTION('',(0.,0.411287100950903,0.911505853295195));
#11283=DIRECTION('',(-1.,0.,0.));
#11284=DIRECTION('',(0.,0.342020143325675,0.939692620785906));
#11285=DIRECTION('',(0.,0.306644743209324,-0.951824039128077));
#11286=DIRECTION('',(1.,0.,0.));
#11287=DIRECTION('',(0.,0.124343704647492,0.992239206600171));
#11288=DIRECTION('',(0.,0.532032074490542,0.846724200500547));
#11289=DIRECTION('',(-1.,0.,0.));
#11290=DIRECTION('',(0.,0.342020143325675,0.939692620785906));
#11291=DIRECTION('',(1.,0.,0.));
#11292=DIRECTION('',(0.,-1.,0.));
#11293=DIRECTION('',(1.,0.,0.));
#11294=DIRECTION('',(0.,-1.,0.));
#11295=DIRECTION('',(1.,0.,0.));
#11296=DIRECTION('',(0.,-1.,0.));
#11297=DIRECTION('',(-1.,0.,0.));
#11298=DIRECTION('',(0.,0.,1.));
#11299=DIRECTION('',(-1.,0.,0.));
#11300=DIRECTION('',(0.,0.,1.));
#11301=DIRECTION('',(-1.,0.,0.));
#11302=DIRECTION('',(0.,0.475514542906034,-0.879707860306401));
#11303=DIRECTION('',(-1.,0.,0.));
#11304=DIRECTION('',(0.,0.475514542906034,-0.879707860306401));
#11305=DIRECTION('',(-1.,0.,0.));
#11306=DIRECTION('',(1.,0.,0.));
#11307=DIRECTION('',(0.,0.216439613938103,-0.976296007119933));
#11308=DIRECTION('',(1.,0.,0.));
#11309=DIRECTION('',(0.,0.342020143325675,0.939692620785906));
#11310=DIRECTION('',(1.,0.,0.));
#11311=DIRECTION('',(0.,0.,-1.));
#11312=DIRECTION('',(1.,0.,0.));
#11313=DIRECTION('',(0.,0.342020143325675,0.939692620785906));
#11314=DIRECTION('',(1.,0.,0.));
#11315=DIRECTION('',(0.,0.,-1.));
#11316=DIRECTION('',(1.,0.,0.));
#11317=DIRECTION('',(0.,0.342020143325675,0.939692620785906));
#11318=DIRECTION('',(1.,0.,0.));
#11319=DIRECTION('',(0.,-0.684152419260678,0.729339061904517));
#11320=DIRECTION('',(0.,-0.111964475906609,-0.993712209915405));
#11321=DIRECTION('',(-1.,0.,0.));
#11322=DIRECTION('',(0.,0.696002317493235,-0.718039535153912));
#11323=DIRECTION('',(0.,-0.996718610949157,-0.0809444907796831));
#11324=DIRECTION('',(-1.,0.,0.));
#11325=DIRECTION('',(0.,-0.571020636808438,-0.820935705362415));
#11326=DIRECTION('',(0.,-0.270840468142995,0.962624246950015));
#11327=DIRECTION('',(1.,0.,0.));
#11328=DIRECTION('',(0.,0.557502753558298,0.830175089830402));
#11329=DIRECTION('',(1.,0.,0.));
#11330=DIRECTION('',(0.,0.342020143325675,0.939692620785906));
#11331=DIRECTION('',(1.,0.,0.));
#11332=DIRECTION('',(0.,0.,-1.));
#11333=DIRECTION('',(0.,0.182400967725746,-0.983224230261191));
#11334=DIRECTION('',(-1.,0.,0.));
#11335=DIRECTION('',(0.,-0.181734784785933,0.983347582495025));
#11336=DIRECTION('',(0.,-0.216439613938099,0.976296007119934));
#11337=DIRECTION('',(1.,0.,0.));
#11338=DIRECTION('',(0.,0.342020143325675,0.939692620785906));
#11339=DIRECTION('',(-1.,0.,0.));
#11340=DIRECTION('',(0.,0.342020143325677,0.939692620785905));
#11341=DIRECTION('',(0.,-0.342020143325675,-0.939692620785906));
#11342=DIRECTION('',(1.,0.,0.));
#11343=DIRECTION('',(0.,-0.229468266378435,-0.973316143257306));
#11344=DIRECTION('',(1.,0.,0.));
#11345=DIRECTION('',(0.,0.342020143325675,0.939692620785906));
#11346=DIRECTION('',(1.,0.,0.));
#11347=DIRECTION('',(0.,0.342020143325675,0.939692620785906));
#11348=DIRECTION('',(1.,0.,0.));
#11349=DIRECTION('',(0.,0.342020143325675,0.939692620785906));
#11350=DIRECTION('',(1.,0.,0.));
#11351=DIRECTION('',(0.,-0.461047174428637,0.887375626750797));
#11352=DIRECTION('',(0.,-0.376917199437708,-0.926246956684898));
#11353=DIRECTION('',(1.,0.,0.));
#11354=DIRECTION('',(0.,-1.,0.));
#11355=DIRECTION('',(1.,0.,0.));
#11356=DIRECTION('',(0.,-1.,0.));
#11357=DIRECTION('',(0.,0.926246956684898,-0.376917199437708));
#11358=DIRECTION('',(0.,0.376917199437708,0.926246956684898));
#11359=DIRECTION('',(1.,0.,0.));
#11360=DIRECTION('',(-1.,0.,0.));
#11361=DIRECTION('',(0.,-0.461047174428637,0.887375626750797));
#11362=DIRECTION('',(-1.,0.,0.));
#11363=DIRECTION('',(1.,0.,0.));
#11364=DIRECTION('',(0.,0.557502753558298,0.830175089830402));
#11365=DIRECTION('',(1.,0.,0.));
#11366=DIRECTION('',(-1.,0.,0.));
#11367=DIRECTION('',(0.,-0.962624246950015,-0.270840468142995));
#11368=DIRECTION('',(0.,0.270840468142995,-0.962624246950015));
#11369=DIRECTION('',(1.,0.,0.));
#11370=DIRECTION('',(-1.,0.,0.));
#11371=DIRECTION('',(0.,-0.571020636808438,-0.820935705362415));
#11372=DIRECTION('',(-1.,0.,0.));
#11373=DIRECTION('',(0.,0.0809444907796831,-0.996718610949157));
#11374=DIRECTION('',(0.,0.996718610949157,0.0809444907796831));
#11375=DIRECTION('',(1.,0.,0.));
#11376=DIRECTION('',(-1.,0.,0.));
#11377=DIRECTION('',(0.,-0.684152419260678,0.729339061904517));
#11378=DIRECTION('',(-1.,0.,0.));
#11379=DIRECTION('',(1.,0.,0.));
#11380=DIRECTION('',(0.,0.993712209915405,-0.111964475906609));
#11381=DIRECTION('',(0.,0.111964475906609,0.993712209915405));
#11382=DIRECTION('',(-1.,0.,0.));
#11383=DIRECTION('',(-1.,0.,0.));
#11384=DIRECTION('',(0.,0.696002317493235,-0.718039535153912));
#11385=DIRECTION('',(1.,0.,0.));
#11386=DIRECTION('',(0.,-1.,0.));
#11387=DIRECTION('',(1.,0.,0.));
#11388=DIRECTION('',(0.,0.342020143325675,0.939692620785906));
#11389=DIRECTION('',(1.,0.,0.));
#11390=DIRECTION('',(1.,0.,0.));
#11391=DIRECTION('',(0.,0.342020143325675,0.939692620785906));
#11392=DIRECTION('',(-1.,0.,0.));
#11393=DIRECTION('',(1.,0.,0.));
#11394=DIRECTION('',(0.,-1.,0.));
#11395=DIRECTION('',(1.,0.,0.));
#11396=DIRECTION('',(0.,0.342020143325675,0.939692620785906));
#11397=DIRECTION('',(1.,0.,0.));
#11398=DIRECTION('',(1.,0.,0.));
#11399=DIRECTION('',(0.,0.342020143325675,0.939692620785906));
#11400=DIRECTION('',(-1.,0.,0.));
#11401=DIRECTION('',(1.,0.,0.));
#11402=DIRECTION('',(0.,-1.,0.));
#11403=DIRECTION('',(-1.,0.,0.));
#11404=DIRECTION('',(0.,-1.,0.));
#11405=DIRECTION('',(1.,0.,0.));
#11406=DIRECTION('',(0.,-1.,0.));
#11407=DIRECTION('',(-1.,0.,0.));
#11408=DIRECTION('',(0.,-1.,0.));
#11409=DIRECTION('',(1.,0.,0.));
#11410=DIRECTION('',(0.,-1.,0.));
#11411=DIRECTION('',(-1.,0.,0.));
#11412=DIRECTION('',(0.,-1.,0.));
#11413=DIRECTION('',(0.,-0.983224230261191,-0.182400967725746));
#11414=DIRECTION('',(0.,0.182400967725746,-0.983224230261191));
#11415=DIRECTION('',(1.,0.,0.));
#11416=DIRECTION('',(0.,0.182400967725746,-0.983224230261191));
#11417=DIRECTION('',(1.,0.,0.));
#11418=DIRECTION('',(-1.,0.,0.));
#11419=DIRECTION('',(0.,-0.181734784785933,0.983347582495025));
#11420=DIRECTION('',(-1.,0.,0.));
#11421=DIRECTION('',(0.,-0.181734784785933,0.983347582495025));
#11422=DIRECTION('',(-1.,0.,0.));
#11423=DIRECTION('',(1.,0.,0.));
#11424=DIRECTION('',(0.,0.342020143325675,0.939692620785906));
#11425=DIRECTION('',(-1.,0.,0.));
#11426=DIRECTION('',(1.,0.,0.));
#11427=DIRECTION('',(0.,-0.115513025164283,0.993305965459483));
#11428=DIRECTION('',(1.,0.,0.));
#11429=DIRECTION('',(0.,0.,1.));
#11430=DIRECTION('',(1.,0.,0.));
#11431=DIRECTION('',(0.,1.,0.));
#11432=DIRECTION('',(1.,0.,0.));
#11433=DIRECTION('',(0.,0.342020143325675,0.939692620785906));
#11434=DIRECTION('',(0.,-0.216439613938099,0.976296007119934));
#11435=DIRECTION('',(0.,0.976296007119934,0.216439613938099));
#11436=DIRECTION('',(0.,0.216439613938099,-0.976296007119934));
#11437=DIRECTION('',(-1.,0.,0.));
#11438=DIRECTION('',(-0.727676559913715,0.148460351146209,-0.669661368371871));
#11439=DIRECTION('',(0.,-0.216439613938099,0.976296007119934));
#11440=DIRECTION('',(-0.707106781186555,0.153045918733027,-0.690345527079849));
#11441=DIRECTION('',(0.,0.216439613938099,-0.976296007119934));
#11442=DIRECTION('',(1.,0.,0.));
#11443=DIRECTION('',(0.,-0.216439613938099,0.976296007119934));
#11444=DIRECTION('',(1.,0.,0.));
#11445=DIRECTION('',(0.,0.216439613938099,-0.976296007119934));
#11446=DIRECTION('',(1.,0.,0.));
#11447=DIRECTION('',(0.,-0.976296007119934,-0.216439613938099));
#11448=DIRECTION('',(0.,-0.216439613938099,0.976296007119934));
#11449=DIRECTION('',(1.,0.,0.));
#11450=DIRECTION('',(-1.,0.,0.));
#11451=DIRECTION('',(0.,-0.216439613938103,0.976296007119933));
#11452=DIRECTION('',(1.,0.,0.));
#11453=DIRECTION('',(0.,0.342020143325675,0.939692620785906));
#11454=DIRECTION('',(-1.,0.,0.));
#11455=DIRECTION('',(0.,0.342020143325677,0.939692620785905));
#11456=DIRECTION('',(5.77315972805083E-13,0.342020143325675,0.939692620785906));
#11457=DIRECTION('',(-1.,0.,0.));
#11458=DIRECTION('',(0.,0.342020143325677,0.939692620785905));
#11459=DIRECTION('',(1.,0.,0.));
#11460=DIRECTION('',(0.,0.342020143325675,0.939692620785906));
#11461=DIRECTION('',(1.,0.,0.));
#11462=DIRECTION('',(0.,0.342020143325677,0.939692620785905));
#11463=DIRECTION('',(-1.,0.,0.));
#11464=DIRECTION('',(0.,0.342020143325677,0.939692620785905));
#11465=DIRECTION('',(-1.,0.,0.));
#11466=DIRECTION('',(-1.,0.,0.));
#11467=DIRECTION('',(1.,0.,0.));
#11468=DIRECTION('',(0.,0.216439613938103,-0.976296007119933));
#11469=DIRECTION('',(1.,0.,0.));
#11470=DIRECTION('',(0.,0.342020143325675,0.939692620785906));
#11471=DIRECTION('',(-1.,0.,0.));
#11472=DIRECTION('',(0.,0.342020143325677,0.939692620785905));
#11473=DIRECTION('',(0.,-0.342020143325675,-0.939692620785906));
#11474=DIRECTION('',(1.,0.,0.));
#11475=DIRECTION('',(0.,0.342020143325675,0.939692620785906));
#11476=DIRECTION('',(0.707106781186552,0.241844762647978,0.664463024388669));
#11477=DIRECTION('',(0.707106781186552,0.241844762647978,0.664463024388669));
#11478=DIRECTION('',(-1.,0.,0.));
#11479=DIRECTION('',(0.,0.342020143325677,0.939692620785905));
#11480=DIRECTION('',(0.,0.939692620785906,-0.342020143325675));
#11481=DIRECTION('',(-1.,-1.62013285549125E-14,-4.45127843697866E-14));
#11482=DIRECTION('',(-1.,0.,0.));
#11483=DIRECTION('',(0.,0.342020143325677,0.939692620785905));
#11484=DIRECTION('',(0.,-0.939692620785906,0.342020143325675));
#11485=DIRECTION('',(-1.,-1.62013285549125E-14,-4.45127843697866E-14));
#11486=DIRECTION('',(1.,0.,0.));
#11487=DIRECTION('',(0.,0.342020143325677,0.939692620785905));
#11488=DIRECTION('',(-1.,2.00828968545269E-13,5.51773056250478E-13));
#11489=DIRECTION('',(-1.,2.00828968545269E-13,5.51773056250478E-13));
#11490=DIRECTION('',(1.,0.,0.));
#11491=DIRECTION('',(0.,0.342020143325677,0.939692620785905));
#11492=DIRECTION('',(-1.,0.,0.));
#11493=DIRECTION('',(-1.,0.,0.));
#11494=DIRECTION('',(0.,0.342020143325677,0.939692620785905));
#11495=DIRECTION('',(-1.,0.,0.));
#11496=DIRECTION('',(1.,0.,0.));
#11497=DIRECTION('',(0.,0.342020143325677,0.939692620785905));
#11498=DIRECTION('',(-1.,4.55662365607036E-14,1.25192206040058E-13));
#11499=DIRECTION('',(-1.,4.55662365607036E-14,1.25192206040058E-13));
#11500=DIRECTION('',(1.,0.,0.));
#11501=DIRECTION('',(0.,0.342020143325675,0.939692620785906));
#11502=DIRECTION('',(1.,0.,0.));
#11503=DIRECTION('',(0.,0.342020143325675,0.939692620785906));
#11504=DIRECTION('',(1.,0.,0.));
#11505=DIRECTION('',(0.,0.342020143325675,0.939692620785906));
#11506=DIRECTION('',(-1.,0.,0.));
#11507=DIRECTION('',(0.,0.216439613938103,-0.976296007119933));
#11508=DIRECTION('',(1.,0.,0.));
#11509=DIRECTION('',(0.,0.342020143325675,0.939692620785906));
#11510=DIRECTION('',(1.,0.,0.));
#11511=DIRECTION('',(0.,0.342020143325675,0.939692620785906));
#11512=DIRECTION('',(1.,0.,0.));
#11513=DIRECTION('',(0.,0.642787609686545,0.766044443118973));
#11514=DIRECTION('',(0.72767655991371,0.440901147946926,0.525445527044652));
#11515=DIRECTION('',(1.,0.,0.));
#11516=DIRECTION('',(0.,0.642787609686541,0.766044443118976));
#11517=DIRECTION('',(0.727676559913713,0.234598600752119,0.644554358202078));
#11518=DIRECTION('',(0.,-0.939692620785906,0.342020143325675));
#11519=DIRECTION('',(0.,-0.342020143325675,-0.939692620785906));
#11520=DIRECTION('',(0.706007294735483,0.242220225350648,0.665494599686103));
#11521=DIRECTION('',(1.,0.,0.));
#11522=DIRECTION('',(0.,0.342020143325675,0.939692620785906));
#11523=DIRECTION('',(0.,0.342020143325675,0.939692620785906));
#11524=DIRECTION('',(-1.,0.,0.));
#11525=DIRECTION('',(0.,0.,1.));
#11526=DIRECTION('',(0.,-0.766044443118973,0.642787609686545));
#11527=DIRECTION('',(1.,0.,0.));
#11528=DIRECTION('',(0.,-0.229468266378435,-0.973316143257306));
#11529=DIRECTION('',(-1.,0.,0.));
#11530=DIRECTION('',(0.685920421151134,-0.467741476571861,-0.557432585109828));
#11531=DIRECTION('',(-0.72767655991371,-0.440901147946926,-0.525445527044652));
#11532=DIRECTION('',(0.,0.959173062003303,-0.282819796208131));
#11533=DIRECTION('',(0.,-0.282819796208131,-0.959173062003303));
#11534=DIRECTION('',(-1.,0.,0.));
#11535=DIRECTION('',(0.,0.282819796208131,0.959173062003303));
#11536=DIRECTION('',(-1.,0.,0.));
#11537=DIRECTION('',(0.,0.,1.));
#11538=DIRECTION('',(-1.,0.,0.));
#11539=DIRECTION('',(0.,0.916562255869976,0.399892024319741));
#11540=DIRECTION('',(1.,0.,0.));
#11541=DIRECTION('',(0.,-0.916562255869976,-0.399892024319741));
#11542=DIRECTION('',(0.,-0.833197093090179,-0.55297613336027));
#11543=DIRECTION('',(0.,-0.55297613336027,0.833197093090179));
#11544=DIRECTION('',(1.,0.,0.));
#11545=DIRECTION('',(0.,0.55297613336027,-0.833197093090179));
#11546=DIRECTION('',(-1.,0.,0.));
#11547=DIRECTION('',(-1.,0.,0.));
#11548=DIRECTION('',(0.,0.258819045102528,0.965925826289066));
#11549=DIRECTION('',(1.,0.,0.));
#11550=DIRECTION('',(0.,-0.149042266176167,0.98883082622513));
#11551=DIRECTION('',(-1.,0.,0.));
#11552=DIRECTION('',(0.,0.916562255869976,0.399892024319741));
#11553=DIRECTION('',(-1.,0.,0.));
#11554=DIRECTION('',(0.,0.916562255869976,0.399892024319741));
#11555=DIRECTION('',(1.,0.,0.));
#11556=DIRECTION('',(0.,1.,0.));
#11557=DIRECTION('',(1.,0.,0.));
#11558=DIRECTION('',(0.,-0.403245209922786,-0.915091962960187));
#11559=DIRECTION('',(-1.,0.,0.));
#11560=DIRECTION('',(0.,-0.149042266176167,0.98883082622513));
#11561=DIRECTION('',(1.,0.,0.));
#11562=DIRECTION('',(0.,0.655058249617853,-0.755578380849793));
#11563=DIRECTION('',(1.,0.,0.));
#11564=DIRECTION('',(0.,-0.916562255869976,-0.399892024319741));
#11565=DIRECTION('',(1.,0.,0.));
#11566=DIRECTION('',(0.,-0.916562255869976,-0.399892024319741));
#11567=DIRECTION('',(1.,0.,0.));
#11568=DIRECTION('',(0.,1.,0.));
#11569=DIRECTION('',(1.,0.,0.));
#11570=DIRECTION('',(0.,0.342020143325675,0.939692620785906));
#11571=DIRECTION('',(-1.,0.,0.));
#11572=DIRECTION('',(1.,0.,0.));
#11573=DIRECTION('',(0.,0.911505853295195,-0.411287100950903));
#11574=DIRECTION('',(0.,-0.411287100950903,-0.911505853295195));
#11575=DIRECTION('',(-1.,0.,0.));
#11576=DIRECTION('',(0.,0.411287100950903,0.911505853295195));
#11577=DIRECTION('',(-1.,0.,0.));
#11578=DIRECTION('',(0.,0.,1.));
#11579=DIRECTION('',(-1.,0.,0.));
#11580=DIRECTION('',(0.,0.962624246950012,0.270840468143005));
#11581=DIRECTION('',(1.,0.,0.));
#11582=DIRECTION('',(0.,-0.962624246950012,-0.270840468143005));
#11583=DIRECTION('',(0.,-0.900968866864922,-0.433883741271944));
#11584=DIRECTION('',(0.,-0.433883741271944,0.900968866864922));
#11585=DIRECTION('',(1.,0.,0.));
#11586=DIRECTION('',(0.,0.433883741271944,-0.900968866864922));
#11587=DIRECTION('',(-1.,0.,0.));
#11588=DIRECTION('',(0.,0.258819045102528,0.965925826289066));
#11589=DIRECTION('',(1.,0.,0.));
#11590=DIRECTION('',(0.,-0.0124663145954079,0.999922292480975));
#11591=DIRECTION('',(-1.,0.,0.));
#11592=DIRECTION('',(0.,0.962624246950012,0.270840468143005));
#11593=DIRECTION('',(-1.,0.,0.));
#11594=DIRECTION('',(0.,0.962624246950012,0.270840468143005));
#11595=DIRECTION('',(1.,0.,0.));
#11596=DIRECTION('',(0.,1.,0.));
#11597=DIRECTION('',(1.,0.,0.));
#11598=DIRECTION('',(0.,-0.524555914911323,-0.851375999269151));
#11599=DIRECTION('',(-1.,0.,0.));
#11600=DIRECTION('',(0.,-0.0124663145954079,0.999922292480975));
#11601=DIRECTION('',(1.,0.,0.));
#11602=DIRECTION('',(0.,0.545618268087413,-0.838033833165041));
#11603=DIRECTION('',(1.,0.,0.));
#11604=DIRECTION('',(0.,-0.962624246950012,-0.270840468143005));
#11605=DIRECTION('',(1.,0.,0.));
#11606=DIRECTION('',(0.,-0.962624246950012,-0.270840468143005));
#11607=DIRECTION('',(1.,0.,0.));
#11608=DIRECTION('',(0.,1.,0.));
#11609=DIRECTION('',(0.,0.846724200500547,-0.532032074490542));
#11610=DIRECTION('',(0.,-0.532032074490542,-0.846724200500547));
#11611=DIRECTION('',(-1.,0.,0.));
#11612=DIRECTION('',(0.,0.532032074490542,0.846724200500547));
#11613=DIRECTION('',(-1.,0.,0.));
#11614=DIRECTION('',(0.,0.,1.));
#11615=DIRECTION('',(-1.,0.,0.));
#11616=DIRECTION('',(0.,0.990611994413053,0.136703608310073));
#11617=DIRECTION('',(1.,0.,0.));
#11618=DIRECTION('',(0.,-0.990611994413053,-0.136703608310073));
#11619=DIRECTION('',(0.,-0.951824039128077,-0.306644743209324));
#11620=DIRECTION('',(0.,-0.306644743209324,0.951824039128077));
#11621=DIRECTION('',(1.,0.,0.));
#11622=DIRECTION('',(0.,0.306644743209324,-0.951824039128077));
#11623=DIRECTION('',(-1.,0.,0.));
#11624=DIRECTION('',(0.,0.258819045102528,0.965925826289066));
#11625=DIRECTION('',(1.,0.,0.));
#11626=DIRECTION('',(0.,0.124343704647492,0.992239206600171));
#11627=DIRECTION('',(-1.,0.,0.));
#11628=DIRECTION('',(0.,0.990611994413053,0.136703608310073));
#11629=DIRECTION('',(-1.,0.,0.));
#11630=DIRECTION('',(0.,0.990611994413053,0.136703608310073));
#11631=DIRECTION('',(1.,0.,0.));
#11632=DIRECTION('',(0.,1.,0.));
#11633=DIRECTION('',(1.,0.,0.));
#11634=DIRECTION('',(0.,-0.636017552180166,-0.771674590302642));
#11635=DIRECTION('',(-1.,0.,0.));
#11636=DIRECTION('',(0.,0.124343704647492,0.992239206600171));
#11637=DIRECTION('',(1.,0.,0.));
#11638=DIRECTION('',(0.,0.425933751858699,-0.904754352864672));
#11639=DIRECTION('',(1.,0.,0.));
#11640=DIRECTION('',(0.,-0.990611994413053,-0.136703608310073));
#11641=DIRECTION('',(1.,0.,0.));
#11642=DIRECTION('',(0.,-0.990611994413053,-0.136703608310073));
#11643=DIRECTION('',(1.,0.,0.));
#11644=DIRECTION('',(0.,1.,0.));
#11645=DIRECTION('',(1.,0.,0.));
#11646=DIRECTION('',(0.,0.342020143325675,0.939692620785906));
#11647=DIRECTION('',(1.,0.,0.));
#11648=DIRECTION('',(0.,0.766044444656093,-0.642787607854677));
#11649=DIRECTION('',(0.,-0.642787607854677,-0.766044444656093));
#11650=DIRECTION('',(-1.,0.,0.));
#11651=DIRECTION('',(0.,0.642787607854677,0.766044444656093));
#11652=DIRECTION('',(-1.,0.,0.));
#11653=DIRECTION('',(0.,0.,1.));
#11654=DIRECTION('',(-1.,0.,0.));
#11655=DIRECTION('',(0.,1.,0.));
#11656=DIRECTION('',(1.,0.,0.));
#11657=DIRECTION('',(0.,-1.,0.));
#11658=DIRECTION('',(0.,-0.984807752596983,-0.17364818002179));
#11659=DIRECTION('',(0.,-0.17364818002179,0.984807752596983));
#11660=DIRECTION('',(1.,0.,0.));
#11661=DIRECTION('',(0.,0.17364818002179,-0.984807752596983));
#11662=DIRECTION('',(-1.,0.,0.));
#11663=DIRECTION('',(0.,0.258819045102528,0.965925826289066));
#11664=DIRECTION('',(1.,0.,0.));
#11665=DIRECTION('',(0.,0.258819045102528,0.965925826289066));
#11666=DIRECTION('',(-1.,0.,0.));
#11667=DIRECTION('',(0.,1.,0.));
#11668=DIRECTION('',(-1.,0.,0.));
#11669=DIRECTION('',(0.,1.,0.));
#11670=DIRECTION('',(1.,0.,0.));
#11671=DIRECTION('',(0.,1.,0.));
#11672=DIRECTION('',(1.,0.,0.));
#11673=DIRECTION('',(0.,-0.735537316782463,-0.677484210606015));
#11674=DIRECTION('',(-1.,0.,0.));
#11675=DIRECTION('',(0.,0.258819045102528,0.965925826289066));
#11676=DIRECTION('',(1.,0.,0.));
#11677=DIRECTION('',(0.,0.298251898745724,-0.954487194725299));
#11678=DIRECTION('',(1.,0.,0.));
#11679=DIRECTION('',(0.,-1.,0.));
#11680=DIRECTION('',(1.,0.,0.));
#11681=DIRECTION('',(0.,-1.,0.));
#11682=DIRECTION('',(1.,0.,0.));
#11683=DIRECTION('',(0.,1.,0.));
#11684=DIRECTION('',(1.,0.,0.));
#11685=DIRECTION('',(0.,0.298251898745724,-0.954487194725299));
#11686=DIRECTION('',(1.,0.,0.));
#11687=DIRECTION('',(1.,0.,0.));
#11688=DIRECTION('',(0.,0.258819045102528,0.965925826289066));
#11689=DIRECTION('',(-1.,0.,0.));
#11690=DIRECTION('',(1.,0.,0.));
#11691=DIRECTION('',(0.,0.258819045102528,0.965925826289066));
#11692=DIRECTION('',(-1.,0.,0.));
#11693=DIRECTION('',(0.,0.258819045102528,0.965925826289066));
#11694=DIRECTION('',(-1.,0.,0.));
#11695=DIRECTION('',(0.,-0.735537316782463,-0.677484210606015));
#11696=DIRECTION('',(1.,0.,0.));
#11697=DIRECTION('',(0.,0.425933751858699,-0.904754352864672));
#11698=DIRECTION('',(1.,0.,0.));
#11699=DIRECTION('',(1.,0.,0.));
#11700=DIRECTION('',(0.,0.258819045102528,0.965925826289066));
#11701=DIRECTION('',(-1.,0.,0.));
#11702=DIRECTION('',(1.,0.,0.));
#11703=DIRECTION('',(0.,0.124343704647492,0.992239206600171));
#11704=DIRECTION('',(-1.,0.,0.));
#11705=DIRECTION('',(0.,0.258819045102528,0.965925826289066));
#11706=DIRECTION('',(-1.,0.,0.));
#11707=DIRECTION('',(0.,-0.636017552180166,-0.771674590302642));
#11708=DIRECTION('',(1.,0.,0.));
#11709=DIRECTION('',(0.,0.545618268087413,-0.838033833165041));
#11710=DIRECTION('',(1.,0.,0.));
#11711=DIRECTION('',(1.,0.,0.));
#11712=DIRECTION('',(0.,0.258819045102528,0.965925826289066));
#11713=DIRECTION('',(-1.,0.,0.));
#11714=DIRECTION('',(1.,0.,0.));
#11715=DIRECTION('',(0.,-0.0124663145954077,0.999922292480975));
#11716=DIRECTION('',(-1.,0.,0.));
#11717=DIRECTION('',(0.,0.258819045102528,0.965925826289066));
#11718=DIRECTION('',(-1.,0.,0.));
#11719=DIRECTION('',(0.,-0.524555914911323,-0.851375999269151));
#11720=DIRECTION('',(1.,0.,0.));
#11721=DIRECTION('',(0.,0.655058249617853,-0.755578380849793));
#11722=DIRECTION('',(1.,0.,0.));
#11723=DIRECTION('',(1.,0.,0.));
#11724=DIRECTION('',(0.,0.258819045102528,0.965925826289066));
#11725=DIRECTION('',(-1.,0.,0.));
#11726=DIRECTION('',(1.,0.,0.));
#11727=DIRECTION('',(0.,-0.149042266176167,0.98883082622513));
#11728=DIRECTION('',(-1.,0.,0.));
#11729=DIRECTION('',(0.,0.258819045102528,0.965925826289066));
#11730=DIRECTION('',(-1.,0.,0.));
#11731=DIRECTION('',(0.,-0.403245209922786,-0.915091962960187));
#11732=DIRECTION('',(1.,0.,0.));
#11733=DIRECTION('',(0.,0.342020143325675,0.939692620785906));
#11734=DIRECTION('',(1.,0.,0.));
#11735=DIRECTION('',(0.,0.342020143325675,0.939692620785906));
#11736=DIRECTION('',(-1.,0.,0.));
#11737=DIRECTION('',(0.,-0.216439613938103,0.976296007119933));
#11738=DIRECTION('',(1.,0.,0.));
#11739=DIRECTION('',(0.,0.342020143325675,0.939692620785906));
#11740=DIRECTION('',(1.,0.,0.));
#11741=DIRECTION('',(0.,0.342020143325675,0.939692620785906));
#11742=DIRECTION('',(1.,0.,0.));
#11743=DIRECTION('',(0.,0.342020143325675,0.939692620785906));
#11744=DIRECTION('',(-1.,0.,0.));
#11745=DIRECTION('',(0.,0.,1.));
#11746=DIRECTION('',(1.,0.,0.));
#11747=DIRECTION('',(0.,0.342020143325674,0.939692620785906));
#11748=DIRECTION('',(1.,4.62223186652937E-33,-4.62223186652937E-33));
#11749=DIRECTION('',(-4.9303806576313E-33,0.342020143325675,0.939692620785906));
#11750=DIRECTION('',(1.,0.,0.));
#11751=DIRECTION('',(0.,0.342020143325675,0.939692620785906));
#11752=DIRECTION('',(0.,0.,1.));
#11753=DIRECTION('',(1.,0.,0.));
#11754=DIRECTION('',(1.,0.,0.));
#11755=DIRECTION('',(0.,-0.916562255869976,-0.399892024319741));
#11756=DIRECTION('',(1.,0.,0.));
#11757=DIRECTION('',(0.,-0.916562255869976,-0.399892024319741));
#11758=DIRECTION('',(1.,0.,0.));
#11759=DIRECTION('',(0.,-0.962624246950012,-0.270840468143005));
#11760=DIRECTION('',(1.,0.,0.));
#11761=DIRECTION('',(0.,-0.962624246950012,-0.270840468143005));
#11762=DIRECTION('',(1.,0.,0.));
#11763=DIRECTION('',(0.,-0.990611994413053,-0.136703608310073));
#11764=DIRECTION('',(1.,0.,0.));
#11765=DIRECTION('',(0.,-0.990611994413053,-0.136703608310073));
#11766=DIRECTION('',(1.,0.,0.));
#11767=DIRECTION('',(0.,-1.,0.));
#11768=DIRECTION('',(1.,0.,0.));
#11769=DIRECTION('',(0.,-1.,0.));
#11770=DIRECTION('',(1.,0.,0.));
#11771=DIRECTION('',(0.,-0.571020636808438,-0.820935705362415));
#11772=DIRECTION('',(-1.,0.,0.));
#11773=DIRECTION('',(0.,-0.571020636808438,-0.820935705362415));
#11774=DIRECTION('',(-1.,0.,0.));
#11775=DIRECTION('',(1.,0.,0.));
#11776=DIRECTION('',(0.,-0.571020636808438,-0.820935705362415));
#11777=DIRECTION('',(1.,0.,0.));
#11778=DIRECTION('',(-1.,0.,0.));
#11779=DIRECTION('',(0.,0.342020143325675,0.939692620785906));
#11780=DIRECTION('',(0.,-0.996718610949157,-0.0809444907796831));
#11781=DIRECTION('',(1.,0.,0.));
#11782=DIRECTION('',(0.,0.696002317493235,-0.718039535153912));
#11783=DIRECTION('',(0.,-0.111964475906609,-0.993712209915405));
#11784=DIRECTION('',(-1.,0.,0.));
#11785=DIRECTION('',(0.,-0.684152419260678,0.729339061904517));
#11786=DIRECTION('',(-1.,0.,0.));
#11787=DIRECTION('',(0.,0.342020143325675,0.939692620785906));
#11788=DIRECTION('',(-1.,0.,0.));
#11789=DIRECTION('',(0.,0.342020143325675,0.939692620785906));
#11790=DIRECTION('',(-1.,0.,0.));
#11791=DIRECTION('',(0.,0.342020143325675,0.939692620785906));
#11792=DIRECTION('',(-1.,0.,0.));
#11793=DIRECTION('',(0.,0.342020143325675,0.939692620785906));
#11794=DIRECTION('',(-1.,0.,0.));
#11795=DIRECTION('',(0.,0.342020143325675,0.939692620785906));
#11796=DIRECTION('',(-1.,0.,0.));
#11797=DIRECTION('',(0.,0.761510678286893,0.648152363919963));
#11798=DIRECTION('',(0.,0.,1.));
#11799=DIRECTION('',(1.,0.,0.));
#11800=DIRECTION('',(0.,-0.772020921256319,-0.63559711857634));
#11801=DIRECTION('',(0.,-0.98138854606234,0.192032605714882));
#11802=DIRECTION('',(1.,0.,0.));
#11803=DIRECTION('',(0.,0.475514542906041,-0.879707860306397));
#11804=DIRECTION('',(0.,-0.376917199437708,-0.926246956684898));
#11805=DIRECTION('',(-1.,0.,0.));
#11806=DIRECTION('',(0.,-0.461047174428637,0.887375626750797));
#11807=DIRECTION('',(-1.,0.,0.));
#11808=DIRECTION('',(0.,0.342020143325675,0.939692620785906));
#11809=DIRECTION('',(-1.,0.,0.));
#11810=DIRECTION('',(0.,0.342020143325675,0.939692620785906));
#11811=DIRECTION('',(-1.,0.,0.));
#11812=DIRECTION('',(0.,0.342020143325675,0.939692620785906));
#11813=DIRECTION('',(-1.,0.,0.));
#11814=DIRECTION('',(0.,-0.229468266378435,-0.973316143257306));
#11815=DIRECTION('',(0.,0.342020143325675,0.939692620785906));
#11816=DIRECTION('',(-1.,0.,0.));
#11817=DIRECTION('',(0.,0.342020143325677,0.939692620785905));
#11818=DIRECTION('',(1.,0.,0.));
#11819=DIRECTION('',(0.,0.342020143325675,0.939692620785906));
#11820=DIRECTION('',(0.,0.216439613938099,-0.976296007119934));
#11821=DIRECTION('',(1.,0.,0.));
#11822=DIRECTION('',(0.,-0.216439613938098,0.976296007119935));
#11823=DIRECTION('',(0.,-0.182400967725746,0.983224230261191));
#11824=DIRECTION('',(-1.,0.,0.));
#11825=DIRECTION('',(0.,0.342020143325675,0.939692620785906));
#11826=DIRECTION('',(-1.,0.,0.));
#11827=DIRECTION('',(0.,0.342020143325675,0.939692620785906));
#11828=DIRECTION('',(-1.,0.,0.));
#11829=DIRECTION('',(0.,0.557502753558298,0.830175089830402));
#11830=DIRECTION('',(0.,-0.270840468142995,0.962624246950015));
#11831=DIRECTION('',(1.,0.,0.));
#11832=DIRECTION('',(0.,-1.,0.));
#11833=DIRECTION('',(1.,0.,0.));
#11834=DIRECTION('',(0.,-1.,0.));
#11835=DIRECTION('',(0.,0.962624246950015,0.270840468142995));
#11836=DIRECTION('',(0.,0.270840468142995,-0.962624246950015));
#11837=DIRECTION('',(-1.,0.,0.));
#11838=DIRECTION('',(0.,0.270840468142995,-0.962624246950015));
#11839=DIRECTION('',(1.,0.,0.));
#11840=DIRECTION('',(0.,0.557502753558298,0.830175089830402));
#11841=DIRECTION('',(1.,0.,0.));
#11842=DIRECTION('',(1.,0.,0.));
#11843=DIRECTION('',(0.,0.557502753558298,0.830175089830402));
#11844=DIRECTION('',(-1.,0.,0.));
#11845=DIRECTION('',(0.,-0.684152419260678,0.729339061904517));
#11846=DIRECTION('',(1.,0.,0.));
#11847=DIRECTION('',(0.,-0.684152419260678,0.729339061904517));
#11848=DIRECTION('',(-1.,0.,0.));
#11849=DIRECTION('',(1.,0.,0.));
#11850=DIRECTION('',(0.,-0.993712209915405,0.111964475906609));
#11851=DIRECTION('',(0.,0.111964475906609,0.993712209915405));
#11852=DIRECTION('',(-1.,0.,0.));
#11853=DIRECTION('',(0.,0.111964475906609,0.993712209915405));
#11854=DIRECTION('',(1.,0.,0.));
#11855=DIRECTION('',(0.,0.696002317493235,-0.718039535153912));
#11856=DIRECTION('',(-1.,0.,0.));
#11857=DIRECTION('',(0.,0.696002317493235,-0.718039535153912));
#11858=DIRECTION('',(1.,0.,0.));
#11859=DIRECTION('',(-1.,0.,0.));
#11860=DIRECTION('',(0.,-0.461047174428637,0.887375626750797));
#11861=DIRECTION('',(1.,0.,0.));
#11862=DIRECTION('',(0.,-0.461047174428637,0.887375626750797));
#11863=DIRECTION('',(-1.,0.,0.));
#11864=DIRECTION('',(1.,0.,0.));
#11865=DIRECTION('',(0.,-0.926246956684898,0.376917199437708));
#11866=DIRECTION('',(0.,0.376917199437708,0.926246956684898));
#11867=DIRECTION('',(-1.,0.,0.));
#11868=DIRECTION('',(0.,0.376917199437708,0.926246956684898));
#11869=DIRECTION('',(1.,0.,0.));
#11870=DIRECTION('',(0.,0.761510678286893,0.648152363919963));
#11871=DIRECTION('',(1.,0.,0.));
#11872=DIRECTION('',(1.,0.,0.));
#11873=DIRECTION('',(0.,0.761510678286893,0.648152363919963));
#11874=DIRECTION('',(-1.,0.,0.));
#11875=DIRECTION('',(0.,1.,0.));
#11876=DIRECTION('',(0.,0.,-1.));
#11877=DIRECTION('',(0.,0.,-1.));
#11878=DIRECTION('',(1.,0.,0.));
#11879=DIRECTION('',(1.,0.,0.));
#11880=DIRECTION('',(0.,0.475514542906041,-0.879707860306397));
#11881=DIRECTION('',(-1.,0.,0.));
#11882=DIRECTION('',(0.,0.475514542906041,-0.879707860306397));
#11883=DIRECTION('',(1.,0.,0.));
#11884=DIRECTION('',(1.,0.,0.));
#11885=DIRECTION('',(0.,-0.772020921256319,-0.63559711857634));
#11886=DIRECTION('',(-1.,0.,0.));
#11887=DIRECTION('',(0.,-0.772020921256319,-0.63559711857634));
#11888=DIRECTION('',(-1.,0.,0.));
#11889=DIRECTION('',(1.,0.,0.));
#11890=DIRECTION('',(0.,-1.,0.));
#11891=DIRECTION('',(-1.,0.,0.));
#11892=DIRECTION('',(0.,-1.,0.));
#11893=DIRECTION('',(0.,0.192032605714882,0.98138854606234));
#11894=DIRECTION('',(0.,0.98138854606234,-0.192032605714882));
#11895=DIRECTION('',(0.,0.98138854606234,-0.192032605714882));
#11896=DIRECTION('',(1.,0.,0.));
#11897=DIRECTION('',(0.,0.342020143325675,0.939692620785906));
#11898=DIRECTION('',(1.,0.,0.));
#11899=DIRECTION('',(0.,0.342020143325675,0.939692620785906));
#11900=DIRECTION('',(-1.,0.,0.));
#11901=DIRECTION('',(1.,0.,0.));
#11902=DIRECTION('',(0.,-1.,0.));
#11903=DIRECTION('',(-1.,0.,0.));
#11904=DIRECTION('',(0.,-1.,0.));
#11905=DIRECTION('',(0.,-0.0809444907796831,0.996718610949157));
#11906=DIRECTION('',(0.,0.996718610949157,0.0809444907796831));
#11907=DIRECTION('',(0.,0.996718610949157,0.0809444907796831));
#11908=DIRECTION('',(1.,0.,0.));
#11909=DIRECTION('',(0.,0.342020143325675,0.939692620785906));
#11910=DIRECTION('',(1.,0.,0.));
#11911=DIRECTION('',(0.,0.342020143325675,0.939692620785906));
#11912=DIRECTION('',(-1.,0.,0.));
#11913=DIRECTION('',(1.,0.,0.));
#11914=DIRECTION('',(0.,-1.,0.));
#11915=DIRECTION('',(1.,0.,0.));
#11916=DIRECTION('',(0.,-1.,0.));
#11917=DIRECTION('',(-1.,0.,0.));
#11918=DIRECTION('',(0.,-1.,0.));
#11919=DIRECTION('',(1.,0.,0.));
#11920=DIRECTION('',(0.,-1.,0.));
#11921=DIRECTION('',(1.,0.,0.));
#11922=DIRECTION('',(0.,-1.,0.));
#11923=DIRECTION('',(-1.,0.,0.));
#11924=DIRECTION('',(0.,-1.,0.));
#11925=DIRECTION('',(1.,0.,0.));
#11926=DIRECTION('',(0.,-1.,0.));
#11927=DIRECTION('',(1.,0.,0.));
#11928=DIRECTION('',(0.,-1.,0.));
#11929=DIRECTION('',(-1.,0.,0.));
#11930=DIRECTION('',(0.,-1.,0.));
#11931=DIRECTION('',(1.,0.,0.));
#11932=DIRECTION('',(0.,-0.216439613938098,0.976296007119935));
#11933=DIRECTION('',(-1.,0.,0.));
#11934=DIRECTION('',(1.,0.,0.));
#11935=DIRECTION('',(0.,-0.216439613938098,0.976296007119935));
#11936=DIRECTION('',(-1.,0.,0.));
#11937=DIRECTION('',(0.,-0.983224230261191,-0.182400967725746));
#11938=DIRECTION('',(0.,-0.182400967725746,0.983224230261191));
#11939=DIRECTION('',(0.,-0.182400967725746,0.983224230261191));
#11940=DIRECTION('',(-1.,0.,0.));
#11941=DIRECTION('',(1.,0.,0.));
#11942=DIRECTION('',(0.,0.342020143325675,0.939692620785906));
#11943=DIRECTION('',(-1.,0.,0.));
#11944=DIRECTION('',(-1.,0.,0.));
#11945=DIRECTION('',(0.,0.342020143325675,0.939692620785906));
#11946=DIRECTION('',(-1.,0.,0.));
#11947=DIRECTION('',(0.,-0.182400967725771,0.983224230261186));
#11948=DIRECTION('',(-1.,0.,0.));
#11949=DIRECTION('',(0.,-1.,0.));
#11950=DIRECTION('',(0.,0.216439613938099,-0.976296007119934));
#11951=DIRECTION('',(-1.,0.,0.));
#11952=DIRECTION('',(0.,0.342020143325675,0.939692620785906));
#11953=DIRECTION('',(0.,0.976296007119934,0.216439613938099));
#11954=DIRECTION('',(0.,0.216439613938099,-0.976296007119934));
#11955=DIRECTION('',(1.,0.,0.));
#11956=DIRECTION('',(0.,-0.976296007119934,-0.216439613938099));
#11957=DIRECTION('',(0.,-0.216439613938099,0.976296007119934));
#11958=DIRECTION('',(1.,0.,0.));
#11959=DIRECTION('',(-4.8690335299495E-13,-0.216439613938099,0.976296007119934));
#11960=DIRECTION('',(1.,0.,0.));
#11961=DIRECTION('',(0.,-0.216439613938099,0.976296007119934));
#11962=DIRECTION('',(-0.707106781186546,-0.153045918733029,0.690345527079857));
#11963=DIRECTION('',(0.,-0.216439613938099,0.976296007119934));
#11964=DIRECTION('',(-1.,0.,0.));
#11965=DIRECTION('',(1.,0.,0.));
#11966=DIRECTION('',(0.,0.342020143325675,0.939692620785906));
#11967=DIRECTION('',(1.,0.,0.));
#11968=DIRECTION('',(0.,0.342020143325675,0.939692620785906));
#11969=DIRECTION('',(-1.,0.,0.));
#11970=DIRECTION('',(1.,0.,0.));
#11971=DIRECTION('',(0.,0.342020143325677,0.939692620785905));
#11972=DIRECTION('',(-1.,0.,0.));
#11973=DIRECTION('',(0.,0.342020143325677,0.939692620785905));
#11974=DIRECTION('',(-1.,1.5553275412716E-13,4.2732272994995E-13));
#11975=DIRECTION('',(-1.,0.,0.));
#11976=DIRECTION('',(0.,0.342020143325677,0.939692620785905));
#11977=DIRECTION('',(-1.,1.5553275412716E-13,4.2732272994995E-13));
#11978=DIRECTION('',(1.,0.,0.));
#11979=DIRECTION('',(0.,-0.342020143325675,-0.939692620785906));
#11980=DIRECTION('',(1.,0.,0.));
#11981=DIRECTION('',(0.,0.342020143325675,0.939692620785906));
#11982=DIRECTION('',(-1.,0.,0.));
#11983=DIRECTION('',(0.,0.342020143325677,0.939692620785905));
#11984=DIRECTION('',(5.77315972805083E-13,-0.342020143325675,-0.939692620785906));
#11985=DIRECTION('',(1.,0.,0.));
#11986=DIRECTION('',(0.,0.342020143325675,0.939692620785906));
#11987=DIRECTION('',(1.,0.,0.));
#11988=DIRECTION('',(0.,0.342020143325675,0.939692620785906));
#11989=DIRECTION('',(1.,0.,0.));
#11990=DIRECTION('',(1.,0.,0.));
#11991=DIRECTION('',(0.,0.342020143325675,0.939692620785906));
#11992=DIRECTION('',(-1.,0.,0.));
#11993=DIRECTION('',(1.,0.,0.));
#11994=DIRECTION('',(0.,0.342020143325675,0.939692620785906));
#11995=DIRECTION('',(1.,0.,0.));
#11996=DIRECTION('',(0.,0.342020143325674,0.939692620785906));
#11997=DIRECTION('',(1.,0.,0.));
#11998=DIRECTION('',(0.,0.342020143325677,0.939692620785905));
#11999=DIRECTION('',(1.,2.00828968545269E-13,5.51773056250478E-13));
#12000=DIRECTION('',(-1.,0.,0.));
#12001=DIRECTION('',(0.,0.342020143325677,0.939692620785905));
#12002=DIRECTION('',(-1.,-2.00828968545269E-13,-5.51773056250478E-13));
#12003=DIRECTION('',(-1.,0.,0.));
#12004=DIRECTION('',(0.,0.342020143325677,0.939692620785905));
#12005=DIRECTION('',(0.,0.939692620785906,-0.342020143325675));
#12006=DIRECTION('',(-1.,0.,0.));
#12007=DIRECTION('',(0.,-0.939692620785906,0.342020143325675));
#12008=DIRECTION('',(-1.,0.,0.));
#12009=DIRECTION('',(1.,0.,0.));
#12010=DIRECTION('',(0.,0.342020143325677,0.939692620785905));
#12011=DIRECTION('',(1.,5.16417347687827E-14,1.41884500178692E-13));
#12012=DIRECTION('',(-1.,-5.16417347687827E-14,-1.41884500178692E-13));
#12013=DIRECTION('',(-1.,0.,0.));
#12014=DIRECTION('',(0.,0.642787609686545,0.766044443118973));
#12015=DIRECTION('',(0.707106781186545,-0.45451947767205,-0.541675220419701));
#12016=DIRECTION('',(1.,0.,0.));
#12017=DIRECTION('',(0.,0.642787609686545,0.766044443118973));
#12018=DIRECTION('',(0.707106781186547,-0.241844762648019,-0.664463024388659));
#12019=DIRECTION('',(-1.,0.,0.));
#12020=DIRECTION('',(0.,0.642787609686545,0.766044443118973));
#12021=DIRECTION('',(-1.,-4.62223186652937E-33,4.62223186652937E-33));
#12022=DIRECTION('',(-4.9303806576313E-33,0.342020143325675,0.939692620785906));
#12023=DIRECTION('',(-1.,0.,0.));
#12024=DIRECTION('',(-4.9303806576313E-33,0.342020143325675,0.939692620785906));
#12025=DIRECTION('',(1.,0.,0.));
#12026=DIRECTION('',(0.,0.342020143325674,0.939692620785907));
#12027=DIRECTION('',(0.,-0.939692620785906,0.342020143325675));
#12028=DIRECTION('',(0.,-0.342020143325675,-0.939692620785906));
#12029=DIRECTION('',(0.,-0.342020143325675,-0.939692620785906));
#12030=DIRECTION('',(0.684791078771733,-0.24924356936396,-0.684791078771737));
#12031=DIRECTION('',(0.,-0.342020143325675,-0.939692620785906));
#12032=DIRECTION('',(1.,0.,0.));
#12033=DIRECTION('',(1.,0.,0.));
#12034=DIRECTION('',(0.,-0.342020143325675,-0.939692620785906));
#12035=DIRECTION('',(0.,0.766044443118973,-0.642787609686545));
#12036=DIRECTION('',(1.,0.,0.));
#12037=DIRECTION('',(0.,-0.229468266378435,-0.973316143257306));
#12038=DIRECTION('',(-1.,0.,0.));
#12039=DIRECTION('',(0.,-0.229468266378435,-0.973316143257306));
#12040=DIRECTION('',(-0.707106781186551,-0.454519477672046,-0.541675220419696));
#12041=DIRECTION('',(-0.707106781186545,0.45451947767205,0.541675220419701));
#12042=DIRECTION('',(0.,0.766044443118973,-0.642787609686545));
#12043=DIRECTION('',(1.,0.,0.));
#12044=DIRECTION('',(0.,0.342020143325675,0.939692620785906));
#12045=DIRECTION('',(1.,0.,0.));
#12046=DIRECTION('',(1.,0.,0.));
#12047=DIRECTION('',(0.,0.342020143325675,0.939692620785906));
#12048=DIRECTION('',(-1.,0.,0.));
#12049=DIRECTION('',(0.,-0.984807752596983,-0.17364818002179));
#12050=DIRECTION('',(0.,-0.17364818002179,0.984807752596983));
#12051=DIRECTION('',(1.,0.,0.));
#12052=DIRECTION('',(0.,-0.17364818002179,0.984807752596983));
#12053=DIRECTION('',(0.,-0.17364818002179,0.984807752596983));
#12054=DIRECTION('',(1.,0.,0.));
#12055=DIRECTION('',(0.,0.,-1.));
#12056=DIRECTION('',(1.,0.,0.));
#12057=DIRECTION('',(0.,1.,0.));
#12058=DIRECTION('',(-1.,0.,0.));
#12059=DIRECTION('',(0.,-1.,0.));
#12060=DIRECTION('',(0.,0.766044444656093,-0.642787607854677));
#12061=DIRECTION('',(0.,-0.642787607854677,-0.766044444656093));
#12062=DIRECTION('',(-1.,0.,0.));
#12063=DIRECTION('',(0.,-0.642787607854677,-0.766044444656093));
#12064=DIRECTION('',(0.,-0.642787607854677,-0.766044444656093));
#12065=DIRECTION('',(1.,0.,0.));
#12066=DIRECTION('',(0.,0.258819045102528,0.965925826289066));
#12067=DIRECTION('',(-1.,0.,0.));
#12068=DIRECTION('',(0.,0.258819045102528,0.965925826289066));
#12069=DIRECTION('',(-1.,0.,0.));
#12070=DIRECTION('',(0.,0.258819045102528,0.965925826289067));
#12071=DIRECTION('',(1.,0.,0.));
#12072=DIRECTION('',(0.,-1.,0.));
#12073=DIRECTION('',(1.,0.,0.));
#12074=DIRECTION('',(0.,1.,0.));
#12075=DIRECTION('',(1.,0.,0.));
#12076=DIRECTION('',(0.,1.,0.));
#12077=DIRECTION('',(-1.,0.,0.));
#12078=DIRECTION('',(0.,0.298251898745724,-0.954487194725299));
#12079=DIRECTION('',(1.,0.,0.));
#12080=DIRECTION('',(0.,0.258819045102528,0.965925826289066));
#12081=DIRECTION('',(-1.,0.,0.));
#12082=DIRECTION('',(0.,-0.735537316782463,-0.677484210606015));
#12083=DIRECTION('',(1.,0.,0.));
#12084=DIRECTION('',(0.,-1.,0.));
#12085=DIRECTION('',(-1.,0.,0.));
#12086=DIRECTION('',(0.,-1.,0.));
#12087=DIRECTION('',(-1.,0.,0.));
#12088=DIRECTION('',(0.,-1.,0.));
#12089=DIRECTION('',(1.,0.,0.));
#12090=DIRECTION('',(0.,0.342020143325675,0.939692620785906));
#12091=DIRECTION('',(1.,0.,0.));
#12092=DIRECTION('',(1.,0.,0.));
#12093=DIRECTION('',(0.,0.342020143325675,0.939692620785906));
#12094=DIRECTION('',(0.,-0.951824039128077,-0.306644743209324));
#12095=DIRECTION('',(0.,-0.306644743209324,0.951824039128077));
#12096=DIRECTION('',(1.,0.,0.));
#12097=DIRECTION('',(0.,-0.306644743209324,0.951824039128077));
#12098=DIRECTION('',(0.,-0.306644743209324,0.951824039128077));
#12099=DIRECTION('',(1.,0.,0.));
#12100=DIRECTION('',(0.,0.,-1.));
#12101=DIRECTION('',(1.,0.,0.));
#12102=DIRECTION('',(0.,0.990611994413053,0.136703608310073));
#12103=DIRECTION('',(-1.,0.,0.));
#12104=DIRECTION('',(0.,-0.990611994413053,-0.136703608310073));
#12105=DIRECTION('',(1.,0.,0.));
#12106=DIRECTION('',(0.,0.258819045102528,0.965925826289066));
#12107=DIRECTION('',(1.,0.,0.));
#12108=DIRECTION('',(0.,0.124343704647492,0.992239206600171));
#12109=DIRECTION('',(0.,0.846724200500547,-0.532032074490542));
#12110=DIRECTION('',(0.,-0.532032074490542,-0.846724200500547));
#12111=DIRECTION('',(-1.,0.,0.));
#12112=DIRECTION('',(0.,-0.532032074490542,-0.846724200500547));
#12113=DIRECTION('',(0.,-0.532032074490542,-0.846724200500547));
#12114=DIRECTION('',(1.,0.,0.));
#12115=DIRECTION('',(0.,0.258819045102528,0.965925826289066));
#12116=DIRECTION('',(-1.,0.,0.));
#12117=DIRECTION('',(0.,0.124343704647492,0.992239206600171));
#12118=DIRECTION('',(-1.,0.,0.));
#12119=DIRECTION('',(0.,0.124343704647492,0.992239206600171));
#12120=DIRECTION('',(1.,0.,0.));
#12121=DIRECTION('',(0.,-0.990611994413053,-0.136703608310073));
#12122=DIRECTION('',(1.,0.,0.));
#12123=DIRECTION('',(0.,0.990611994413053,0.136703608310073));
#12124=DIRECTION('',(1.,0.,0.));
#12125=DIRECTION('',(0.,-0.990611994413053,-0.136703608310073));
#12126=DIRECTION('',(-1.,0.,0.));
#12127=DIRECTION('',(0.,-0.990611994413053,-0.136703608310073));
#12128=DIRECTION('',(-1.,0.,0.));
#12129=DIRECTION('',(0.,-1.,0.));
#12130=DIRECTION('',(0.,-0.900968866864922,-0.433883741271944));
#12131=DIRECTION('',(0.,-0.433883741271944,0.900968866864922));
#12132=DIRECTION('',(1.,0.,0.));
#12133=DIRECTION('',(0.,-0.433883741271944,0.900968866864922));
#12134=DIRECTION('',(0.,-0.433883741271944,0.900968866864922));
#12135=DIRECTION('',(1.,0.,0.));
#12136=DIRECTION('',(0.,0.,-1.));
#12137=DIRECTION('',(1.,0.,0.));
#12138=DIRECTION('',(0.,0.962624246950012,0.270840468143005));
#12139=DIRECTION('',(-1.,0.,0.));
#12140=DIRECTION('',(0.,-0.962624246950012,-0.270840468143005));
#12141=DIRECTION('',(1.,0.,0.));
#12142=DIRECTION('',(0.,0.258819045102528,0.965925826289066));
#12143=DIRECTION('',(1.,0.,0.));
#12144=DIRECTION('',(0.,-0.0124663145954077,0.999922292480975));
#12145=DIRECTION('',(0.,0.911505853295195,-0.411287100950903));
#12146=DIRECTION('',(0.,-0.411287100950903,-0.911505853295195));
#12147=DIRECTION('',(-1.,0.,0.));
#12148=DIRECTION('',(0.,-0.411287100950903,-0.911505853295195));
#12149=DIRECTION('',(0.,-0.411287100950903,-0.911505853295195));
#12150=DIRECTION('',(1.,0.,0.));
#12151=DIRECTION('',(0.,0.258819045102528,0.965925826289066));
#12152=DIRECTION('',(-1.,0.,0.));
#12153=DIRECTION('',(0.,-0.0124663145954079,0.999922292480975));
#12154=DIRECTION('',(-1.,0.,0.));
#12155=DIRECTION('',(0.,-0.0124663145954079,0.999922292480975));
#12156=DIRECTION('',(1.,0.,0.));
#12157=DIRECTION('',(0.,-0.962624246950012,-0.270840468143005));
#12158=DIRECTION('',(1.,0.,0.));
#12159=DIRECTION('',(0.,0.962624246950012,0.270840468143005));
#12160=DIRECTION('',(1.,0.,0.));
#12161=DIRECTION('',(0.,-0.962624246950012,-0.270840468143005));
#12162=DIRECTION('',(-1.,0.,0.));
#12163=DIRECTION('',(0.,-0.962624246950012,-0.270840468143005));
#12164=DIRECTION('',(-1.,0.,0.));
#12165=DIRECTION('',(0.,-1.,0.));
#12166=DIRECTION('',(1.,0.,0.));
#12167=DIRECTION('',(0.,0.342020143325675,0.939692620785906));
#12168=DIRECTION('',(1.,0.,0.));
#12169=DIRECTION('',(1.,0.,0.));
#12170=DIRECTION('',(0.,0.342020143325675,0.939692620785906));
#12171=DIRECTION('',(0.,-0.833197093090179,-0.55297613336027));
#12172=DIRECTION('',(0.,-0.55297613336027,0.833197093090179));
#12173=DIRECTION('',(1.,0.,0.));
#12174=DIRECTION('',(0.,-0.55297613336027,0.833197093090179));
#12175=DIRECTION('',(0.,-0.55297613336027,0.833197093090179));
#12176=DIRECTION('',(1.,0.,0.));
#12177=DIRECTION('',(0.,0.,-1.));
#12178=DIRECTION('',(1.,0.,0.));
#12179=DIRECTION('',(0.,0.916562255869976,0.399892024319741));
#12180=DIRECTION('',(-1.,0.,0.));
#12181=DIRECTION('',(0.,-0.916562255869976,-0.399892024319741));
#12182=DIRECTION('',(0.,0.959173062003303,-0.282819796208131));
#12183=DIRECTION('',(0.,-0.282819796208131,-0.959173062003303));
#12184=DIRECTION('',(-1.,0.,0.));
#12185=DIRECTION('',(0.,-0.282819796208131,-0.959173062003303));
#12186=DIRECTION('',(0.,-0.282819796208131,-0.959173062003303));
#12187=DIRECTION('',(1.,0.,0.));
#12188=DIRECTION('',(0.,0.258819045102528,0.965925826289066));
#12189=DIRECTION('',(-1.,0.,0.));
#12190=DIRECTION('',(0.,-0.149042266176167,0.98883082622513));
#12191=DIRECTION('',(-1.,0.,0.));
#12192=DIRECTION('',(0.,-0.149042266176167,0.98883082622513));
#12193=DIRECTION('',(1.,0.,0.));
#12194=DIRECTION('',(0.,-0.916562255869976,-0.399892024319741));
#12195=DIRECTION('',(1.,0.,0.));
#12196=DIRECTION('',(0.,0.916562255869976,0.399892024319741));
#12197=DIRECTION('',(1.,0.,0.));
#12198=DIRECTION('',(0.,1.,0.));
#12199=DIRECTION('',(-1.,0.,0.));
#12200=DIRECTION('',(0.,0.655058249617853,-0.755578380849793));
#12201=DIRECTION('',(1.,0.,0.));
#12202=DIRECTION('',(0.,-0.149042266176167,0.98883082622513));
#12203=DIRECTION('',(-1.,0.,0.));
#12204=DIRECTION('',(0.,-0.403245209922786,-0.915091962960187));
#12205=DIRECTION('',(1.,0.,0.));
#12206=DIRECTION('',(0.,-0.916562255869976,-0.399892024319741));
#12207=DIRECTION('',(-1.,0.,0.));
#12208=DIRECTION('',(0.,-0.916562255869976,-0.399892024319741));
#12209=DIRECTION('',(-1.,0.,0.));
#12210=DIRECTION('',(0.,-1.,0.));
#12211=DIRECTION('',(1.,0.,0.));
#12212=DIRECTION('',(0.,-0.342020143325675,-0.939692620785906));
#12213=DIRECTION('',(-1.,0.,0.));
#12214=DIRECTION('',(0.,-0.735537316782463,-0.677484210606015));
#12215=DIRECTION('',(-1.,0.,0.));
#12216=DIRECTION('',(1.,0.,0.));
#12217=DIRECTION('',(0.,0.258819045102528,0.965925826289066));
#12218=DIRECTION('',(1.,0.,0.));
#12219=DIRECTION('',(1.,0.,0.));
#12220=DIRECTION('',(0.,0.258819045102528,0.965925826289066));
#12221=DIRECTION('',(1.,0.,0.));
#12222=DIRECTION('',(0.,0.258819045102528,0.965925826289066));
#12223=DIRECTION('',(1.,0.,0.));
#12224=DIRECTION('',(0.,0.298251898745724,-0.954487194725299));
#12225=DIRECTION('',(1.,0.,0.));
#12226=DIRECTION('',(0.,0.425933751858699,-0.904754352864672));
#12227=DIRECTION('',(-1.,0.,0.));
#12228=DIRECTION('',(0.,0.425933751858699,-0.904754352864672));
#12229=DIRECTION('',(1.,0.,0.));
#12230=DIRECTION('',(1.,0.,0.));
#12231=DIRECTION('',(0.,0.258819045102528,0.965925826289066));
#12232=DIRECTION('',(-1.,0.,0.));
#12233=DIRECTION('',(1.,0.,0.));
#12234=DIRECTION('',(0.,0.124343704647492,0.992239206600171));
#12235=DIRECTION('',(1.,0.,0.));
#12236=DIRECTION('',(0.,1.,0.));
#12237=DIRECTION('',(-1.,0.,0.));
#12238=DIRECTION('',(0.,-0.636017552180166,-0.771674590302642));
#12239=DIRECTION('',(-1.,0.,0.));
#12240=DIRECTION('',(0.,-0.636017552180166,-0.771674590302642));
#12241=DIRECTION('',(1.,0.,0.));
#12242=DIRECTION('',(0.,0.545618268087413,-0.838033833165041));
#12243=DIRECTION('',(-1.,0.,0.));
#12244=DIRECTION('',(0.,0.545618268087413,-0.838033833165041));
#12245=DIRECTION('',(1.,0.,0.));
#12246=DIRECTION('',(1.,0.,0.));
#12247=DIRECTION('',(0.,0.258819045102528,0.965925826289066));
#12248=DIRECTION('',(-1.,0.,0.));
#12249=DIRECTION('',(1.,0.,0.));
#12250=DIRECTION('',(0.,-0.0124663145954079,0.999922292480975));
#12251=DIRECTION('',(1.,0.,0.));
#12252=DIRECTION('',(0.,1.,0.));
#12253=DIRECTION('',(-1.,0.,0.));
#12254=DIRECTION('',(0.,-0.524555914911323,-0.851375999269151));
#12255=DIRECTION('',(-1.,0.,0.));
#12256=DIRECTION('',(0.,-0.524555914911323,-0.851375999269151));
#12257=DIRECTION('',(-1.,0.,0.));
#12258=DIRECTION('',(0.,-0.403245209922786,-0.915091962960187));
#12259=DIRECTION('',(-1.,0.,0.));
#12260=DIRECTION('',(1.,0.,0.));
#12261=DIRECTION('',(0.,0.258819045102528,0.965925826289066));
#12262=DIRECTION('',(1.,0.,0.));
#12263=DIRECTION('',(1.,0.,0.));
#12264=DIRECTION('',(0.,-0.149042266176167,0.98883082622513));
#12265=DIRECTION('',(1.,0.,0.));
#12266=DIRECTION('',(0.,0.258819045102528,0.965925826289066));
#12267=DIRECTION('',(1.,0.,0.));
#12268=DIRECTION('',(0.,0.655058249617853,-0.755578380849793));
#12269=DIRECTION('',(1.,0.,0.));
#12270=DIRECTION('',(0.,0.342020143325675,0.939692620785906));
#12271=DIRECTION('',(1.,0.,0.));
#12272=DIRECTION('',(0.,0.342020143325675,0.939692620785906));
#12273=DIRECTION('',(-1.,0.,0.));
#12274=DIRECTION('',(0.,0.216439613938103,-0.976296007119933));
#12275=DIRECTION('',(1.,0.,0.));
#12276=DIRECTION('',(0.,0.342020143325675,0.939692620785906));
#12277=DIRECTION('',(1.,0.,0.));
#12278=DIRECTION('',(0.,0.342020143325675,0.939692620785906));
#12279=DIRECTION('',(0.,0.,1.));
#12280=DIRECTION('',(1.,0.,0.));
#12281=DIRECTION('',(-1.,0.,0.));
#12282=DIRECTION('',(0.,0.773998108266227,0.63318790923414));
#12283=DIRECTION('',(1.,1.31808809122959E-16,-1.61120841737788E-16));
#12284=DIRECTION('',(0.,0.773998108266227,0.63318790923414));
#12285=DIRECTION('',(1.,0.,0.));
#12286=DIRECTION('',(0.,0.773998108266227,0.63318790923414));
#12287=DIRECTION('',(-1.,0.,0.));
#12288=DIRECTION('',(0.,0.773998108266228,0.63318790923414));
#12289=DIRECTION('',(-1.,-1.31808809122959E-16,1.61120841737788E-16));
#12290=DIRECTION('',(0.,0.773998108266228,0.63318790923414));
#12291=DIRECTION('',(-1.,0.,0.));
#12292=DIRECTION('',(0.,0.773998108266228,0.63318790923414));
#12293=DIRECTION('',(1.,0.,0.));
#12294=DIRECTION('',(0.,0.773998108266227,0.63318790923414));
#12295=DIRECTION('',(1.,0.,0.));
#12296=DIRECTION('',(0.,0.63318790923414,-0.773998108266227));
#12297=DIRECTION('',(1.,1.31808809122959E-16,-1.61120841737788E-16));
#12298=DIRECTION('',(-2.08166970974519E-16,0.63318790923414,-0.773998108266228));
#12299=DIRECTION('',(-1.,0.,0.));
#12300=DIRECTION('',(0.,0.773998108266227,0.63318790923414));
#12301=DIRECTION('',(-1.,-1.31808809122959E-16,1.61120841737788E-16));
#12302=DIRECTION('',(0.,-0.773998108266227,-0.63318790923414));
#12303=DIRECTION('',(-1.,0.,0.));
#12304=DIRECTION('',(0.,-0.773998108266227,-0.63318790923414));
#12305=DIRECTION('',(-1.,0.,0.));
#12306=DIRECTION('',(0.,0.773998108266228,0.63318790923414));
#12307=DIRECTION('',(1.,1.31808809122959E-16,-1.61120841737788E-16));
#12308=DIRECTION('',(0.,-0.773998108266228,-0.63318790923414));
#12309=DIRECTION('',(1.,0.,0.));
#12310=DIRECTION('',(0.,-0.773998108266228,-0.63318790923414));
#12311=DIRECTION('',(-1.,0.,0.));
#12312=DIRECTION('',(0.,-0.773998108266227,-0.63318790923414));
#12313=DIRECTION('',(1.,0.,0.));
#12314=DIRECTION('',(0.,-0.773998108266227,-0.63318790923414));
#12315=DIRECTION('',(1.,1.31808809122959E-16,-1.61120841737788E-16));
#12316=DIRECTION('',(0.,-0.773998108266227,-0.63318790923414));
#12317=DIRECTION('',(-1.,-1.31808809122959E-16,1.61120841737788E-16));
#12318=DIRECTION('',(0.,-0.773998108266227,-0.63318790923414));
#12319=DIRECTION('',(-1.,0.,0.));
#12320=DIRECTION('',(0.,-0.63318790923414,0.773998108266227));
#12321=DIRECTION('',(1.,1.31808809122959E-16,-1.61120841737788E-16));
#12322=DIRECTION('',(-2.08166970974519E-16,0.63318790923414,-0.773998108266228));
#12323=DIRECTION('',(-1.,0.,0.));
#12324=DIRECTION('',(-1.07068512683576E-16,0.63318790923414,-0.773998108266227));
#12325=DIRECTION('',(-1.,-1.31808809122959E-16,1.61120841737788E-16));
#12326=DIRECTION('',(-2.00314541178434E-16,0.63318790923414,-0.773998108266228));
#12327=DIRECTION('',(1.,1.31808809122959E-16,-1.61120841737788E-16));
#12328=DIRECTION('',(0.,0.63318790923414,-0.773998108266228));
#12329=DIRECTION('',(1.,0.,0.));
#12330=DIRECTION('',(0.,-0.63318790923414,0.773998108266228));
#12331=DIRECTION('',(1.,0.,0.));
#12332=DIRECTION('',(-1.07068512683576E-16,0.63318790923414,-0.773998108266228));
#12333=DIRECTION('',(-1.,-1.31808809122959E-16,1.61120841737788E-16));
#12334=DIRECTION('',(0.,0.63318790923414,-0.773998108266228));
#12335=DIRECTION('',(1.,1.31808809122959E-16,-1.61120841737788E-16));
#12336=DIRECTION('',(-2.00314541178434E-16,0.63318790923414,-0.773998108266228));
#12337=DIRECTION('',(1.,0.,0.));
#12338=DIRECTION('',(0.,-0.63318790923414,0.773998108266228));
#12339=DIRECTION('',(1.,0.,0.));
#12340=DIRECTION('',(0.,0.63318790923414,-0.773998108266227));
#12341=DIRECTION('',(-1.,0.,0.));
#12342=DIRECTION('',(0.,-0.63318790923414,0.773998108266227));
#12343=DIRECTION('',(-1.,0.,0.));
#12344=DIRECTION('',(0.,0.633187909234141,-0.773998108266226));
#12345=DIRECTION('',(0.,0.,1.));
#12346=DIRECTION('',(1.,0.,0.));
#12347=DIRECTION('',(-1.,0.,0.));
#12348=DIRECTION('',(0.,0.853290881632156,0.521435203379498));
#12349=DIRECTION('',(1.,1.08545586846992E-16,-1.77626978189542E-16));
#12350=DIRECTION('',(0.,0.853290881632156,0.521435203379498));
#12351=DIRECTION('',(1.,0.,0.));
#12352=DIRECTION('',(0.,0.853290881632156,0.521435203379498));
#12353=DIRECTION('',(-1.,0.,0.));
#12354=DIRECTION('',(0.,0.853290881632156,0.521435203379498));
#12355=DIRECTION('',(-1.,-1.08545586846992E-16,1.77626978189542E-16));
#12356=DIRECTION('',(0.,0.853290881632156,0.521435203379498));
#12357=DIRECTION('',(-1.,0.,0.));
#12358=DIRECTION('',(0.,0.853290881632156,0.521435203379498));
#12359=DIRECTION('',(1.,0.,0.));
#12360=DIRECTION('',(0.,0.853290881632156,0.521435203379498));
#12361=DIRECTION('',(1.,0.,0.));
#12362=DIRECTION('',(0.,0.521435203379498,-0.853290881632156));
#12363=DIRECTION('',(1.,1.08545586846992E-16,-1.77626978189542E-16));
#12364=DIRECTION('',(-2.08166970974519E-16,0.521435203379498,-0.853290881632156));
#12365=DIRECTION('',(-1.,0.,0.));
#12366=DIRECTION('',(0.,0.853290881632156,0.521435203379498));
#12367=DIRECTION('',(-1.,-1.08545586846992E-16,1.77626978189542E-16));
#12368=DIRECTION('',(0.,-0.853290881632156,-0.521435203379498));
#12369=DIRECTION('',(-1.,0.,0.));
#12370=DIRECTION('',(0.,-0.853290881632156,-0.521435203379498));
#12371=DIRECTION('',(-1.,0.,0.));
#12372=DIRECTION('',(0.,0.853290881632156,0.521435203379498));
#12373=DIRECTION('',(1.,1.08545586846992E-16,-1.77626978189542E-16));
#12374=DIRECTION('',(0.,-0.853290881632156,-0.521435203379498));
#12375=DIRECTION('',(1.,0.,0.));
#12376=DIRECTION('',(0.,-0.853290881632156,-0.521435203379498));
#12377=DIRECTION('',(-1.,0.,0.));
#12378=DIRECTION('',(0.,-0.853290881632156,-0.521435203379498));
#12379=DIRECTION('',(1.,0.,0.));
#12380=DIRECTION('',(0.,-0.853290881632156,-0.521435203379498));
#12381=DIRECTION('',(1.,1.08545586846992E-16,-1.77626978189542E-16));
#12382=DIRECTION('',(0.,-0.853290881632156,-0.521435203379498));
#12383=DIRECTION('',(-1.,-1.08545586846992E-16,1.77626978189542E-16));
#12384=DIRECTION('',(0.,-0.853290881632156,-0.521435203379498));
#12385=DIRECTION('',(-1.,0.,0.));
#12386=DIRECTION('',(0.,-0.521435203379498,0.853290881632156));
#12387=DIRECTION('',(1.,1.08545586846992E-16,-1.77626978189542E-16));
#12388=DIRECTION('',(-2.08166970974519E-16,0.521435203379498,-0.853290881632156));
#12389=DIRECTION('',(-1.,0.,0.));
#12390=DIRECTION('',(-1.07068512683576E-16,0.521435203379498,-0.853290881632156));
#12391=DIRECTION('',(-1.,-1.08545586846992E-16,1.77626978189542E-16));
#12392=DIRECTION('',(-2.00314541178434E-16,0.521435203379498,-0.853290881632156));
#12393=DIRECTION('',(1.,1.08545586846992E-16,-1.77626978189542E-16));
#12394=DIRECTION('',(0.,0.521435203379498,-0.853290881632156));
#12395=DIRECTION('',(1.,0.,0.));
#12396=DIRECTION('',(0.,-0.521435203379498,0.853290881632156));
#12397=DIRECTION('',(1.,0.,0.));
#12398=DIRECTION('',(-1.07068512683576E-16,0.521435203379498,-0.853290881632156));
#12399=DIRECTION('',(-1.,-1.08545586846992E-16,1.77626978189542E-16));
#12400=DIRECTION('',(0.,0.521435203379498,-0.853290881632156));
#12401=DIRECTION('',(1.,1.08545586846992E-16,-1.77626978189542E-16));
#12402=DIRECTION('',(-2.00314541178434E-16,0.521435203379498,-0.853290881632156));
#12403=DIRECTION('',(1.,0.,0.));
#12404=DIRECTION('',(0.,-0.521435203379498,0.853290881632156));
#12405=DIRECTION('',(1.,0.,0.));
#12406=DIRECTION('',(0.,0.521435203379498,-0.853290881632156));
#12407=DIRECTION('',(-1.,0.,0.));
#12408=DIRECTION('',(0.,-0.521435203379498,0.853290881632156));
#12409=DIRECTION('',(-1.,0.,0.));
#12410=DIRECTION('',(0.,0.521435203379493,-0.853290881632159));
#12411=DIRECTION('',(0.,0.,1.));
#12412=DIRECTION('',(1.,0.,0.));
#12413=DIRECTION('',(-1.,0.,0.));
#12414=DIRECTION('',(0.,1.,0.));
#12415=DIRECTION('',(1.,0.,-2.08166970974519E-16));
#12416=DIRECTION('',(0.,1.,0.));
#12417=DIRECTION('',(1.,0.,0.));
#12418=DIRECTION('',(0.,1.,0.));
#12419=DIRECTION('',(-1.,0.,0.));
#12420=DIRECTION('',(0.,1.,0.));
#12421=DIRECTION('',(-1.,0.,2.08166970974519E-16));
#12422=DIRECTION('',(0.,1.,0.));
#12423=DIRECTION('',(-1.,0.,0.));
#12424=DIRECTION('',(0.,1.,0.));
#12425=DIRECTION('',(1.,0.,0.));
#12426=DIRECTION('',(0.,1.,0.));
#12427=DIRECTION('',(1.,0.,0.));
#12428=DIRECTION('',(0.,0.,-1.));
#12429=DIRECTION('',(1.,0.,-2.08166970974519E-16));
#12430=DIRECTION('',(-2.08166970974519E-16,0.,-1.));
#12431=DIRECTION('',(-1.,0.,0.));
#12432=DIRECTION('',(0.,1.,0.));
#12433=DIRECTION('',(-1.,0.,2.08166970974519E-16));
#12434=DIRECTION('',(0.,-1.,0.));
#12435=DIRECTION('',(-1.,0.,0.));
#12436=DIRECTION('',(0.,-1.,0.));
#12437=DIRECTION('',(-1.,0.,0.));
#12438=DIRECTION('',(0.,1.,0.));
#12439=DIRECTION('',(1.,0.,-2.08166970974519E-16));
#12440=DIRECTION('',(0.,-1.,0.));
#12441=DIRECTION('',(1.,0.,0.));
#12442=DIRECTION('',(0.,-1.,0.));
#12443=DIRECTION('',(-1.,0.,0.));
#12444=DIRECTION('',(0.,-1.,0.));
#12445=DIRECTION('',(1.,0.,0.));
#12446=DIRECTION('',(0.,-1.,0.));
#12447=DIRECTION('',(1.,0.,-2.08166970974519E-16));
#12448=DIRECTION('',(0.,-1.,0.));
#12449=DIRECTION('',(-1.,0.,2.08166970974519E-16));
#12450=DIRECTION('',(0.,-1.,0.));
#12451=DIRECTION('',(-1.,0.,0.));
#12452=DIRECTION('',(0.,0.,1.));
#12453=DIRECTION('',(1.,0.,-2.08166970974519E-16));
#12454=DIRECTION('',(-2.08166970974519E-16,0.,-1.));
#12455=DIRECTION('',(-1.,0.,0.));
#12456=DIRECTION('',(-1.07068512683576E-16,0.,-1.));
#12457=DIRECTION('',(-1.,0.,2.08166970974519E-16));
#12458=DIRECTION('',(-2.00314541178434E-16,0.,-1.));
#12459=DIRECTION('',(1.,0.,-2.08166970974519E-16));
#12460=DIRECTION('',(0.,0.,-1.));
#12461=DIRECTION('',(1.,0.,0.));
#12462=DIRECTION('',(0.,0.,1.));
#12463=DIRECTION('',(1.,0.,0.));
#12464=DIRECTION('',(-1.07068512683576E-16,0.,-1.));
#12465=DIRECTION('',(-1.,0.,2.08166970974519E-16));
#12466=DIRECTION('',(0.,0.,-1.));
#12467=DIRECTION('',(1.,0.,-2.08166970974519E-16));
#12468=DIRECTION('',(-2.00314541178434E-16,0.,-1.));
#12469=DIRECTION('',(1.,0.,0.));
#12470=DIRECTION('',(0.,0.,1.));
#12471=DIRECTION('',(1.,0.,0.));
#12472=DIRECTION('',(0.,0.,-1.));
#12473=DIRECTION('',(-1.,0.,0.));
#12474=DIRECTION('',(0.,0.,1.));
#12475=DIRECTION('',(-1.,0.,0.));
#12476=DIRECTION('',(0.,0.,-1.));
#12477=CARTESIAN_POINT('',(0.,0.,0.));
#12478=CARTESIAN_POINT('',(0.108500005912842,0.0394040381269349,0.308101724037884));
#12479=CARTESIAN_POINT('',(0.108500005912842,0.0394040381269349,0.308101724037884));
#12480=CARTESIAN_POINT('',(0.108500005912842,0.0418805681129675,0.308443483058659));
#12481=CARTESIAN_POINT('',(0.109500005912842,0.0394040381269349,0.308101724037884));
#12482=CARTESIAN_POINT('',(0.109500005912842,0.0418805681129675,0.308443483058659));
#12483=CARTESIAN_POINT('',(0.108500005912842,0.0394040381269349,0.308101724037884));
#12484=CARTESIAN_POINT('',(0.108500005912842,0.0394040381269349,0.308101724037884));
#12485=CARTESIAN_POINT('',(0.108500005912842,0.0453477100934132,0.308921945687744));
#12486=CARTESIAN_POINT('',(0.109500005912842,0.0394040381269349,0.308101724037884));
#12487=CARTESIAN_POINT('',(0.109500005912842,0.0453477100934132,0.308921945687744));
#12488=CARTESIAN_POINT('',(0.109500005912842,0.0394040381269349,0.308101724037884));
#12489=CARTESIAN_POINT('',(0.108500005912842,0.0394040381269349,0.308101724037884));
#12490=CARTESIAN_POINT('',(0.108500005912842,0.0394040381269349,0.308101724037884));
#12491=CARTESIAN_POINT('',(0.108500005912842,0.0404293151892604,0.300672134079786));
#12492=CARTESIAN_POINT('',(0.108500005912842,0.0394040381269349,0.308101724037884));
#12493=CARTESIAN_POINT('',(0.1165,0.0394040381269349,0.308101724037884));
#12494=CARTESIAN_POINT('',(0.1165,0.0369275081409023,0.307759965017109));
#12495=CARTESIAN_POINT('',(0.1155,0.0394040381269349,0.308101724037884));
#12496=CARTESIAN_POINT('',(0.1155,0.0369275081409023,0.307759965017109));
#12497=CARTESIAN_POINT('',(0.108500005912842,0.0394040381269349,0.308101724037884));
#12498=CARTESIAN_POINT('',(0.1165,0.0394040381269349,0.308101724037884));
#12499=CARTESIAN_POINT('',(0.1165,0.0334603661604566,0.307281502388024));
#12500=CARTESIAN_POINT('',(0.1155,0.0394040381269349,0.308101724037884));
#12501=CARTESIAN_POINT('',(0.1155,0.0334603661604566,0.307281502388024));
#12502=CARTESIAN_POINT('',(0.1155,0.0394040381269349,0.308101724037884));
#12503=CARTESIAN_POINT('',(0.1165,0.0394040381269349,0.308101724037884));
#12504=CARTESIAN_POINT('',(0.1165,0.0394040381269349,0.308101724037884));
#12505=CARTESIAN_POINT('',(0.1165,0.0383143649330805,0.307951350068743));
#12506=CARTESIAN_POINT('',(0.108500005912842,0.0394040381269349,0.308101724037884));
#12507=CARTESIAN_POINT('',(0.108500005912842,0.0383143649330805,0.307951350068743));
#12508=CARTESIAN_POINT('',(0.1165,0.0383787610646089,0.315531313995982));
#12509=CARTESIAN_POINT('',(0.1165,0.0394040381269349,0.308101724037884));
#12510=CARTESIAN_POINT('',(0.1165,0.0404293151892604,0.300672134079786));
#12511=CARTESIAN_POINT('',(0.110125006097618,0.0394040381269349,0.308101724037884));
#12512=CARTESIAN_POINT('',(0.109500005912842,0.0394040381269349,0.308101724037884));
#12513=CARTESIAN_POINT('',(0.109500005912842,0.0404293151892604,0.300672134079786));
#12514=CARTESIAN_POINT('',(0.110750006282395,0.0394040381269349,0.308101724037884));
#12515=CARTESIAN_POINT('',(0.110750006282395,0.0402969525027166,0.301631289924492));
#12516=CARTESIAN_POINT('',(0.109500005912842,0.0394040381269349,0.308101724037884));
#12517=CARTESIAN_POINT('',(0.114874999815223,0.0394040381269349,0.308101724037884));
#12518=CARTESIAN_POINT('',(0.114249999630447,0.0394040381269349,0.308101724037884));
#12519=CARTESIAN_POINT('',(0.114249999630447,0.0402969525027166,0.301631289924492));
#12520=CARTESIAN_POINT('',(0.1155,0.0394040381269349,0.308101724037884));
#12521=CARTESIAN_POINT('',(0.1155,0.0404293151892604,0.300672134079786));
#12522=CARTESIAN_POINT('',(0.109500005912842,0.0394040381269349,0.308101724037884));
#12523=CARTESIAN_POINT('',(0.108500005912842,0.0394040381269349,0.308101724037884));
#12524=CARTESIAN_POINT('',(0.1165,0.0383787610646089,0.315531313995982));
#12525=CARTESIAN_POINT('',(0.112500002956421,0.0394040381269349,0.308101724037884));
#12526=CARTESIAN_POINT('',(0.,0.,0.));
#12527=CARTESIAN_POINT('',(0.1295,-0.0715480164812541,0.299091199450942));
#12528=CARTESIAN_POINT('',(0.1195,-0.0715480164812541,0.299091199450942));
#12529=CARTESIAN_POINT('',(0.119500000031112,-0.0708404344542512,0.296693423882824));
#12530=CARTESIAN_POINT('',(0.119707466758272,-0.0720359803145247,0.296555142075566));
#12531=CARTESIAN_POINT('',(0.119396102606969,-0.0708114231030575,0.296594691459788));
#12532=CARTESIAN_POINT('',(0.119708123187201,-0.0697609339988007,0.297226635382212));
#12533=CARTESIAN_POINT('',(0.12037203933298,-0.069199051318344,0.298079308494716));
#12534=CARTESIAN_POINT('',(0.121165778207671,-0.0690016892265432,0.298961213923671));
#12535=CARTESIAN_POINT('',(0.12200808376197,-0.0691044652344267,0.299807713295979));
#12536=CARTESIAN_POINT('',(0.122846001864359,-0.0694739890159826,0.300573737287009));
#12537=CARTESIAN_POINT('',(0.123637084066782,-0.0701172216747489,0.301212658510026));
#12538=CARTESIAN_POINT('',(0.124296860732621,-0.0710607013999643,0.301627492467254));
#12539=CARTESIAN_POINT('',(0.124601219302919,-0.0722786085268217,0.301588725781587));
#12540=CARTESIAN_POINT('',(0.124298245236625,-0.0733336113451667,0.300958762719487));
#12541=CARTESIAN_POINT('',(0.123638386719505,-0.0738996255503136,0.300098753852516));
#12542=CARTESIAN_POINT('',(0.122848918003179,-0.0740945450763634,0.299214379994405));
#12543=CARTESIAN_POINT('',(0.122010163717658,-0.0739900828144774,0.298369317419123));
#12544=CARTESIAN_POINT('',(0.121166679393413,-0.0736172628848124,0.297601209984131));
#12545=CARTESIAN_POINT('',(0.120370803651681,-0.0729711417646369,0.296965796189126));
#12546=CARTESIAN_POINT('',(0.119707466758272,-0.0720359803145247,0.296555142075566));
#12547=CARTESIAN_POINT('',(0.119396102606969,-0.0708114231030575,0.296594691459788));
#12548=CARTESIAN_POINT('',(0.119708123187201,-0.0697609339988007,0.297226635382212));
#12549=CARTESIAN_POINT('',(0.1295,-0.106555356992598,0.286101884994269));
#12550=CARTESIAN_POINT('',(0.1195,-0.106555356992598,0.286101884994269));
#12551=CARTESIAN_POINT('',(0.119500000031112,-0.105526633177537,0.283823348772848));
#12552=CARTESIAN_POINT('',(0.119707250765279,-0.106690210185452,0.283523527707739));
#12553=CARTESIAN_POINT('',(0.119396188047086,-0.105484936238296,0.283729358426039));
#12554=CARTESIAN_POINT('',(0.119707997419728,-0.104529843926628,0.284499131225175));
#12555=CARTESIAN_POINT('',(0.120373534814509,-0.104089329507252,0.285422588479563));
#12556=CARTESIAN_POINT('',(0.121168291763904,-0.104015643100156,0.286323747634999));
#12557=CARTESIAN_POINT('',(0.122007460011087,-0.104232529177942,0.287145106091145));
#12558=CARTESIAN_POINT('',(0.122847764316774,-0.104704387485068,0.287855554198046));
#12559=CARTESIAN_POINT('',(0.123638959886991,-0.105430589341855,0.288399928515876));
#12560=CARTESIAN_POINT('',(0.124297255830602,-0.106419531996635,0.288681334818103));
#12561=CARTESIAN_POINT('',(0.124601766983127,-0.107626161298444,0.288474146677764));
#12562=CARTESIAN_POINT('',(0.12429567518278,-0.108582420171519,0.287703651800235));
#12563=CARTESIAN_POINT('',(0.123635288612072,-0.109023487615949,0.286774699757262));
#12564=CARTESIAN_POINT('',(0.122845925018742,-0.109094850492988,0.285872477307874));
#12565=CARTESIAN_POINT('',(0.12200150002345,-0.10887265233712,0.28504485714844));
#12566=CARTESIAN_POINT('',(0.121157605702269,-0.108394783481004,0.284336114814765));
#12567=CARTESIAN_POINT('',(0.120365336079613,-0.10766754109903,0.283799103793406));
#12568=CARTESIAN_POINT('',(0.119707250765279,-0.106690210185452,0.283523527707739));
#12569=CARTESIAN_POINT('',(0.119396188047086,-0.105484936238296,0.283729358426039));
#12570=CARTESIAN_POINT('',(0.119707997419728,-0.104529843926628,0.284499131225175));
#12571=CARTESIAN_POINT('',(0.1295,-0.139458362239937,0.268448884529046));
#12572=CARTESIAN_POINT('',(0.1195,-0.139458362239937,0.268448884529046));
#12573=CARTESIAN_POINT('',(0.119500000031113,-0.138127811966667,0.266332369475875));
#12574=CARTESIAN_POINT('',(0.119707844561543,-0.139241982732163,0.265875417332834));
#12575=CARTESIAN_POINT('',(0.119395957944281,-0.138073006634701,0.266245101864911));
#12576=CARTESIAN_POINT('',(0.11970832403469,-0.13723286252907,0.267138392062748));
#12577=CARTESIAN_POINT('',(0.12037222637151,-0.136923141117336,0.268111221630805));
#12578=CARTESIAN_POINT('',(0.12116577615558,-0.136971996774612,0.269013405746364));
#12579=CARTESIAN_POINT('',(0.122009303984446,-0.137300528758999,0.269801662171331));
#12580=CARTESIAN_POINT('',(0.122850613767556,-0.137867117955348,0.270440859076971));
#12581=CARTESIAN_POINT('',(0.123639414202924,-0.138658674158741,0.270879422163438));
#12582=CARTESIAN_POINT('',(0.124298795564308,-0.139680114244979,0.271022206424558));
#12583=CARTESIAN_POINT('',(0.124601255607077,-0.140842015980304,0.270652759618907));
#12584=CARTESIAN_POINT('',(0.124296181696111,-0.141685075621288,0.269759291705817));
#12585=CARTESIAN_POINT('',(0.12363576791435,-0.141995517904071,0.268778408947916));
#12586=CARTESIAN_POINT('',(0.122844184438882,-0.141941939755127,0.267872863056066));
#12587=CARTESIAN_POINT('',(0.122006590273966,-0.141611712082342,0.267089563937213));
#12588=CARTESIAN_POINT('',(0.121162554885714,-0.141043215310848,0.266451496203617));
#12589=CARTESIAN_POINT('',(0.120370199439067,-0.140251425738482,0.266017544397813));
#12590=CARTESIAN_POINT('',(0.119707844561543,-0.139241982732163,0.265875417332834));
#12591=CARTESIAN_POINT('',(0.119395957944281,-0.138073006634701,0.266245101864911));
#12592=CARTESIAN_POINT('',(0.11970832403469,-0.13723286252907,0.267138392062748));
#12593=CARTESIAN_POINT('',(0.1295,-0.169639245029088,0.24646365098926));
#12594=CARTESIAN_POINT('',(0.1195,-0.169639245029088,0.24646365098926));
#12595=CARTESIAN_POINT('',(0.119500000031112,-0.168031850724917,0.244548896814199));
#12596=CARTESIAN_POINT('',(0.119707313475904,-0.16907191054136,0.243944230736183));
#12597=CARTESIAN_POINT('',(0.119396169194313,-0.167965863812119,0.244470017512124));
#12598=CARTESIAN_POINT('',(0.119708010120191,-0.167255738559686,0.245469080100488));
#12599=CARTESIAN_POINT('',(0.120371945830397,-0.167081600122541,0.246475421764345));
#12600=CARTESIAN_POINT('',(0.12116568187386,-0.167253409554304,0.247362632255182));
#12601=CARTESIAN_POINT('',(0.122007097321491,-0.167685541034455,0.248096724798884));
#12602=CARTESIAN_POINT('',(0.122844842380168,-0.168330037587607,0.248651269859151));
#12603=CARTESIAN_POINT('',(0.123636215705568,-0.169175164985997,0.248979981060631));
#12604=CARTESIAN_POINT('',(0.124295797935342,-0.170204639449123,0.2489836366416));
#12605=CARTESIAN_POINT('',(0.124601244466577,-0.171306267928656,0.248461798387837));
#12606=CARTESIAN_POINT('',(0.124299187345574,-0.17202196147338,0.247463184593653));
#12607=CARTESIAN_POINT('',(0.123639511427236,-0.172197345365313,0.24644840305324));
#12608=CARTESIAN_POINT('',(0.12285218690307,-0.172024083793817,0.245561211489734));
#12609=CARTESIAN_POINT('',(0.122007484836824,-0.171587279711413,0.244823278638426));
#12610=CARTESIAN_POINT('',(0.121167822167216,-0.170940803309989,0.244271327178796));
#12611=CARTESIAN_POINT('',(0.120370521246308,-0.170093559843139,0.243946235751131));
#12612=CARTESIAN_POINT('',(0.119707313475904,-0.16907191054136,0.243944230736183));
#12613=CARTESIAN_POINT('',(0.119396169194313,-0.167965863812119,0.244470017512124));
#12614=CARTESIAN_POINT('',(0.119708010120191,-0.167255738559686,0.245469080100488));
#12615=CARTESIAN_POINT('',(0.1256,-0.150157183916537,0.266831132803066));
#12616=CARTESIAN_POINT('',(0.1242,-0.150157183916537,0.266831132803066));
#12617=CARTESIAN_POINT('',(0.1242,-0.151843222499858,0.269312518282095));
#12618=CARTESIAN_POINT('',(0.1242,-0.152876107277397,0.265563278017302));
#12619=CARTESIAN_POINT('',(0.1256,-0.151843222499858,0.269312518282095));
#12620=CARTESIAN_POINT('',(0.1295,-0.151843222499858,0.269312518282095));
#12621=CARTESIAN_POINT('',(0.1295,-0.150157183916537,0.266831132803066));
#12622=CARTESIAN_POINT('',(0.1295,-0.152876107277397,0.265563278017302));
#12623=CARTESIAN_POINT('',(0.1256,-0.152876107277397,0.265563278017302));
#12624=CARTESIAN_POINT('',(0.1295,-0.149031596703767,0.257318698490468));
#12625=CARTESIAN_POINT('',(0.1295,-0.153950237495877,0.267866757703181));
#12626=CARTESIAN_POINT('',(0.1295,-0.150075408893847,0.259557160954649));
#12627=CARTESIAN_POINT('',(0.1295,-0.150075408893847,0.259557160954649));
#12628=CARTESIAN_POINT('',(0.1242,-0.150075408893847,0.259557160954649));
#12629=CARTESIAN_POINT('',(0.1242,-0.153950237495877,0.267866757703181));
#12630=CARTESIAN_POINT('',(0.1295,-0.152794332254707,0.258289306168886));
#12631=CARTESIAN_POINT('',(0.1242,-0.152794332254707,0.258289306168886));
#12632=CARTESIAN_POINT('',(0.1242,-0.151027952152167,0.255864455383094));
#12633=CARTESIAN_POINT('',(0.1295,-0.152794332254707,0.258289306168886));
#12634=CARTESIAN_POINT('',(0.1295,-0.151027952152167,0.255864455383094));
#12635=CARTESIAN_POINT('',(0.1295,-0.151027952152167,0.255864455383094));
#12636=CARTESIAN_POINT('',(0.1295,0.101286018741682,0.300830474059391));
#12637=CARTESIAN_POINT('',(0.1295,0.00552037861049287,0.0377165402393365));
#12638=CARTESIAN_POINT('',(0.1295,-0.151381925059777,0.269625287601229));
#12639=CARTESIAN_POINT('',(0.1295,0.00552037861049287,0.0377165402393365));
#12640=CARTESIAN_POINT('',(0.1295,-0.135344824812057,0.279702065560012));
#12641=CARTESIAN_POINT('',(0.1295,0.00552037861049287,0.0377165402393365));
#12642=CARTESIAN_POINT('',(0.1295,-0.118206162793279,0.288897238049223));
#12643=CARTESIAN_POINT('',(0.1295,0.00552037861049287,0.0377165402393365));
#12644=CARTESIAN_POINT('',(0.1295,-0.100942087025179,0.296687085689536));
#12645=CARTESIAN_POINT('',(0.1295,0.00552037861049287,0.0377165402393365));
#12646=CARTESIAN_POINT('',(0.1295,-0.100426402063483,0.296898483408264));
#12647=CARTESIAN_POINT('',(0.1295,-0.0992912579848331,0.294121534017168));
#12648=CARTESIAN_POINT('',(0.1295,-0.0967313853399371,0.295685839627307));
#12649=CARTESIAN_POINT('',(0.1295,-0.0919879482159862,0.287923548897359));
#12650=CARTESIAN_POINT('',(0.1295,-0.0932758254107641,0.290031066494642));
#12651=CARTESIAN_POINT('',(0.1295,-0.0907159527658681,0.291595372104781));
#12652=CARTESIAN_POINT('',(0.1295,-0.0896723401718342,0.288782744729252));
#12653=CARTESIAN_POINT('',(0.1295,-0.0837779488950822,0.290969831800971));
#12654=CARTESIAN_POINT('',(0.1295,-0.0860935569392351,0.290110635969078));
#12655=CARTESIAN_POINT('',(0.1295,-0.0871371695332692,0.292923263344607));
#12656=CARTESIAN_POINT('',(0.1295,-0.0841764815967941,0.29340733662709));
#12657=CARTESIAN_POINT('',(0.1295,-0.0856559104884242,0.302455816332159));
#12658=CARTESIAN_POINT('',(0.1295,-0.0852458022122112,0.299947513002957));
#12659=CARTESIAN_POINT('',(0.1295,-0.0822851142757372,0.300431586285441));
#12660=CARTESIAN_POINT('',(0.1295,-0.0832360762925552,0.3032768755928));
#12661=CARTESIAN_POINT('',(0.1295,0.00552037861049287,0.0377165402393365));
#12662=CARTESIAN_POINT('',(0.1295,-0.0827073096028732,0.303453016908471));
#12663=CARTESIAN_POINT('',(0.1295,0.00552037861049287,0.0377165402393365));
#12664=CARTESIAN_POINT('',(0.1295,-0.0645404087939211,0.308809671963978));
#12665=CARTESIAN_POINT('',(0.1295,0.00552037861048088,0.0377165402393967));
#12666=CARTESIAN_POINT('',(0.1295,-0.0455518923527271,0.313019324712469));
#12667=CARTESIAN_POINT('',(0.1295,-0.0482879068686141,0.327767688166387));
#12668=CARTESIAN_POINT('',(0.1295,-0.0482879068686141,0.327767688166387));
#12669=CARTESIAN_POINT('',(0.1295,0.00552037861048088,0.0377165402393967));
#12670=CARTESIAN_POINT('',(0.1295,-0.0583293075012472,0.325723862339718));
#12671=CARTESIAN_POINT('',(0.1295,-0.0460401962583162,0.270291263753782));
#12672=CARTESIAN_POINT('',(0.1295,-0.0594115055709372,0.330605342375318));
#12673=CARTESIAN_POINT('',(0.1295,0.00552037861049287,0.037716540239336));
#12674=CARTESIAN_POINT('',(0.1295,-0.206611655745467,0.249848574595302));
#12675=CARTESIAN_POINT('',(0.1295,-0.121758842003087,0.164995760852916));
#12676=CARTESIAN_POINT('',(0.1295,-0.230515776447487,0.215709952261799));
#12677=CARTESIAN_POINT('',(0.1295,-0.230515776447487,0.2157099522618));
#12678=CARTESIAN_POINT('',(0.1295,-0.223198364726377,0.208392540540692));
#12679=CARTESIAN_POINT('',(0.1295,-0.439956883375827,0.48319382254807));
#12680=CARTESIAN_POINT('',(0.1295,-0.192469520121737,0.235706438971571));
#12681=CARTESIAN_POINT('',(0.1295,0.00552037861049287,0.0377165402393365));
#12682=CARTESIAN_POINT('',(0.1295,-0.181611687919357,0.245999015921444));
#12683=CARTESIAN_POINT('',(0.1295,0.00552037861049287,0.0377165402393365));
#12684=CARTESIAN_POINT('',(0.1295,-0.167102675965467,0.258173522503144));
#12685=CARTESIAN_POINT('',(0.1295,0.00552037861049287,0.0377165402393365));
#12686=CARTESIAN_POINT('',(0.1295,-0.166663520174667,0.258516687429375));
#12687=CARTESIAN_POINT('',(0.1295,-0.164818692687688,0.256150971566624));
#12688=CARTESIAN_POINT('',(0.1295,-0.162778174474377,0.258350127182117));
#12689=CARTESIAN_POINT('',(0.1295,-0.156109684429807,0.252162672644858));
#12690=CARTESIAN_POINT('',(0.1295,-0.157920227297257,0.253842610922527));
#12691=CARTESIAN_POINT('',(0.1295,-0.155879709083947,0.256041766538019));
#12692=CARTESIAN_POINT('',(0.1295,-0.154113328981407,0.253616915752227));
#12693=CARTESIAN_POINT('',(0.1295,-0.149031596703767,0.257318698490468));
#12694=CARTESIAN_POINT('',(0.1295,-0.155809004088107,0.259186245341614));
#12695=CARTESIAN_POINT('',(0.1295,-0.158409004088107,0.259186245341614));
#12696=CARTESIAN_POINT('',(0.1295,-0.0897962383112631,0.294603173870968));
#12697=CARTESIAN_POINT('',(0.1295,-0.092396238311263,0.294603173870968));
#12698=CARTESIAN_POINT('',(0.1295,-0.0518216044736031,0.31944006956549));
#12699=CARTESIAN_POINT('',(0.1295,-0.0529216044736031,0.31944006956549));
#12700=CARTESIAN_POINT('',(0.1295,-0.0508243525938821,0.314540529925034));
#12701=CARTESIAN_POINT('',(0.1295,-0.0519243525938821,0.314540529925034));
#12702=CARTESIAN_POINT('',(0.1295,-0.0528188563533241,0.324339609205945));
#12703=CARTESIAN_POINT('',(0.1295,-0.0539188563533241,0.324339609205945));
#12704=CARTESIAN_POINT('',(0.1295,-0.156109684429807,0.252162672644858));
#12705=CARTESIAN_POINT('',(0.1295,-0.154113328981407,0.253616915752227));
#12706=CARTESIAN_POINT('',(0.1242,-0.154113328981407,0.253616915752227));
#12707=CARTESIAN_POINT('',(0.1242,-0.149031596703767,0.257318698490468));
#12708=CARTESIAN_POINT('',(0.1256,-0.164818692687688,0.256150971566624));
#12709=CARTESIAN_POINT('',(0.1256,-0.166663520174667,0.258516687429375));
#12710=CARTESIAN_POINT('',(0.1242,-0.166663520174667,0.258516687429375));
#12711=CARTESIAN_POINT('',(0.1242,-0.164818692687688,0.256150971566624));
#12712=CARTESIAN_POINT('',(0.1242,-0.162778174474377,0.258350127182117));
#12713=CARTESIAN_POINT('',(0.1256,-0.162778174474377,0.258350127182117));
#12714=CARTESIAN_POINT('',(0.1295,-0.164641305432487,0.260078860077157));
#12715=CARTESIAN_POINT('',(0.1242,-0.156109684429807,0.252162672644858));
#12716=CARTESIAN_POINT('',(0.1242,-0.157920227297257,0.253842610922527));
#12717=CARTESIAN_POINT('',(0.1295,-0.157920227297257,0.253842610922527));
#12718=CARTESIAN_POINT('',(0.1295,-0.155879709083947,0.256041766538019));
#12719=CARTESIAN_POINT('',(0.1242,-0.155879709083947,0.256041766538019));
#12720=CARTESIAN_POINT('',(0.1295,-0.0907159527658681,0.291595372104781));
#12721=CARTESIAN_POINT('',(0.1242,-0.0907159527658681,0.291595372104781));
#12722=CARTESIAN_POINT('',(0.1242,-0.0896723401718342,0.288782744729252));
#12723=CARTESIAN_POINT('',(0.1242,-0.0932758254107641,0.290031066494642));
#12724=CARTESIAN_POINT('',(0.1295,-0.0896723401718342,0.288782744729252));
#12725=CARTESIAN_POINT('',(0.1295,-0.0932758254107641,0.290031066494642));
#12726=CARTESIAN_POINT('',(0.1295,-0.0980566695488741,0.297854571089485));
#12727=CARTESIAN_POINT('',(0.1256,-0.0967313853399371,0.295685839627307));
#12728=CARTESIAN_POINT('',(0.1242,-0.0967313853399371,0.295685839627307));
#12729=CARTESIAN_POINT('',(0.1242,-0.0919879482159862,0.287923548897359));
#12730=CARTESIAN_POINT('',(0.1256,-0.0992912579848331,0.294121534017168));
#12731=CARTESIAN_POINT('',(0.1256,-0.100426402063483,0.296898483408264));
#12732=CARTESIAN_POINT('',(0.1242,-0.100426402063483,0.296898483408264));
#12733=CARTESIAN_POINT('',(0.1242,-0.0992912579848331,0.294121534017168));
#12734=CARTESIAN_POINT('',(0.1295,-0.0871371695332692,0.292923263344607));
#12735=CARTESIAN_POINT('',(0.1242,-0.0871371695332692,0.292923263344607));
#12736=CARTESIAN_POINT('',(0.1242,-0.0841764815967941,0.29340733662709));
#12737=CARTESIAN_POINT('',(0.1242,-0.0860935569392351,0.290110635969078));
#12738=CARTESIAN_POINT('',(0.1295,-0.0841764815967941,0.29340733662709));
#12739=CARTESIAN_POINT('',(0.1295,-0.0860935569392351,0.290110635969078));
#12740=CARTESIAN_POINT('',(0.1295,-0.0919879482159862,0.287923548897359));
#12741=CARTESIAN_POINT('',(0.1242,-0.0837779488950822,0.290969831800971));
#12742=CARTESIAN_POINT('',(0.1256,-0.0822851142757372,0.300431586285441));
#12743=CARTESIAN_POINT('',(0.1242,-0.0822851142757372,0.300431586285441));
#12744=CARTESIAN_POINT('',(0.1242,-0.0832360762925552,0.3032768755928));
#12745=CARTESIAN_POINT('',(0.1242,-0.0852458022122112,0.299947513002957));
#12746=CARTESIAN_POINT('',(0.1256,-0.0832360762925552,0.3032768755928));
#12747=CARTESIAN_POINT('',(0.1256,-0.0852458022122112,0.299947513002957));
#12748=CARTESIAN_POINT('',(0.1295,-0.0837779488950822,0.290969831800971));
#12749=CARTESIAN_POINT('',(0.1242,-0.0856559104884242,0.302455816332159));
#12750=CARTESIAN_POINT('',(0.1295,-0.155809004088107,0.259186245341614));
#12751=CARTESIAN_POINT('',(0.1242,-0.155809004088107,0.259186245341614));
#12752=CARTESIAN_POINT('',(0.1242,-0.158409004088107,0.259186245341614));
#12753=CARTESIAN_POINT('',(0.1256,0.00552037861049287,0.0377165402393365));
#12754=CARTESIAN_POINT('',(0.1242,0.00552037861049287,0.0377165402393365));
#12755=CARTESIAN_POINT('',(0.1242,-0.151381925059777,0.269625287601229));
#12756=CARTESIAN_POINT('',(0.1256,-0.151381925059777,0.269625287601229));
#12757=CARTESIAN_POINT('',(0.1295,-0.0897962383112631,0.294603173870968));
#12758=CARTESIAN_POINT('',(0.1242,-0.0897962383112631,0.294603173870968));
#12759=CARTESIAN_POINT('',(0.1242,-0.092396238311263,0.294603173870968));
#12760=CARTESIAN_POINT('',(0.1256,0.00552037861049287,0.0377165402393365));
#12761=CARTESIAN_POINT('',(0.1242,0.00552037861049287,0.0377165402393365));
#12762=CARTESIAN_POINT('',(0.1242,-0.0827073096028732,0.303453016908471));
#12763=CARTESIAN_POINT('',(0.1256,-0.0827073096028732,0.303453016908471));
#12764=CARTESIAN_POINT('',(0.1295,-0.0518216044736031,0.31944006956549));
#12765=CARTESIAN_POINT('',(0.1267,-0.0518216044736031,0.31944006956549));
#12766=CARTESIAN_POINT('',(0.1267,-0.0529216044736031,0.31944006956549));
#12767=CARTESIAN_POINT('',(0.1295,-0.0508243525938821,0.314540529925034));
#12768=CARTESIAN_POINT('',(0.1267,-0.0508243525938821,0.314540529925034));
#12769=CARTESIAN_POINT('',(0.1267,-0.0519243525938821,0.314540529925034));
#12770=CARTESIAN_POINT('',(0.1295,-0.0528188563533241,0.324339609205945));
#12771=CARTESIAN_POINT('',(0.1267,-0.0528188563533241,0.324339609205945));
#12772=CARTESIAN_POINT('',(0.1267,-0.0539188563533241,0.324339609205945));
#12773=CARTESIAN_POINT('',(0.1267,-0.0482879068686141,0.327767688166387));
#12774=CARTESIAN_POINT('',(0.1267,-0.0482879068686141,0.327767688166387));
#12775=CARTESIAN_POINT('',(0.1267,-0.0482879068686141,0.327767688166387));
#12776=CARTESIAN_POINT('',(0.1267,-0.0455518923527271,0.313019324712469));
#12777=CARTESIAN_POINT('',(0.1267,-0.0482879068686141,0.327767688166387));
#12778=CARTESIAN_POINT('',(0.1267,-0.0455518923527271,0.313019324712469));
#12779=CARTESIAN_POINT('',(0.1267,0.00552037861048088,0.0377165402393967));
#12780=CARTESIAN_POINT('',(0.1267,0.00552037861048088,0.0377165402393967));
#12781=CARTESIAN_POINT('',(0.1267,-0.0583293075012472,0.325723862339718));
#12782=CARTESIAN_POINT('',(0.1267,-0.0583293075012472,0.325723862339718));
#12783=CARTESIAN_POINT('',(0.1267,-0.0519405999269861,0.319423555199653));
#12784=CARTESIAN_POINT('',(0.1267,-0.0515936754132811,0.295341389402992));
#12785=CARTESIAN_POINT('',(0.1267,-0.0550827132921751,0.311079422232919));
#12786=CARTESIAN_POINT('',(0.1267,0.00552037861048088,0.0377165402393967));
#12787=CARTESIAN_POINT('',(0.,-0.0464886418266032,0.272314070992083));
#12788=CARTESIAN_POINT('',(0.1256,-0.0550827132921751,0.311079422232919));
#12789=CARTESIAN_POINT('',(0.1242,-0.0550827132921751,0.311079422232919));
#12790=CARTESIAN_POINT('',(0.1242,-0.0444931763529401,0.263313107911264));
#12791=CARTESIAN_POINT('',(0.1242,-0.0583422549126352,0.32578226433837));
#12792=CARTESIAN_POINT('',(0.12295,-0.0586128044300582,0.32700263434727));
#12793=CARTESIAN_POINT('',(0.1217,-0.0588833539474812,0.32822300435617));
#12794=CARTESIAN_POINT('',(0.1217,-0.0477743577881551,0.278113560913151));
#12795=CARTESIAN_POINT('',(0.1217,-0.0591950659569991,0.329629046368198));
#12796=CARTESIAN_POINT('',(0.12295,-0.0591950659569991,0.329629046368197));
#12797=CARTESIAN_POINT('',(0.124199999999941,-0.0591950659569991,0.329629046368197));
#12798=CARTESIAN_POINT('',(0.124200000000053,-0.0478656294476271,0.278525260763673));
#12799=CARTESIAN_POINT('',(0.12419999999994,-0.0594115055709372,0.330605342375317));
#12800=CARTESIAN_POINT('',(0.1251,-0.0594115055709372,0.330605342375317));
#12801=CARTESIAN_POINT('',(0.126,-0.0594115055709372,0.330605342375318));
#12802=CARTESIAN_POINT('',(0.1275,-0.0594115055709372,0.330605342375318));
#12803=CARTESIAN_POINT('',(0.129,-0.0594115055709372,0.330605342375318));
#12804=CARTESIAN_POINT('',(0.12925,-0.0594115055709372,0.330605342375318));
#12805=CARTESIAN_POINT('',(0.1242,0.141043031059118,0.295002147695712));
#12806=CARTESIAN_POINT('',(0.1242,0.00552037861049287,0.0377165402393365));
#12807=CARTESIAN_POINT('',(0.1242,-0.167102675965467,0.258173522503145));
#12808=CARTESIAN_POINT('',(0.1242,-0.162507709915247,0.241024875908676));
#12809=CARTESIAN_POINT('',(0.1242,-0.169347436196127,0.26655108165465));
#12810=CARTESIAN_POINT('',(0.1242,0.00552037861049287,0.037716540239336));
#12811=CARTESIAN_POINT('',(0.1242,-0.189472174632097,0.249664421049538));
#12812=CARTESIAN_POINT('',(0.1242,-0.0525486851723001,0.185815949731731));
#12813=CARTESIAN_POINT('',(0.1242,-0.181611687919357,0.245999015921444));
#12814=CARTESIAN_POINT('',(0.1242,0.00552037861049287,0.0377165402393365));
#12815=CARTESIAN_POINT('',(0.1242,-0.192469520121737,0.235706438971571));
#12816=CARTESIAN_POINT('',(0.1242,-0.439956883375827,0.48319382254807));
#12817=CARTESIAN_POINT('',(0.1242,-0.223198364726377,0.208392540540692));
#12818=CARTESIAN_POINT('',(0.1242,-0.154797472999867,0.139991648814177));
#12819=CARTESIAN_POINT('',(0.1242,-0.226798353620437,0.211992529434747));
#12820=CARTESIAN_POINT('',(0.1242,-0.226038452817667,0.213622141965179));
#12821=CARTESIAN_POINT('',(0.1242,-0.226038452817667,0.213622141965179));
#12822=CARTESIAN_POINT('',(0.1242,-0.121758842003087,0.164995760852917));
#12823=CARTESIAN_POINT('',(0.1242,-0.203118420946558,0.246355339796382));
#12824=CARTESIAN_POINT('',(0.1242,0.00552037861049287,0.0377165402393357));
#12825=CARTESIAN_POINT('',(0.1242,0.00552037861049287,0.0377165402393365));
#12826=CARTESIAN_POINT('',(0.1242,-0.0645404087939211,0.308809671963978));
#12827=CARTESIAN_POINT('',(0.1242,-0.0626281665106661,0.3214965707618));
#12828=CARTESIAN_POINT('',(0.1242,-0.0632477522068701,0.317385888191318));
#12829=CARTESIAN_POINT('',(0.1242,0.00552037861049287,0.037716540239336));
#12830=CARTESIAN_POINT('',(0.1242,-0.0884461687599131,0.309955934845051));
#12831=CARTESIAN_POINT('',(0.1242,-0.0272962807427273,0.240664688497082));
#12832=CARTESIAN_POINT('',(0.1242,0.00552037861049287,0.0377165402393365));
#12833=CARTESIAN_POINT('',(0.1242,-0.100942087025179,0.296687085689536));
#12834=CARTESIAN_POINT('',(0.1242,-0.100879724657318,0.301689168167255));
#12835=CARTESIAN_POINT('',(0.1242,-0.100833965609314,0.305359499170775));
#12836=CARTESIAN_POINT('',(0.1242,0.00552037861049287,0.037716540239336));
#12837=CARTESIAN_POINT('',(0.1242,-0.124780117854967,0.294554583801531));
#12838=CARTESIAN_POINT('',(0.1242,-0.0402801998438362,0.221836524772379));
#12839=CARTESIAN_POINT('',(0.1242,-0.118206162793279,0.288897238049223));
#12840=CARTESIAN_POINT('',(0.1242,0.00552037861049287,0.0377165402393365));
#12841=CARTESIAN_POINT('',(0.1242,-0.135344824812057,0.279702065560011));
#12842=CARTESIAN_POINT('',(0.1242,-0.134691233144207,0.274486527972322));
#12843=CARTESIAN_POINT('',(0.1242,-0.136423268656297,0.28830784296272));
#12844=CARTESIAN_POINT('',(0.1242,0.00552037861049287,0.037716540239336));
#12845=CARTESIAN_POINT('',(0.1242,-0.158667543372417,0.274330838782207));
#12846=CARTESIAN_POINT('',(0.1242,-0.0484904712164512,0.203170941330408));
#12847=CARTESIAN_POINT('',(0.12295,0.00552037861049287,0.037716540239336));
#12848=CARTESIAN_POINT('',(0.1217,-0.204886187899517,0.248123106749348));
#12849=CARTESIAN_POINT('',(0.1217,-0.204886187899517,0.248123106749348));
#12850=CARTESIAN_POINT('',(0.1217,0.00552037861049287,0.037716540239336));
#12851=CARTESIAN_POINT('',(0.1217,0.10778440146487,0.318684633854323));
#12852=CARTESIAN_POINT('',(0.1217,-0.121758842003087,0.164995760852916));
#12853=CARTESIAN_POINT('',(0.1217,-0.228304222285257,0.214678687619531));
#12854=CARTESIAN_POINT('',(0.1217,-0.178372172832407,0.321758313226414));
#12855=CARTESIAN_POINT('',(0.121700000000002,-0.228679571918697,0.213873747733016));
#12856=CARTESIAN_POINT('',(0.1217,-0.229808669666297,0.215002845480613));
#12857=CARTESIAN_POINT('',(0.1217,-0.229808669666297,0.215002845480612));
#12858=CARTESIAN_POINT('',(0.1217,-0.121051735221897,0.164288654071729));
#12859=CARTESIAN_POINT('',(0.1217,-0.205904548964287,0.249141467814115));
#12860=CARTESIAN_POINT('',(0.1217,0.00552037861049287,0.037716540239336));
#12861=CARTESIAN_POINT('',(0.12295,0.00552037861049287,0.0377165402393365));
#12862=CARTESIAN_POINT('',(0.1242,-0.205904548964287,0.249141467814114));
#12863=CARTESIAN_POINT('',(0.1242,-0.205904548964287,0.249141467814115));
#12864=CARTESIAN_POINT('',(0.1242,0.00552037861049287,0.0377165402393361));
#12865=CARTESIAN_POINT('',(0.1242,0.141043031059118,0.295002147695712));
#12866=CARTESIAN_POINT('',(0.1242,-0.121051735221897,0.164288654071729));
#12867=CARTESIAN_POINT('',(0.124199999999958,-0.229808669666297,0.215002845480611));
#12868=CARTESIAN_POINT('',(0.1242,-0.229808669666297,0.215002845480612));
#12869=CARTESIAN_POINT('',(0.124199999999968,-0.230515776447487,0.2157099522618));
#12870=CARTESIAN_POINT('',(0.1242,-0.121758842003087,0.164995760852915));
#12871=CARTESIAN_POINT('',(0.1242,-0.206611655745467,0.249848574595301));
#12872=CARTESIAN_POINT('',(0.1242,0.00552037861049287,0.0377165402393362));
#12873=CARTESIAN_POINT('',(0.117,-0.170387336462837,0.245178526583051));
#12874=CARTESIAN_POINT('',(0.119852620086331,-0.172077809501135,0.241553295430864));
#12875=CARTESIAN_POINT('',(0.119259705185286,-0.171489888040153,0.241279143152925));
#12876=CARTESIAN_POINT('',(0.118137620503406,-0.170140399431915,0.24096671812587));
#12877=CARTESIAN_POINT('',(0.1175,-0.16847623111498,0.241554624979466));
#12878=CARTESIAN_POINT('',(0.1175,-0.167800458299995,0.242127615019172));
#12879=CARTESIAN_POINT('',(0.119852620086329,-0.172077809501137,0.241553295430863));
#12880=CARTESIAN_POINT('',(0.1175,-0.167800458299997,0.242127615019173));
#12881=CARTESIAN_POINT('',(0.117,-0.172077809501137,0.241553295430862));
#12882=CARTESIAN_POINT('',(0.117,-0.172077809501137,0.241553295430862));
#12883=CARTESIAN_POINT('',(0.117,-0.170387336462837,0.245178526583051));
#12884=CARTESIAN_POINT('',(0.117,-0.167800458299997,0.242127615019173));
#12885=CARTESIAN_POINT('',(0.117,-0.167800458299997,0.242127615019173));
#12886=CARTESIAN_POINT('',(0.117,-0.169878983644717,0.249476325374607));
#12887=CARTESIAN_POINT('',(0.117,-0.171524693023737,0.241295372983209));
#12888=CARTESIAN_POINT('',(0.117,-0.179358512582708,0.244948343013356));
#12889=CARTESIAN_POINT('',(0.117,0.00552037861049287,0.037716540239336));
#12890=CARTESIAN_POINT('',(0.117,-0.166459224920657,0.255772130534709));
#12891=CARTESIAN_POINT('',(0.117,-0.167230895107457,0.258652042850984));
#12892=CARTESIAN_POINT('',(0.117,-0.164380036533937,0.248012493911163));
#12893=CARTESIAN_POINT('',(0.117,-0.168243739836617,0.246977217721514));
#12894=CARTESIAN_POINT('',(0.117,-0.165688385153568,0.243899854817364));
#12895=CARTESIAN_POINT('',(0.117,0.00552037861049287,0.037716540239336));
#12896=CARTESIAN_POINT('',(0.117,-0.169639245029088,0.24646365098926));
#12897=CARTESIAN_POINT('',(0.117,-0.16820530393821,0.248511531099983));
#12898=CARTESIAN_POINT('',(0.117,0.00552037861049287,0.037716540239336));
#12899=CARTESIAN_POINT('',(0.117,-0.165688385153568,0.243899854817364));
#12900=CARTESIAN_POINT('',(0.1175,-0.165688385153568,0.243899854817366));
#12901=CARTESIAN_POINT('',(0.1175,0.00552037861049287,0.037716540239336));
#12902=CARTESIAN_POINT('',(0.117,-0.168243739836617,0.246977217721514));
#12903=CARTESIAN_POINT('',(0.117,-0.164380036533937,0.248012493911163));
#12904=CARTESIAN_POINT('',(0.119852620103804,-0.164380036533937,0.248012493911163));
#12905=CARTESIAN_POINT('',(0.117500000000002,-0.16568838515357,0.243899854817367));
#12906=CARTESIAN_POINT('',(0.117500000000003,-0.165006986965323,0.244465668504472));
#12907=CARTESIAN_POINT('',(0.11813363035116,-0.16414047384802,0.24599614425454));
#12908=CARTESIAN_POINT('',(0.119259496936232,-0.164212081757926,0.247385678159711));
#12909=CARTESIAN_POINT('',(0.119852620103805,-0.164380036533937,0.248012493911163));
#12910=CARTESIAN_POINT('',(0.117,-0.140375111730587,0.267278091676282));
#12911=CARTESIAN_POINT('',(0.119852620086331,-0.142545296778017,0.26391798797849));
#12912=CARTESIAN_POINT('',(0.119259705185287,-0.142000372332616,0.26356603845855));
#12913=CARTESIAN_POINT('',(0.118137620503409,-0.140706262359494,0.263072066517276));
#12914=CARTESIAN_POINT('',(0.117500000000003,-0.138977348275783,0.263426956284285));
#12915=CARTESIAN_POINT('',(0.117500000000003,-0.138229589813807,0.263902186508091));
#12916=CARTESIAN_POINT('',(0.11985262008633,-0.142545296778017,0.26391798797849));
#12917=CARTESIAN_POINT('',(0.117500000000002,-0.138229589813807,0.26390218650809));
#12918=CARTESIAN_POINT('',(0.117,-0.142545296778017,0.26391798797849));
#12919=CARTESIAN_POINT('',(0.117,-0.142545296778017,0.263917987978492));
#12920=CARTESIAN_POINT('',(0.117,-0.140375111730587,0.267278091676282));
#12921=CARTESIAN_POINT('',(0.117,-0.138229589813807,0.263902186508091));
#12922=CARTESIAN_POINT('',(0.117,-0.138229589813807,0.263902186508092));
#12923=CARTESIAN_POINT('',(0.117,-0.169878983644717,0.249476325374607));
#12924=CARTESIAN_POINT('',(0.117,-0.142032631890447,0.26358687388994));
#12925=CARTESIAN_POINT('',(0.117,-0.149293533323467,0.268276461217597));
#12926=CARTESIAN_POINT('',(0.117,0.00552037861049287,0.037716540239336));
#12927=CARTESIAN_POINT('',(0.117,-0.135035693436307,0.277235255793195));
#12928=CARTESIAN_POINT('',(0.117,-0.135406424773837,0.280193621575517));
#12929=CARTESIAN_POINT('',(0.117,-0.134036794807387,0.269264234126801));
#12930=CARTESIAN_POINT('',(0.117,-0.138005751632597,0.268766859298721));
#12931=CARTESIAN_POINT('',(0.117,-0.135895073246667,0.265369060489024));
#12932=CARTESIAN_POINT('',(0.117,0.00552037861049287,0.037716540239336));
#12933=CARTESIAN_POINT('',(0.117,-0.139458362239937,0.268448884529046));
#12934=CARTESIAN_POINT('',(0.117,-0.13775793039551,0.270281514208621));
#12935=CARTESIAN_POINT('',(0.117,0.00552037861049287,0.037716540239336));
#12936=CARTESIAN_POINT('',(0.117,-0.135895073246667,0.265369060489025));
#12937=CARTESIAN_POINT('',(0.1175,-0.135895073246667,0.265369060489025));
#12938=CARTESIAN_POINT('',(0.1175,0.00552037861049287,0.037716540239336));
#12939=CARTESIAN_POINT('',(0.117,-0.138005751632597,0.268766859298721));
#12940=CARTESIAN_POINT('',(0.117,-0.134036794807387,0.269264234126802));
#12941=CARTESIAN_POINT('',(0.119852620103803,-0.134036794807387,0.269264234126802));
#12942=CARTESIAN_POINT('',(0.1175,-0.135895073246667,0.265369060489025));
#12943=CARTESIAN_POINT('',(0.117500000000001,-0.13514272325576,0.265836412723046));
#12944=CARTESIAN_POINT('',(0.118133630351158,-0.134075123410978,0.26723406488844));
#12945=CARTESIAN_POINT('',(0.11925949693623,-0.133956104766721,0.268620342901214));
#12946=CARTESIAN_POINT('',(0.119852620103803,-0.134036794807387,0.269264234126802));
#12947=CARTESIAN_POINT('',(0.117,-0.105072915203393,0.286218297503538));
#12948=CARTESIAN_POINT('',(0.117,-0.105072915203393,0.286218297503538));
#12949=CARTESIAN_POINT('',(0.117,-0.101073226033349,0.286168432254721));
#12950=CARTESIAN_POINT('',(0.117,-0.103446543235542,0.282563859896712));
#12951=CARTESIAN_POINT('',(0.117,-0.101073226033349,0.286168432254721));
#12952=CARTESIAN_POINT('',(0.119852620103804,-0.10107322603335,0.28616843225472));
#12953=CARTESIAN_POINT('',(0.117500000000001,-0.103446543235542,0.282563859896711));
#12954=CARTESIAN_POINT('',(0.117500000000001,-0.10263736757381,0.282923975666878));
#12955=CARTESIAN_POINT('',(0.118133630351159,-0.101388726268163,0.284162561914922));
#12956=CARTESIAN_POINT('',(0.11925949693623,-0.101081315765134,0.285519555263841));
#12957=CARTESIAN_POINT('',(0.119852620103804,-0.10107322603335,0.28616843225472));
#12958=CARTESIAN_POINT('',(0.1175,-0.103446543235541,0.282563859896712));
#12959=CARTESIAN_POINT('',(0.117,-0.103446543235541,0.282563859896712));
#12960=CARTESIAN_POINT('',(0.1235,0.00552037861049287,0.037716540239336));
#12961=CARTESIAN_POINT('',(0.1295,-0.100942087025179,0.296687085689536));
#12962=CARTESIAN_POINT('',(0.12457577517352,-0.101008805926745,0.291335565856382));
#12963=CARTESIAN_POINT('',(0.119852620103803,-0.10107322603335,0.286168432254721));
#12964=CARTESIAN_POINT('',(0.119852620086328,-0.110232701279325,0.282035519615816));
#12965=CARTESIAN_POINT('',(0.124575775164034,-0.114149546830376,0.285406237750144));
#12966=CARTESIAN_POINT('',(0.1295,-0.118206162793279,0.288897238049223));
#12967=CARTESIAN_POINT('',(0.119852620086328,-0.110232701279325,0.282035519615816));
#12968=CARTESIAN_POINT('',(0.119852620086329,-0.110232701279325,0.282035519615815));
#12969=CARTESIAN_POINT('',(0.119259705185284,-0.109741005356981,0.281612381061992));
#12970=CARTESIAN_POINT('',(0.118137620503406,-0.108526572242294,0.280946137029187));
#12971=CARTESIAN_POINT('',(0.117500000000001,-0.106765374501957,0.28106134629538));
#12972=CARTESIAN_POINT('',(0.117500000000001,-0.105959670314228,0.281429893775294));
#12973=CARTESIAN_POINT('',(0.1175,-0.105959670314228,0.281429893775293));
#12974=CARTESIAN_POINT('',(0.1175,0.00552037861049287,0.0377165402393359));
#12975=CARTESIAN_POINT('',(0.117,0.00552037861049287,0.037716540239336));
#12976=CARTESIAN_POINT('',(0.117,-0.105959670314228,0.281429893775294));
#12977=CARTESIAN_POINT('',(0.117,-0.105959670314228,0.281429893775294));
#12978=CARTESIAN_POINT('',(0.117,0.00552037861049287,0.037716540239336));
#12979=CARTESIAN_POINT('',(0.117,-0.107623551641463,0.285067406514636));
#12980=CARTESIAN_POINT('',(0.117,-0.110232701279325,0.282035519615816));
#12981=CARTESIAN_POINT('',(0.117,-0.110232701279325,0.282035519615816));
#12982=CARTESIAN_POINT('',(0.117,-0.107623551641463,0.285067406514636));
#12983=CARTESIAN_POINT('',(0.117,-0.0727475998536721,0.298212458723933));
#12984=CARTESIAN_POINT('',(0.119852620086329,-0.0757467246592141,0.295565715366373));
#12985=CARTESIAN_POINT('',(0.119259705185284,-0.0753174893480585,0.295079332632882));
#12986=CARTESIAN_POINT('',(0.118137620503406,-0.0742055353015365,0.294253325913951));
#12987=CARTESIAN_POINT('',(0.117500000000001,-0.0724451221730257,0.294126691508858));
#12988=CARTESIAN_POINT('',(0.117500000000001,-0.0715966001703751,0.294381636393278));
#12989=CARTESIAN_POINT('',(0.119852620086328,-0.0757467246592141,0.295565715366374));
#12990=CARTESIAN_POINT('',(0.1175,-0.0715966001703751,0.294381636393277));
#12991=CARTESIAN_POINT('',(0.117,-0.0757467246592141,0.295565715366374));
#12992=CARTESIAN_POINT('',(0.117,-0.0757467246592141,0.295565715366374));
#12993=CARTESIAN_POINT('',(0.117,-0.0727475998536721,0.298212458723933));
#12994=CARTESIAN_POINT('',(0.117,-0.0715966001703751,0.294381636393277));
#12995=CARTESIAN_POINT('',(0.117,-0.0715966001703751,0.294381636393277));
#12996=CARTESIAN_POINT('',(0.117,-0.169878983644717,0.249476325374607));
#12997=CARTESIAN_POINT('',(0.117,-0.0753429001026392,0.295108126518082));
#12998=CARTESIAN_POINT('',(0.117,-0.0810622898495532,0.301588982931131));
#12999=CARTESIAN_POINT('',(0.117,0.00552037861049287,0.037716540239336));
#13000=CARTESIAN_POINT('',(0.117,-0.0649109433481931,0.306351335783302));
#13001=CARTESIAN_POINT('',(0.117,-0.0644665731493752,0.309299539465722));
#13002=CARTESIAN_POINT('',(0.117,-0.0661082545474521,0.298407694881984));
#13003=CARTESIAN_POINT('',(0.117,-0.0700635778537791,0.29900386393723));
#13004=CARTESIAN_POINT('',(0.117,-0.0689520490822451,0.295161403294614));
#13005=CARTESIAN_POINT('',(0.117,0.00552037861049287,0.037716540239336));
#13006=CARTESIAN_POINT('',(0.117,-0.0715480164812541,0.299091199450942));
#13007=CARTESIAN_POINT('',(0.117,-0.0694147892771737,0.300394787459391));
#13008=CARTESIAN_POINT('',(0.117,0.00552037861049287,0.037716540239336));
#13009=CARTESIAN_POINT('',(0.117,-0.0689520490822451,0.295161403294614));
#13010=CARTESIAN_POINT('',(0.1175,-0.0689520490822451,0.295161403294614));
#13011=CARTESIAN_POINT('',(0.1175,0.00552037861049287,0.0377165402393359));
#13012=CARTESIAN_POINT('',(0.117,-0.0700635778537791,0.29900386393723));
#13013=CARTESIAN_POINT('',(0.117,-0.0661082545474531,0.298407694881984));
#13014=CARTESIAN_POINT('',(0.119852620103804,-0.0661082545474531,0.298407694881984));
#13015=CARTESIAN_POINT('',(0.117500000000002,-0.0689520490822451,0.295161403294614));
#13016=CARTESIAN_POINT('',(0.117500000000002,-0.0681012408409553,0.295407521063203));
#13017=CARTESIAN_POINT('',(0.11813363035116,-0.0666950025775515,0.296463785684664));
#13018=CARTESIAN_POINT('',(0.119259496936231,-0.0662049721587918,0.297766015447444));
#13019=CARTESIAN_POINT('',(0.119852620103804,-0.0661082545474531,0.298407694881983));
#13020=CARTESIAN_POINT('',(0.1195,-0.0715480164812541,0.299091199450942));
#13021=CARTESIAN_POINT('',(0.1195,-0.169639245029088,0.24646365098926));
#13022=CARTESIAN_POINT('',(0.1195,-0.170270179109074,0.245562583740542));
#13023=CARTESIAN_POINT('',(0.1295,-0.169639245029088,0.24646365098926));
#13024=CARTESIAN_POINT('',(0.1165,-0.169639245029088,0.24646365098926));
#13025=CARTESIAN_POINT('',(0.1165,-0.170270179109074,0.245562583740542));
#13026=CARTESIAN_POINT('',(0.1295,-0.169639245029088,0.24646365098926));
#13027=CARTESIAN_POINT('',(0.1165,-0.169639245029088,0.24646365098926));
#13028=CARTESIAN_POINT('',(0.1165,-0.16820530393821,0.248511531099983));
#13029=CARTESIAN_POINT('',(0.12035,0.00552037861049287,0.037716540239336));
#13030=CARTESIAN_POINT('',(0.1242,-0.189472174632097,0.249664421049538));
#13031=CARTESIAN_POINT('',(0.120522956438709,-0.184323401225107,0.247263508594739));
#13032=CARTESIAN_POINT('',(0.117,-0.179358512582707,0.244948343013356));
#13033=CARTESIAN_POINT('',(0.117,-0.166459224920657,0.255772130534709));
#13034=CARTESIAN_POINT('',(0.120522956439058,-0.167877074092267,0.261063615630003));
#13035=CARTESIAN_POINT('',(0.1242,-0.169347436196127,0.26655108165465));
#13036=CARTESIAN_POINT('',(0.1295,-0.169347436196127,0.26655108165465));
#13037=CARTESIAN_POINT('',(0.1256,-0.167102675965467,0.258173522503145));
#13038=CARTESIAN_POINT('',(0.1295,-0.167102675965467,0.258173522503145));
#13039=CARTESIAN_POINT('',(0.12457577517352,-0.165717493060957,0.253003949575183));
#13040=CARTESIAN_POINT('',(0.119852620103803,-0.164380036533937,0.248012493911163));
#13041=CARTESIAN_POINT('',(0.1235,0.00552037861049287,0.037716540239336));
#13042=CARTESIAN_POINT('',(0.119852620086328,-0.172077809501138,0.241553295430862));
#13043=CARTESIAN_POINT('',(0.124575775164034,-0.176761186877616,0.24373719015391));
#13044=CARTESIAN_POINT('',(0.1295,-0.181611687919357,0.245999015921444));
#13045=CARTESIAN_POINT('',(0.1165,-0.0702753273879952,0.294774920674971));
#13046=CARTESIAN_POINT('',(0.1295,-0.169742981968397,0.240464547478673));
#13047=CARTESIAN_POINT('',(0.1256,-0.181611687919357,0.245999015921444));
#13048=CARTESIAN_POINT('',(0.1256,0.00552037861049287,0.0377165402393365));
#13049=CARTESIAN_POINT('',(0.1195,-0.0715480164812541,0.299091199450942));
#13050=CARTESIAN_POINT('',(0.1195,-0.139458362239937,0.268448884529046));
#13051=CARTESIAN_POINT('',(0.1195,-0.140206552251485,0.267642527470033));
#13052=CARTESIAN_POINT('',(0.1295,-0.139458362239937,0.268448884529046));
#13053=CARTESIAN_POINT('',(0.1165,-0.139458362239937,0.268448884529046));
#13054=CARTESIAN_POINT('',(0.1165,-0.140206552251485,0.267642527470033));
#13055=CARTESIAN_POINT('',(0.1295,-0.139458362239937,0.268448884529046));
#13056=CARTESIAN_POINT('',(0.1165,-0.139458362239937,0.268448884529046));
#13057=CARTESIAN_POINT('',(0.1165,-0.13775793039551,0.270281514208621));
#13058=CARTESIAN_POINT('',(0.12035,0.00552037861049287,0.037716540239336));
#13059=CARTESIAN_POINT('',(0.1242,-0.158667543372417,0.274330838782207));
#13060=CARTESIAN_POINT('',(0.120522956438709,-0.153895320074736,0.271248610203841));
#13061=CARTESIAN_POINT('',(0.117,-0.149293533323467,0.268276461217596));
#13062=CARTESIAN_POINT('',(0.117,-0.135035693436306,0.277235255793196));
#13063=CARTESIAN_POINT('',(0.120522956439058,-0.135716866726126,0.28267088949465));
#13064=CARTESIAN_POINT('',(0.1242,-0.136423268656297,0.28830784296272));
#13065=CARTESIAN_POINT('',(0.1295,-0.136423268656297,0.28830784296272));
#13066=CARTESIAN_POINT('',(0.1256,-0.135344824812057,0.279702065560011));
#13067=CARTESIAN_POINT('',(0.1295,-0.135344824812057,0.279702065560011));
#13068=CARTESIAN_POINT('',(0.12457577517352,-0.134679345285067,0.274391665110363));
#13069=CARTESIAN_POINT('',(0.119852620103803,-0.134036794807387,0.269264234126802));
#13070=CARTESIAN_POINT('',(0.1235,0.00552037861049287,0.037716540239336));
#13071=CARTESIAN_POINT('',(0.119852620086328,-0.142545296778017,0.26391798797849));
#13072=CARTESIAN_POINT('',(0.124575775164034,-0.146886160292707,0.266721614872119));
#13073=CARTESIAN_POINT('',(0.1295,-0.151381925059777,0.269625287601229));
#13074=CARTESIAN_POINT('',(0.1165,-0.0702753273879952,0.294774920674971));
#13075=CARTESIAN_POINT('',(0.1295,-0.140381224392807,0.262520281849652));
#13076=CARTESIAN_POINT('',(0.1256,0.00552037861049287,0.0377165402393365));
#13077=CARTESIAN_POINT('',(0.1256,-0.192469520121737,0.235706438971571));
#13078=CARTESIAN_POINT('',(0.1195,-0.0715480164812541,0.299091199450942));
#13079=CARTESIAN_POINT('',(0.1195,-0.106555356992598,0.286101884994269));
#13080=CARTESIAN_POINT('',(0.1195,-0.107406754911691,0.285405378294111));
#13081=CARTESIAN_POINT('',(0.1295,-0.106555356992598,0.286101884994269));
#13082=CARTESIAN_POINT('',(0.1165,-0.106555356992598,0.286101884994269));
#13083=CARTESIAN_POINT('',(0.1165,-0.107406754911691,0.285405378294111));
#13084=CARTESIAN_POINT('',(0.117,-0.169878983644717,0.249476325374607));
#13085=CARTESIAN_POINT('',(0.117,-0.10977011378326,0.281637430888196));
#13086=CARTESIAN_POINT('',(0.117,-0.116321766323878,0.287275583769296));
#13087=CARTESIAN_POINT('',(0.117,0.00552037861049287,0.037716540239336));
#13088=CARTESIAN_POINT('',(0.117,-0.100973079572648,0.294201174972086));
#13089=CARTESIAN_POINT('',(0.117,-0.100935911205159,0.297182447911468));
#13090=CARTESIAN_POINT('',(0.117,-0.106555356992598,0.286101884994269));
#13091=CARTESIAN_POINT('',(0.117,-0.104620361721933,0.287684854767354));
#13092=CARTESIAN_POINT('',(0.1295,-0.106555356992598,0.286101884994269));
#13093=CARTESIAN_POINT('',(0.1165,-0.106555356992598,0.286101884994269));
#13094=CARTESIAN_POINT('',(0.1165,-0.104620361721933,0.287684854767354));
#13095=CARTESIAN_POINT('',(0.12035,0.00552037861049287,0.037716540239336));
#13096=CARTESIAN_POINT('',(0.1242,-0.124780117854967,0.294554583801531));
#13097=CARTESIAN_POINT('',(0.120522956438709,-0.120474047984567,0.290848911057826));
#13098=CARTESIAN_POINT('',(0.117,-0.11632176632388,0.287275583769296));
#13099=CARTESIAN_POINT('',(0.117,-0.100973079572648,0.294201174972086));
#13100=CARTESIAN_POINT('',(0.120522956439058,-0.100904787263374,0.299678897760585));
#13101=CARTESIAN_POINT('',(0.1242,-0.100833965609314,0.305359499170775));
#13102=CARTESIAN_POINT('',(0.1295,-0.100833965609314,0.305359499170775));
#13103=CARTESIAN_POINT('',(0.1256,-0.100942087025179,0.296687085689536));
#13104=CARTESIAN_POINT('',(0.1165,-0.0702753273879952,0.294774920674971));
#13105=CARTESIAN_POINT('',(0.1295,-0.108280016688928,0.280355098656222));
#13106=CARTESIAN_POINT('',(0.1256,-0.118206162793279,0.288897238049223));
#13107=CARTESIAN_POINT('',(0.1256,0.00552037861049287,0.0377165402393365));
#13108=CARTESIAN_POINT('',(0.1195,-0.0715480164812541,0.299091199450942));
#13109=CARTESIAN_POINT('',(0.1195,-0.0715480164812541,0.299091199450942));
#13110=CARTESIAN_POINT('',(0.1195,-0.0724866364510495,0.298517620727225));
#13111=CARTESIAN_POINT('',(0.1295,-0.0715480164812541,0.299091199450942));
#13112=CARTESIAN_POINT('',(0.1165,-0.0715480164812541,0.299091199450942));
#13113=CARTESIAN_POINT('',(0.1165,-0.0724866364510495,0.298517620727225));
#13114=CARTESIAN_POINT('',(0.1295,-0.0715480164812541,0.299091199450942));
#13115=CARTESIAN_POINT('',(0.1165,-0.0715480164812541,0.299091199450942));
#13116=CARTESIAN_POINT('',(0.1165,-0.0694147892771737,0.300394787459391));
#13117=CARTESIAN_POINT('',(0.12035,0.00552037861049287,0.037716540239336));
#13118=CARTESIAN_POINT('',(0.1242,-0.0884461687599131,0.309955934845051));
#13119=CARTESIAN_POINT('',(0.120522956438709,-0.0846871031327985,0.305696395688848));
#13120=CARTESIAN_POINT('',(0.117,-0.0810622898495531,0.301588982931131));
#13121=CARTESIAN_POINT('',(0.117,-0.064910943348193,0.306351335783302));
#13122=CARTESIAN_POINT('',(0.120522956439058,-0.0640944676969901,0.311768297874561));
#13123=CARTESIAN_POINT('',(0.1242,-0.0632477522068701,0.317385888191318));
#13124=CARTESIAN_POINT('',(0.1295,-0.0632477522068701,0.317385888191318));
#13125=CARTESIAN_POINT('',(0.1256,-0.0645404087939211,0.308809671963978));
#13126=CARTESIAN_POINT('',(0.1295,-0.0645404087939211,0.308809671963978));
#13127=CARTESIAN_POINT('',(0.12457577517352,-0.0653380734092018,0.303517512943503));
#13128=CARTESIAN_POINT('',(0.119852620103803,-0.0661082545474519,0.298407694881984));
#13129=CARTESIAN_POINT('',(0.1235,0.00552037861049287,0.037716540239336));
#13130=CARTESIAN_POINT('',(0.119852620086328,-0.0757467246592144,0.295565715366374));
#13131=CARTESIAN_POINT('',(0.124575775164033,-0.079166009510789,0.299440236100047));
#13132=CARTESIAN_POINT('',(0.1295,-0.0827073096028732,0.303453016908471));
#13133=CARTESIAN_POINT('',(0.1165,-0.0702753273879952,0.294774920674971));
#13134=CARTESIAN_POINT('',(0.1295,-0.0740420914913172,0.293634131178739));
#13135=CARTESIAN_POINT('',(0.1256,0.00552037861049287,0.0377165402393365));
#13136=CARTESIAN_POINT('',(0.1256,0.00552037861049287,0.0377165402393365));
#13137=CARTESIAN_POINT('',(0.1217,-0.228304222285257,0.214678687619531));
#13138=CARTESIAN_POINT('',(0.123762071908411,-0.227127888956127,0.212322064770439));
#13139=CARTESIAN_POINT('',(0.1217,-0.228304222285257,0.214678687619531));
#13140=CARTESIAN_POINT('',(0.12295,-0.121758842003087,0.164995760852916));
#13141=CARTESIAN_POINT('',(0.1256,-0.225212475588587,0.210406651402901));
#13142=CARTESIAN_POINT('',(0.1295,-0.223198364726377,0.208392540540693));
#13143=CARTESIAN_POINT('',(0.129,-0.230515776447487,0.2157099522618));
#13144=CARTESIAN_POINT('',(0.129,-0.230515776447487,0.215709952261799));
#13145=CARTESIAN_POINT('',(0.1275,-0.230515776447487,0.2157099522618));
#13146=CARTESIAN_POINT('',(0.126,-0.230515776447487,0.2157099522618));
#13147=CARTESIAN_POINT('',(0.1242,-0.230515776447487,0.215709952261799));
#13148=CARTESIAN_POINT('',(0.1242,-0.229808669666297,0.215002845480612));
#13149=CARTESIAN_POINT('',(0.1251,0.00552037861049287,0.0377165402393365));
#13150=CARTESIAN_POINT('',(0.1242,-0.206611655745467,0.249848574595301));
#13151=CARTESIAN_POINT('',(0.126,-0.206611655745467,0.249848574595303));
#13152=CARTESIAN_POINT('',(0.126,0.00552037861049287,0.0377165402393362));
#13153=CARTESIAN_POINT('',(0.1275,0.00552037861049287,0.0377165402393365));
#13154=CARTESIAN_POINT('',(0.1275,-0.206611655745467,0.249848574595302));
#13155=CARTESIAN_POINT('',(0.129,-0.206611655745467,0.249848574595303));
#13156=CARTESIAN_POINT('',(0.129,0.00552037861049287,0.0377165402393362));
#13157=CARTESIAN_POINT('',(0.1251,0.00552037861049287,0.0377165402393365));
#13158=CARTESIAN_POINT('',(0.129,-0.206611655745467,0.249848574595302));
#13159=CARTESIAN_POINT('',(0.1217,-0.121051735221897,0.164288654071729));
#13160=CARTESIAN_POINT('',(0.1242,-0.121758842003087,0.164995760852915));
#13161=CARTESIAN_POINT('',(0.129,-0.121758842003087,0.164995760852916));
#13162=CARTESIAN_POINT('',(0.129,-0.206611655745467,0.249848574595301));
#13163=CARTESIAN_POINT('',(0.129,-0.221573496197286,0.234886734143489));
#13164=CARTESIAN_POINT('',(0.129,-0.230515776447487,0.2157099522618));
#13165=CARTESIAN_POINT('',(0.129,-0.205550995573698,0.248787914423522));
#13166=CARTESIAN_POINT('',(0.129,-0.220512836025507,0.233826073971709));
#13167=CARTESIAN_POINT('',(0.129,-0.229455116275707,0.21464929209002));
#13168=CARTESIAN_POINT('',(0.1275,-0.205550995573697,0.248787914423522));
#13169=CARTESIAN_POINT('',(0.1275,-0.220512836025506,0.233826073971709));
#13170=CARTESIAN_POINT('',(0.1275,-0.229455116275707,0.21464929209002));
#13171=CARTESIAN_POINT('',(0.126,-0.205550995573698,0.248787914423522));
#13172=CARTESIAN_POINT('',(0.126,-0.220512836025507,0.233826073971709));
#13173=CARTESIAN_POINT('',(0.126,-0.229455116275707,0.21464929209002));
#13174=CARTESIAN_POINT('',(0.126,-0.206611655745467,0.249848574595301));
#13175=CARTESIAN_POINT('',(0.126,-0.221573496197286,0.234886734143489));
#13176=CARTESIAN_POINT('',(0.126,-0.230515776447487,0.2157099522618));
#13177=CARTESIAN_POINT('',(0.126,-0.121758842003087,0.164995760852916));
#13178=CARTESIAN_POINT('',(0.1242,-0.121758842003087,0.164995760852915));
#13179=CARTESIAN_POINT('',(0.1295,-0.439956883375827,0.48319382254807));
#13180=CARTESIAN_POINT('',(0.,0.,0.));
#13181=CARTESIAN_POINT('',(0.108500005912842,-0.139458362239937,0.268448884529046));
#13182=CARTESIAN_POINT('',(0.108500005912842,-0.139458362239937,0.268448884529046));
#13183=CARTESIAN_POINT('',(0.108500005912842,-0.13775793039551,0.270281514208621));
#13184=CARTESIAN_POINT('',(0.109500005912842,-0.139458362239937,0.268448884529046));
#13185=CARTESIAN_POINT('',(0.109500005912842,-0.13775793039551,0.270281514208621));
#13186=CARTESIAN_POINT('',(0.108500005912842,-0.139458362239937,0.268448884529046));
#13187=CARTESIAN_POINT('',(0.108500005912842,-0.139458362239937,0.268448884529046));
#13188=CARTESIAN_POINT('',(0.108500005912842,-0.135377325813312,0.272847195760025));
#13189=CARTESIAN_POINT('',(0.109500005912842,-0.139458362239937,0.268448884529046));
#13190=CARTESIAN_POINT('',(0.109500005912842,-0.135377325813312,0.272847195760025));
#13191=CARTESIAN_POINT('',(0.109500005912842,-0.139458362239937,0.268448884529046));
#13192=CARTESIAN_POINT('',(0.108500005912842,-0.139458362239937,0.268448884529046));
#13193=CARTESIAN_POINT('',(0.108500005912842,-0.139458362239937,0.268448884529046));
#13194=CARTESIAN_POINT('',(0.108500005912842,-0.133960473201213,0.263347588995764));
#13195=CARTESIAN_POINT('',(0.108500005912842,-0.139458362239937,0.268448884529046));
#13196=CARTESIAN_POINT('',(0.1165,-0.139458362239937,0.268448884529046));
#13197=CARTESIAN_POINT('',(0.1165,-0.141158794084364,0.266616254849471));
#13198=CARTESIAN_POINT('',(0.1155,-0.139458362239937,0.268448884529046));
#13199=CARTESIAN_POINT('',(0.1155,-0.141158794084364,0.266616254849471));
#13200=CARTESIAN_POINT('',(0.108500005912842,-0.139458362239937,0.268448884529046));
#13201=CARTESIAN_POINT('',(0.1165,-0.139458362239937,0.268448884529046));
#13202=CARTESIAN_POINT('',(0.1165,-0.143539398666563,0.264050573298067));
#13203=CARTESIAN_POINT('',(0.1155,-0.139458362239937,0.268448884529046));
#13204=CARTESIAN_POINT('',(0.1155,-0.143539398666563,0.264050573298067));
#13205=CARTESIAN_POINT('',(0.1155,-0.139458362239937,0.268448884529046));
#13206=CARTESIAN_POINT('',(0.1165,-0.139458362239937,0.268448884529046));
#13207=CARTESIAN_POINT('',(0.1165,-0.139458362239937,0.268448884529046));
#13208=CARTESIAN_POINT('',(0.1165,-0.140206552251485,0.267642527470033));
#13209=CARTESIAN_POINT('',(0.108500005912842,-0.139458362239937,0.268448884529046));
#13210=CARTESIAN_POINT('',(0.108500005912842,-0.140206552251485,0.267642527470033));
#13211=CARTESIAN_POINT('',(0.1165,-0.144956251278657,0.273550180062327));
#13212=CARTESIAN_POINT('',(0.1165,-0.139458362239937,0.268448884529046));
#13213=CARTESIAN_POINT('',(0.1165,-0.133960473201213,0.263347588995764));
#13214=CARTESIAN_POINT('',(0.110125006097618,-0.139458362239937,0.268448884529046));
#13215=CARTESIAN_POINT('',(0.109500005912842,-0.139458362239937,0.268448884529046));
#13216=CARTESIAN_POINT('',(0.109500005912842,-0.133960473201213,0.263347588995764));
#13217=CARTESIAN_POINT('',(0.110750006282395,-0.139458362239937,0.268448884529046));
#13218=CARTESIAN_POINT('',(0.110750006282395,-0.134670247554143,0.264006163352346));
#13219=CARTESIAN_POINT('',(0.109500005912842,-0.139458362239937,0.268448884529046));
#13220=CARTESIAN_POINT('',(0.114874999815223,-0.139458362239937,0.268448884529046));
#13221=CARTESIAN_POINT('',(0.114249999630447,-0.139458362239937,0.268448884529046));
#13222=CARTESIAN_POINT('',(0.114249999630447,-0.134670247554143,0.264006163352346));
#13223=CARTESIAN_POINT('',(0.1155,-0.139458362239937,0.268448884529046));
#13224=CARTESIAN_POINT('',(0.1155,-0.133960473201213,0.263347588995764));
#13225=CARTESIAN_POINT('',(0.109500005912842,-0.139458362239937,0.268448884529046));
#13226=CARTESIAN_POINT('',(0.108500005912842,-0.139458362239937,0.268448884529046));
#13227=CARTESIAN_POINT('',(0.1165,-0.144956251278657,0.273550180062327));
#13228=CARTESIAN_POINT('',(0.112500002956421,-0.139458362239937,0.268448884529046));
#13229=CARTESIAN_POINT('',(0.,0.,0.));
#13230=CARTESIAN_POINT('',(0.0955000029564325,-0.169639245029088,0.24646365098926));
#13231=CARTESIAN_POINT('',(0.105500002956433,-0.169639245029088,0.24646365098926));
#13232=CARTESIAN_POINT('',(0.105500004402286,-0.168032709758447,0.24454817600269));
#13233=CARTESIAN_POINT('',(0.105294959531809,-0.167258580687085,0.245462858761414));
#13234=CARTESIAN_POINT('',(0.105603253935539,-0.167965763319081,0.244470857002903));
#13235=CARTESIAN_POINT('',(0.105292059814858,-0.1690746245888,0.243942769241813));
#13236=CARTESIAN_POINT('',(0.104625177056586,-0.17009880226875,0.243947426095561));
#13237=CARTESIAN_POINT('',(0.103830628626841,-0.170942005749008,0.244272344589354));
#13238=CARTESIAN_POINT('',(0.10299150783704,-0.17158774447721,0.244824214447202));
#13239=CARTESIAN_POINT('',(0.102150232550659,-0.172023078579186,0.245558895713119));
#13240=CARTESIAN_POINT('',(0.101361336562136,-0.172197357563199,0.246447286610048));
#13241=CARTESIAN_POINT('',(0.100703460551942,-0.172022940473163,0.247458885393274));
#13242=CARTESIAN_POINT('',(0.100398068302335,-0.171311961592274,0.248457933118725));
#13243=CARTESIAN_POINT('',(0.100704302173256,-0.170203646237325,0.248984346586114));
#13244=CARTESIAN_POINT('',(0.101362008438946,-0.169178034663205,0.248979916067087));
#13245=CARTESIAN_POINT('',(0.102152460170895,-0.168332152372634,0.24865303208319));
#13246=CARTESIAN_POINT('',(0.102994833178876,-0.16768396961685,0.248095525817848));
#13247=CARTESIAN_POINT('',(0.103836908803857,-0.167252721202544,0.247359848461753));
#13248=CARTESIAN_POINT('',(0.104628938662009,-0.167081072375436,0.246474723847232));
#13249=CARTESIAN_POINT('',(0.105294959531809,-0.167258580687085,0.245462858761414));
#13250=CARTESIAN_POINT('',(0.105603253935539,-0.167965763319081,0.244470857002903));
#13251=CARTESIAN_POINT('',(0.105292059814858,-0.1690746245888,0.243942769241813));
#13252=CARTESIAN_POINT('',(0.0955000029564325,-0.139458362239937,0.268448884529046));
#13253=CARTESIAN_POINT('',(0.105500002956433,-0.139458362239937,0.268448884529046));
#13254=CARTESIAN_POINT('',(0.105500004402285,-0.138128761474037,0.266331772863752));
#13255=CARTESIAN_POINT('',(0.105293150051139,-0.137234158231721,0.267135857849272));
#13256=CARTESIAN_POINT('',(0.105603743242056,-0.138073852941076,0.266244927331591));
#13257=CARTESIAN_POINT('',(0.105291912069453,-0.139242998849866,0.265875070005838));
#13258=CARTESIAN_POINT('',(0.104627383985928,-0.14025473101998,0.266018308226488));
#13259=CARTESIAN_POINT('',(0.103833197453771,-0.141046580558912,0.266454391008896));
#13260=CARTESIAN_POINT('',(0.102992068809154,-0.141612206090337,0.267090846935258));
#13261=CARTESIAN_POINT('',(0.102154125286791,-0.14194264953152,0.267874423786777));
#13262=CARTESIAN_POINT('',(0.101361267329043,-0.141994803183496,0.268782390077356));
#13263=CARTESIAN_POINT('',(0.100705420302624,-0.141685062289363,0.269757401002061));
#13264=CARTESIAN_POINT('',(0.10039795949515,-0.140845839155508,0.270651298554947));
#13265=CARTESIAN_POINT('',(0.10070278608093,-0.139676119748373,0.271022840407771));
#13266=CARTESIAN_POINT('',(0.101359819079408,-0.138660184236913,0.270879392393288));
#13267=CARTESIAN_POINT('',(0.102149818686198,-0.137866435893966,0.270440780147284));
#13268=CARTESIAN_POINT('',(0.102992225824571,-0.137299699359515,0.26980038298927));
#13269=CARTESIAN_POINT('',(0.10383523172743,-0.136972001305751,0.269012225315342));
#13270=CARTESIAN_POINT('',(0.104627168592892,-0.136922817256886,0.268112141805228));
#13271=CARTESIAN_POINT('',(0.105293150051139,-0.137234158231721,0.267135857849272));
#13272=CARTESIAN_POINT('',(0.105603743242056,-0.138073852941076,0.266244927331591));
#13273=CARTESIAN_POINT('',(0.105291912069453,-0.139242998849866,0.265875070005838));
#13274=CARTESIAN_POINT('',(0.0955000029564325,-0.106555356992598,0.286101884994269));
#13275=CARTESIAN_POINT('',(0.105500002956433,-0.106555356992598,0.286101884994269));
#13276=CARTESIAN_POINT('',(0.105500004402285,-0.10552765532996,0.283822887562807));
#13277=CARTESIAN_POINT('',(0.105293173008237,-0.104531081850311,0.284497303593432));
#13278=CARTESIAN_POINT('',(0.10560378763245,-0.105485143623585,0.283729299052228));
#13279=CARTESIAN_POINT('',(0.105291711550783,-0.106694275636912,0.283522825573683));
#13280=CARTESIAN_POINT('',(0.104627339803693,-0.107676641569254,0.283802984990549));
#13281=CARTESIAN_POINT('',(0.103832548234809,-0.108401619532962,0.284343807615607));
#13282=CARTESIAN_POINT('',(0.102992069552435,-0.108875239047991,0.285050752294232));
#13283=CARTESIAN_POINT('',(0.102145210375555,-0.109096057099735,0.285881692244242));
#13284=CARTESIAN_POINT('',(0.101356394265587,-0.10902061708918,0.286785184429875));
#13285=CARTESIAN_POINT('',(0.100700650425785,-0.108576242087579,0.287710514524186));
#13286=CARTESIAN_POINT('',(0.100398484474411,-0.10762127665646,0.288476078609498));
#13287=CARTESIAN_POINT('',(0.100705475353774,-0.106413454552566,0.288681060354874));
#13288=CARTESIAN_POINT('',(0.101364376170348,-0.105427247882056,0.288397762536455));
#13289=CARTESIAN_POINT('',(0.102152858319898,-0.104704093084176,0.287855009922702));
#13290=CARTESIAN_POINT('',(0.102995420757349,-0.104230684954233,0.287142777297241));
#13291=CARTESIAN_POINT('',(0.1038390313332,-0.104015360071733,0.286315875713734));
#13292=CARTESIAN_POINT('',(0.104625705918476,-0.104089572764145,0.285423317829301));
#13293=CARTESIAN_POINT('',(0.105293173008237,-0.104531081850311,0.284497303593432));
#13294=CARTESIAN_POINT('',(0.10560378763245,-0.105485143623585,0.283729299052228));
#13295=CARTESIAN_POINT('',(0.105291711550783,-0.106694275636912,0.283522825573683));
#13296=CARTESIAN_POINT('',(0.0955000029564325,-0.0715480164812541,0.299091199450942));
#13297=CARTESIAN_POINT('',(0.105500002956433,-0.0715480164812541,0.299091199450942));
#13298=CARTESIAN_POINT('',(0.105500004402286,-0.0708415100593701,0.29669310673467));
#13299=CARTESIAN_POINT('',(0.105293225416986,-0.0697628038034732,0.297224695465119));
#13300=CARTESIAN_POINT('',(0.105603699485474,-0.0708122130245071,0.296594669520634));
#13301=CARTESIAN_POINT('',(0.105292011729939,-0.0720374044566123,0.296555266859809));
#13302=CARTESIAN_POINT('',(0.104628011231473,-0.0729723035327172,0.296966687612317));
#13303=CARTESIAN_POINT('',(0.103833747692183,-0.0736164845721658,0.297601006590868));
#13304=CARTESIAN_POINT('',(0.102994348662454,-0.0739889278144541,0.298364958380042));
#13305=CARTESIAN_POINT('',(0.102150249781104,-0.0740949390445178,0.299215136150147));
#13306=CARTESIAN_POINT('',(0.101361345421663,-0.0738992532229925,0.3000991534778));
#13307=CARTESIAN_POINT('',(0.100703311375282,-0.073334504774307,0.300956868762025));
#13308=CARTESIAN_POINT('',(0.100398200078821,-0.0722842161532802,0.301587688931417));
#13309=CARTESIAN_POINT('',(0.100703923813134,-0.0710581647786007,0.30162742218862));
#13310=CARTESIAN_POINT('',(0.101361177662161,-0.0701200237294626,0.301213664695638));
#13311=CARTESIAN_POINT('',(0.102150984526959,-0.0694754209366059,0.300576470679093));
#13312=CARTESIAN_POINT('',(0.102993208307304,-0.0691037316552793,0.299806584744539));
#13313=CARTESIAN_POINT('',(0.103836124652701,-0.069002060945194,0.298959134769287));
#13314=CARTESIAN_POINT('',(0.104627742865499,-0.0691987982777958,0.298079615097264));
#13315=CARTESIAN_POINT('',(0.105293225416986,-0.0697628038034732,0.297224695465119));
#13316=CARTESIAN_POINT('',(0.105603699485474,-0.0708122130245071,0.296594669520634));
#13317=CARTESIAN_POINT('',(0.105292011729939,-0.0720374044566123,0.296555266859809));
#13318=CARTESIAN_POINT('',(0.0994000029564322,-0.0822851142757372,0.300431586285441));
#13319=CARTESIAN_POINT('',(0.0955000029564325,-0.0822851142757372,0.300431586285441));
#13320=CARTESIAN_POINT('',(0.0955000029564325,-0.0832360762925552,0.3032768755928));
#13321=CARTESIAN_POINT('',(0.0955000059128418,-0.0852458022122112,0.299947513002957));
#13322=CARTESIAN_POINT('',(0.0994000029564322,-0.0832360762925552,0.3032768755928));
#13323=CARTESIAN_POINT('',(0.100800002956432,-0.0832360762925552,0.3032768755928));
#13324=CARTESIAN_POINT('',(0.100800002956432,-0.0822851142757372,0.300431586285441));
#13325=CARTESIAN_POINT('',(0.100800005912842,-0.0852458022122112,0.299947513002957));
#13326=CARTESIAN_POINT('',(0.0994000029564322,-0.0852458022122112,0.299947513002957));
#13327=CARTESIAN_POINT('',(0.0955000059128418,-0.0837779488950822,0.290969831800971));
#13328=CARTESIAN_POINT('',(0.100800005912842,-0.0856559104884242,0.302455816332159));
#13329=CARTESIAN_POINT('',(0.100800005912842,-0.0841764815967941,0.29340733662709));
#13330=CARTESIAN_POINT('',(0.0955000059128418,-0.0841764815967941,0.29340733662709));
#13331=CARTESIAN_POINT('',(0.0955000059128418,-0.0841764815967941,0.29340733662709));
#13332=CARTESIAN_POINT('',(0.0955000059128418,-0.0856559104884242,0.302455816332159));
#13333=CARTESIAN_POINT('',(0.0955000059128418,-0.0871371695332692,0.292923263344606));
#13334=CARTESIAN_POINT('',(0.100800002956432,-0.0871371695332692,0.292923263344606));
#13335=CARTESIAN_POINT('',(0.100800005912842,-0.0860935569392351,0.290110635969078));
#13336=CARTESIAN_POINT('',(0.0955000059128418,-0.0860935569392351,0.290110635969078));
#13337=CARTESIAN_POINT('',(0.0955000059128418,-0.0860935569392351,0.290110635969078));
#13338=CARTESIAN_POINT('',(0.0955000029564325,-0.0871371695332692,0.292923263344606));
#13339=CARTESIAN_POINT('',(0.100800002956432,0.12899881759098,0.280648413025087));
#13340=CARTESIAN_POINT('',(0.100800002956432,0.00552037861049287,0.0377165402393365));
#13341=CARTESIAN_POINT('',(0.100800002956432,-0.0827073096028732,0.303453016908471));
#13342=CARTESIAN_POINT('',(0.100800002956432,-0.0263723440160351,0.239617740916064));
#13343=CARTESIAN_POINT('',(0.100800003941902,-0.0884461707748172,0.309955937128215));
#13344=CARTESIAN_POINT('',(0.100800002956432,0.00552037861049287,0.037716540239336));
#13345=CARTESIAN_POINT('',(0.100800003941902,-0.0632477517530202,0.317385891202414));
#13346=CARTESIAN_POINT('',(0.100800002956432,-0.0638196485343192,0.313591603914305));
#13347=CARTESIAN_POINT('',(0.100800002956432,-0.0645404087939211,0.308809671963978));
#13348=CARTESIAN_POINT('',(0.100800002956432,0.00552037861049287,0.0377165402393365));
#13349=CARTESIAN_POINT('',(0.100800002956432,-0.0550827132921751,0.311079422232919));
#13350=CARTESIAN_POINT('',(0.100800002956432,-0.0432587510072511,0.257744975007331));
#13351=CARTESIAN_POINT('',(0.100800002956432,-0.0582903467388642,0.32554812169753));
#13352=CARTESIAN_POINT('',(0.100800002956432,0.00552037861049287,0.0377165402393358));
#13353=CARTESIAN_POINT('',(0.100800002956432,-0.202948837287608,0.246185756137435));
#13354=CARTESIAN_POINT('',(0.100800002956432,-0.121758842003087,0.164995760852916));
#13355=CARTESIAN_POINT('',(0.100800002956432,-0.225821095277417,0.213520786479599));
#13356=CARTESIAN_POINT('',(0.100800002956432,-0.225821095277417,0.213520786479599));
#13357=CARTESIAN_POINT('',(0.100800002956432,-0.226617886460007,0.211812062274326));
#13358=CARTESIAN_POINT('',(0.100800002956432,-0.154220092699237,0.139414268513556));
#13359=CARTESIAN_POINT('',(0.100800002956432,-0.223198364726377,0.208392540540694));
#13360=CARTESIAN_POINT('',(0.100800002956432,-0.439956883375827,0.48319382254807));
#13361=CARTESIAN_POINT('',(0.100800002956432,-0.192469520121737,0.235706438971571));
#13362=CARTESIAN_POINT('',(0.100800002956432,0.00552037861049287,0.0377165402393365));
#13363=CARTESIAN_POINT('',(0.100800002956432,-0.181611687919357,0.245999015921444));
#13364=CARTESIAN_POINT('',(0.100800002956432,-0.0547463066872221,0.186840717467467));
#13365=CARTESIAN_POINT('',(0.100800005912841,-0.189472174632097,0.249664421049538));
#13366=CARTESIAN_POINT('',(0.100800002956432,0.00552037861049287,0.037716540239336));
#13367=CARTESIAN_POINT('',(0.100800005912841,-0.169347436196127,0.26655108165465));
#13368=CARTESIAN_POINT('',(0.100800002956432,-0.161116897732787,0.235834294229604));
#13369=CARTESIAN_POINT('',(0.100800002956432,-0.167102675965467,0.258173522503144));
#13370=CARTESIAN_POINT('',(0.100800002956432,0.00552037861049287,0.0377165402393365));
#13371=CARTESIAN_POINT('',(0.100800002956432,-0.166663520174667,0.258516687429375));
#13372=CARTESIAN_POINT('',(0.100800002956432,-0.164818692687688,0.256150971566624));
#13373=CARTESIAN_POINT('',(0.100800005912842,-0.162778174474377,0.258350127182117));
#13374=CARTESIAN_POINT('',(0.100800005912842,-0.156109684429807,0.252162672644858));
#13375=CARTESIAN_POINT('',(0.100800005912842,-0.157920227297257,0.253842610922527));
#13376=CARTESIAN_POINT('',(0.100800002956432,-0.155879709083947,0.256041766538019));
#13377=CARTESIAN_POINT('',(0.100800005912842,-0.154113328981407,0.253616915752227));
#13378=CARTESIAN_POINT('',(0.100800005912842,-0.149031596703767,0.257318698490468));
#13379=CARTESIAN_POINT('',(0.100800005912842,-0.151027952152167,0.255864455383094));
#13380=CARTESIAN_POINT('',(0.100800002956432,-0.152794332254707,0.258289306168886));
#13381=CARTESIAN_POINT('',(0.100800005912842,-0.150075408893847,0.259557160954649));
#13382=CARTESIAN_POINT('',(0.100800005912842,-0.153950237495877,0.267866757703181));
#13383=CARTESIAN_POINT('',(0.100800005912842,-0.152876107277397,0.265563278017302));
#13384=CARTESIAN_POINT('',(0.100800002956432,-0.150157183916537,0.266831132803066));
#13385=CARTESIAN_POINT('',(0.100800002956432,-0.151843222499858,0.269312518282095));
#13386=CARTESIAN_POINT('',(0.100800002956432,0.00552037861049287,0.0377165402393365));
#13387=CARTESIAN_POINT('',(0.100800002956432,-0.151381925059777,0.269625287601229));
#13388=CARTESIAN_POINT('',(0.100800002956432,-0.0494690537316682,0.203802976926093));
#13389=CARTESIAN_POINT('',(0.100800003941902,-0.158667545930387,0.274330840434318));
#13390=CARTESIAN_POINT('',(0.100800002956432,0.00552037861049287,0.037716540239336));
#13391=CARTESIAN_POINT('',(0.100800003941902,-0.136423269034937,0.288307845984194));
#13392=CARTESIAN_POINT('',(0.100800002956432,-0.133898870518937,0.268163624455547));
#13393=CARTESIAN_POINT('',(0.100800002956432,-0.135344824812057,0.279702065560011));
#13394=CARTESIAN_POINT('',(0.100800002956432,0.00552037861049287,0.0377165402393365));
#13395=CARTESIAN_POINT('',(0.100800002956432,-0.118206162793279,0.288897238049223));
#13396=CARTESIAN_POINT('',(0.100800002956432,-0.0401916736166252,0.221760341794129));
#13397=CARTESIAN_POINT('',(0.100800003941902,-0.124780120163067,0.294554585787816));
#13398=CARTESIAN_POINT('',(0.100800002956432,0.00552037861049287,0.037716540239336));
#13399=CARTESIAN_POINT('',(0.100800003941902,-0.100833965571353,0.305359502215645));
#13400=CARTESIAN_POINT('',(0.100800002956432,-0.100970122662976,0.294438348552383));
#13401=CARTESIAN_POINT('',(0.100800002956432,-0.10094208702518,0.296687085689536));
#13402=CARTESIAN_POINT('',(0.100800002956432,0.00552037861049287,0.0377165402393365));
#13403=CARTESIAN_POINT('',(0.100800002956432,-0.100426402063483,0.296898483408264));
#13404=CARTESIAN_POINT('',(0.100800002956432,-0.0992912579848331,0.294121534017168));
#13405=CARTESIAN_POINT('',(0.100800005912842,-0.0967313853399371,0.295685839627307));
#13406=CARTESIAN_POINT('',(0.100800005912842,-0.0919879482159862,0.287923548897359));
#13407=CARTESIAN_POINT('',(0.100800005912842,-0.0932758254107641,0.290031066494642));
#13408=CARTESIAN_POINT('',(0.100800002956432,-0.0907159527658681,0.291595372104781));
#13409=CARTESIAN_POINT('',(0.100800005912842,-0.0896723401718342,0.288782744729252));
#13410=CARTESIAN_POINT('',(0.100800005912842,-0.0837779488950822,0.290969831800971));
#13411=CARTESIAN_POINT('',(0.100800005912842,-0.0897962383112631,0.294603173870968));
#13412=CARTESIAN_POINT('',(0.100800005912842,-0.092396238311263,0.294603173870968));
#13413=CARTESIAN_POINT('',(0.100800005912842,-0.155809004088107,0.259186245341614));
#13414=CARTESIAN_POINT('',(0.100800005912842,-0.158409004088107,0.259186245341614));
#13415=CARTESIAN_POINT('',(0.0955000059128418,-0.0907159527658681,0.291595372104781));
#13416=CARTESIAN_POINT('',(0.0955000059128418,-0.0932758254107641,0.290031066494642));
#13417=CARTESIAN_POINT('',(0.0955000059128418,-0.0932758254107641,0.290031066494642));
#13418=CARTESIAN_POINT('',(0.0955000029564325,-0.0907159527658681,0.291595372104781));
#13419=CARTESIAN_POINT('',(0.0955000059128418,-0.0896723401718342,0.288782744729252));
#13420=CARTESIAN_POINT('',(0.0955000059128418,-0.0896723401718342,0.288782744729252));
#13421=CARTESIAN_POINT('',(0.0955000059128418,-0.0980566695488741,0.297854571089485));
#13422=CARTESIAN_POINT('',(0.0994000029564322,-0.0967313853399371,0.295685839627307));
#13423=CARTESIAN_POINT('',(0.0955000059128418,-0.0967313853399371,0.295685839627307));
#13424=CARTESIAN_POINT('',(0.0955000059128418,-0.0919879482159862,0.287923548897359));
#13425=CARTESIAN_POINT('',(0.0994000029564322,-0.0992912579848331,0.294121534017168));
#13426=CARTESIAN_POINT('',(0.0994000029564322,-0.100426402063483,0.296898483408264));
#13427=CARTESIAN_POINT('',(0.0955000029564325,-0.100426402063483,0.296898483408264));
#13428=CARTESIAN_POINT('',(0.0955000029564325,-0.0992912579848331,0.294121534017168));
#13429=CARTESIAN_POINT('',(0.0955000059128418,-0.155879709083947,0.256041766538019));
#13430=CARTESIAN_POINT('',(0.0955000059128418,-0.157920227297257,0.253842610922527));
#13431=CARTESIAN_POINT('',(0.0955000059128418,-0.157920227297257,0.253842610922527));
#13432=CARTESIAN_POINT('',(0.0955000029564325,-0.155879709083947,0.256041766538019));
#13433=CARTESIAN_POINT('',(0.0955000059128418,-0.154113328981407,0.253616915752227));
#13434=CARTESIAN_POINT('',(0.0955000059128418,-0.154113328981407,0.253616915752227));
#13435=CARTESIAN_POINT('',(0.0955000059128418,-0.164641305432487,0.260078860077157));
#13436=CARTESIAN_POINT('',(0.0994000029564322,-0.162778174474377,0.258350127182117));
#13437=CARTESIAN_POINT('',(0.0955000059128418,-0.162778174474377,0.258350127182117));
#13438=CARTESIAN_POINT('',(0.0955000059128418,-0.156109684429807,0.252162672644858));
#13439=CARTESIAN_POINT('',(0.0994000029564322,-0.164818692687688,0.256150971566624));
#13440=CARTESIAN_POINT('',(0.0994000029564322,-0.166663520174667,0.258516687429375));
#13441=CARTESIAN_POINT('',(0.0955000029564325,-0.166663520174667,0.258516687429375));
#13442=CARTESIAN_POINT('',(0.0955000029564325,-0.164818692687688,0.256150971566624));
#13443=CARTESIAN_POINT('',(0.0955000059128418,-0.152794332254707,0.258289306168886));
#13444=CARTESIAN_POINT('',(0.0955000059128418,-0.151027952152167,0.255864455383094));
#13445=CARTESIAN_POINT('',(0.0955000059128418,-0.151027952152167,0.255864455383094));
#13446=CARTESIAN_POINT('',(0.0955000029564325,-0.152794332254707,0.258289306168886));
#13447=CARTESIAN_POINT('',(0.0955000059128418,-0.150075408893847,0.259557160954649));
#13448=CARTESIAN_POINT('',(0.0955000059128418,-0.150075408893847,0.259557160954649));
#13449=CARTESIAN_POINT('',(0.0955000059128418,-0.156109684429807,0.252162672644858));
#13450=CARTESIAN_POINT('',(0.0955000059128418,-0.149031596703767,0.257318698490468));
#13451=CARTESIAN_POINT('',(0.0994000029564322,-0.150157183916537,0.266831132803066));
#13452=CARTESIAN_POINT('',(0.0955000029564325,-0.150157183916537,0.266831132803066));
#13453=CARTESIAN_POINT('',(0.0955000029564325,-0.151843222499858,0.269312518282095));
#13454=CARTESIAN_POINT('',(0.0955000059128418,-0.152876107277397,0.265563278017302));
#13455=CARTESIAN_POINT('',(0.0994000029564322,-0.151843222499858,0.269312518282095));
#13456=CARTESIAN_POINT('',(0.0994000029564322,-0.152876107277397,0.265563278017302));
#13457=CARTESIAN_POINT('',(0.0955000059128418,-0.149031596703767,0.257318698490468));
#13458=CARTESIAN_POINT('',(0.0955000059128418,-0.153950237495877,0.267866757703181));
#13459=CARTESIAN_POINT('',(0.0955000059128418,-0.0897962383112631,0.294603173870968));
#13460=CARTESIAN_POINT('',(0.0955000059128418,-0.0897962383112631,0.294603173870968));
#13461=CARTESIAN_POINT('',(0.0955000059128418,-0.092396238311263,0.294603173870968));
#13462=CARTESIAN_POINT('',(0.0955000059128418,-0.0919879482159862,0.287923548897359));
#13463=CARTESIAN_POINT('',(0.0955000059128418,-0.0837779488950822,0.290969831800971));
#13464=CARTESIAN_POINT('',(0.0994000029564322,0.00552037861049287,0.0377165402393365));
#13465=CARTESIAN_POINT('',(0.0994000029564322,-0.100942087025179,0.296687085689536));
#13466=CARTESIAN_POINT('',(0.0955000033566931,-0.100942087020589,0.296687086057781));
#13467=CARTESIAN_POINT('',(0.0955000029564325,0.00552037861049287,0.0377165402393365));
#13468=CARTESIAN_POINT('',(0.0994000029564322,0.00552037861049287,0.0377165402393365));
#13469=CARTESIAN_POINT('',(0.0955000029564325,0.00552037861049287,0.0377165402393365));
#13470=CARTESIAN_POINT('',(0.0955000033566931,-0.0827073098465541,0.303453017184595));
#13471=CARTESIAN_POINT('',(0.0994000029564322,-0.0827073096028732,0.303453016908471));
#13472=CARTESIAN_POINT('',(0.0955000059128418,-0.155809004088107,0.259186245341614));
#13473=CARTESIAN_POINT('',(0.0955000059128418,-0.155809004088107,0.259186245341614));
#13474=CARTESIAN_POINT('',(0.0955000059128418,-0.158409004088107,0.259186245341614));
#13475=CARTESIAN_POINT('',(0.0994000029564322,0.00552037861049287,0.0377165402393365));
#13476=CARTESIAN_POINT('',(0.0994000029564322,-0.167102675965467,0.258173522503145));
#13477=CARTESIAN_POINT('',(0.0955000029564325,-0.167102675965467,0.258173522503145));
#13478=CARTESIAN_POINT('',(0.0955000029564325,0.00552037861049287,0.0377165402393365));
#13479=CARTESIAN_POINT('',(0.0994000029564322,0.00552037861049287,0.0377165402393365));
#13480=CARTESIAN_POINT('',(0.0955000029564325,0.00552037861049287,0.0377165402393365));
#13481=CARTESIAN_POINT('',(0.0955000033566931,-0.151381925369137,0.269625287801035));
#13482=CARTESIAN_POINT('',(0.0994000029564322,-0.151381925059777,0.269625287601229));
#13483=CARTESIAN_POINT('',(0.1295,-0.0518216044736031,0.31944006956549));
#13484=CARTESIAN_POINT('',(0.0983000029564325,-0.0518216044736031,0.31944006956549));
#13485=CARTESIAN_POINT('',(0.0983000029564325,-0.0529216044736031,0.31944006956549));
#13486=CARTESIAN_POINT('',(0.0955000029564325,-0.0518216044736031,0.31944006956549));
#13487=CARTESIAN_POINT('',(0.0955000029564325,-0.0529216044736031,0.31944006956549));
#13488=CARTESIAN_POINT('',(0.1295,-0.0508243525938821,0.314540529925034));
#13489=CARTESIAN_POINT('',(0.0983000029564325,-0.0508243525938821,0.314540529925034));
#13490=CARTESIAN_POINT('',(0.0983000029564325,-0.0519243525938821,0.314540529925034));
#13491=CARTESIAN_POINT('',(0.0955000029564325,-0.0508243525938821,0.314540529925034));
#13492=CARTESIAN_POINT('',(0.0955000029564325,-0.0519243525938821,0.314540529925034));
#13493=CARTESIAN_POINT('',(0.1295,-0.0528188563533241,0.324339609205945));
#13494=CARTESIAN_POINT('',(0.0983000029564325,-0.0528188563533241,0.324339609205945));
#13495=CARTESIAN_POINT('',(0.0983000029564325,-0.0539188563533241,0.324339609205945));
#13496=CARTESIAN_POINT('',(0.0955000029564325,-0.0528188563533241,0.324339609205945));
#13497=CARTESIAN_POINT('',(0.0955000029564325,-0.0539188563533241,0.324339609205945));
#13498=CARTESIAN_POINT('',(0.0983000029564325,-0.0455518923527271,0.313019324712469));
#13499=CARTESIAN_POINT('',(0.0983000029564325,-0.0482879068686141,0.327767688166387));
#13500=CARTESIAN_POINT('',(0.0983000029564325,-0.0482879068686141,0.327767688166387));
#13501=CARTESIAN_POINT('',(0.0983000029564325,-0.0455518923527271,0.313019324712469));
#13502=CARTESIAN_POINT('',(0.0983000029564325,-0.0455518923527271,0.313019324712469));
#13503=CARTESIAN_POINT('',(0.0955000029564326,-0.0455518923527271,0.313019324712469));
#13504=CARTESIAN_POINT('',(0.0955000029564326,-0.0482879068686141,0.327767688166387));
#13505=CARTESIAN_POINT('',(0.0955000029564326,-0.0482879068686141,0.327767688166387));
#13506=CARTESIAN_POINT('',(0.0983000029564325,-0.0482879068686141,0.327767688166387));
#13507=CARTESIAN_POINT('',(0.0983000029564325,0.00552037861047388,0.0377165402394313));
#13508=CARTESIAN_POINT('',(0.0983000029564325,0.00552037861047388,0.0377165402394313));
#13509=CARTESIAN_POINT('',(0.0983000029564325,-0.0583293075012472,0.325723862339718));
#13510=CARTESIAN_POINT('',(0.0955000029564326,0.00552037861047388,0.0377165402394313));
#13511=CARTESIAN_POINT('',(0.0955000029564326,-0.0583293075012472,0.325723862339718));
#13512=CARTESIAN_POINT('',(0.0983000029564325,-0.0583293075012472,0.325723862339718));
#13513=CARTESIAN_POINT('',(0.0983000029564325,-0.0519405999269871,0.319423555199653));
#13514=CARTESIAN_POINT('',(0.0983000029564325,-0.0515936754132811,0.295341389402992));
#13515=CARTESIAN_POINT('',(0.0983000029564325,-0.0550827132921751,0.311079422232919));
#13516=CARTESIAN_POINT('',(0.0983000029564325,0.00552037861047388,0.0377165402394313));
#13517=CARTESIAN_POINT('',(0.,-0.0464886418266032,0.272314070992083));
#13518=CARTESIAN_POINT('',(0.0955000029564325,-0.0464965545556421,0.272349763006247));
#13519=CARTESIAN_POINT('',(0.0955000029564325,-0.0594115055709372,0.330605342375318));
#13520=CARTESIAN_POINT('',(0.0957500029564325,-0.0594115055709372,0.330605342375318));
#13521=CARTESIAN_POINT('',(0.0960000029564324,-0.0594115055709372,0.330605342375318));
#13522=CARTESIAN_POINT('',(0.0975000029564324,-0.0594115055709372,0.330605342375318));
#13523=CARTESIAN_POINT('',(0.0990000029564324,-0.0594115055709372,0.330605342375318));
#13524=CARTESIAN_POINT('',(0.0999000029564324,-0.0594115055709372,0.330605342375317));
#13525=CARTESIAN_POINT('',(0.100800002956432,-0.0594115055709362,0.330605342375317));
#13526=CARTESIAN_POINT('',(0.100800002956432,-0.0478656294476201,0.278525260763644));
#13527=CARTESIAN_POINT('',(0.100800002956432,-0.0591950659569991,0.329629046368197));
#13528=CARTESIAN_POINT('',(0.102300002956432,-0.0591950659569991,0.329629046368197));
#13529=CARTESIAN_POINT('',(0.103800002956432,-0.0591950659569991,0.329629046368197));
#13530=CARTESIAN_POINT('',(0.103800002956432,-0.0477743577881551,0.27811356091315));
#13531=CARTESIAN_POINT('',(0.103800002956432,-0.0594115055709372,0.330605342375317));
#13532=CARTESIAN_POINT('',(0.104550002956432,-0.0594115055709372,0.330605342375317));
#13533=CARTESIAN_POINT('',(0.105300002956432,-0.0594115055709362,0.330605342375317));
#13534=CARTESIAN_POINT('',(0.105300002956432,-0.0478656294476201,0.278525260763644));
#13535=CARTESIAN_POINT('',(0.105300002956432,-0.0591950659569991,0.329629046368197));
#13536=CARTESIAN_POINT('',(0.104300002956432,-0.0589786263430611,0.328652750361077));
#13537=CARTESIAN_POINT('',(0.103300002956432,-0.0587621867291232,0.327676454353957));
#13538=CARTESIAN_POINT('',(0.103300002956432,-0.0446326256586561,0.263942123080389));
#13539=CARTESIAN_POINT('',(0.103300002956432,-0.0588003959809472,0.32784880515108));
#13540=CARTESIAN_POINT('',(0.102050002956432,-0.0585453713599062,0.326698463424305));
#13541=CARTESIAN_POINT('',(0.0994000029564322,-0.0550827132921751,0.311079422232919));
#13542=CARTESIAN_POINT('',(0.0955000029564325,0.102996119458311,0.305528937163321));
#13543=CARTESIAN_POINT('',(0.0955000029564325,0.00552037861049287,0.037716540239336));
#13544=CARTESIAN_POINT('',(0.0955000033566931,-0.11820616307242,0.288897238289442));
#13545=CARTESIAN_POINT('',(0.0955000029564325,0.00552037861049287,0.0377165402393365));
#13546=CARTESIAN_POINT('',(0.0955000033566931,-0.135344824857847,0.279702065925427));
#13547=CARTESIAN_POINT('',(0.0955000029564325,0.00552037861049287,0.037716540239336));
#13548=CARTESIAN_POINT('',(0.0955000029564325,0.00552037861049287,0.0377165402393365));
#13549=CARTESIAN_POINT('',(0.0955000029564325,-0.181611687919357,0.245999015921444));
#13550=CARTESIAN_POINT('',(0.0955000029564325,0.00552037861049287,0.0377165402393365));
#13551=CARTESIAN_POINT('',(0.0955000029564325,-0.192469520121737,0.235706438971571));
#13552=CARTESIAN_POINT('',(0.0955000029564325,-0.439956883375827,0.48319382254807));
#13553=CARTESIAN_POINT('',(0.09550000262794,-0.223198364726377,0.208392540540693));
#13554=CARTESIAN_POINT('',(0.0955000029564325,-0.230515776447487,0.2157099522618));
#13555=CARTESIAN_POINT('',(0.0955000029564325,-0.230515776447487,0.215709952261799));
#13556=CARTESIAN_POINT('',(0.0955000029564325,-0.121758842003087,0.164995760852916));
#13557=CARTESIAN_POINT('',(0.0955000029564325,-0.206611655745467,0.249848574595302));
#13558=CARTESIAN_POINT('',(0.0955000029564325,0.00552037861049287,0.037716540239336));
#13559=CARTESIAN_POINT('',(0.0955000029564326,0.00552037861047388,0.0377165402394313));
#13560=CARTESIAN_POINT('',(0.0955000033566931,-0.0645404087390332,0.308809672328138));
#13561=CARTESIAN_POINT('',(0.0955000029564325,0.00552037861049287,0.037716540239336));
#13562=CARTESIAN_POINT('',(0.0957500029564325,0.00552037861049287,0.0377165402393365));
#13563=CARTESIAN_POINT('',(0.0960000029564324,-0.206611655745467,0.249848574595302));
#13564=CARTESIAN_POINT('',(0.0960000029564324,-0.206611655745478,0.249848574595301));
#13565=CARTESIAN_POINT('',(0.0960000029564324,0.00552037861049287,0.0377165402393362));
#13566=CARTESIAN_POINT('',(0.0975000029564324,0.00552037861049287,0.0377165402393365));
#13567=CARTESIAN_POINT('',(0.0975000029564324,-0.206611655745478,0.249848574595302));
#13568=CARTESIAN_POINT('',(0.0990000029564324,-0.206611655745478,0.249848574595301));
#13569=CARTESIAN_POINT('',(0.0990000029564324,0.00552037861049287,0.0377165402393362));
#13570=CARTESIAN_POINT('',(0.0957500029564325,0.00552037861049287,0.0377165402393365));
#13571=CARTESIAN_POINT('',(0.100800002956432,-0.206611655745467,0.249848574595301));
#13572=CARTESIAN_POINT('',(0.100800002956432,-0.206611655745467,0.2498485745953));
#13573=CARTESIAN_POINT('',(0.100800002956432,0.00552037861049287,0.0377165402393362));
#13574=CARTESIAN_POINT('',(0.100800002956432,0.12899881759098,0.280648413025087));
#13575=CARTESIAN_POINT('',(0.100800002956432,-0.121758842003087,0.164995760852915));
#13576=CARTESIAN_POINT('',(0.100800002956475,-0.230515776447487,0.215709952261799));
#13577=CARTESIAN_POINT('',(0.100800002956432,-0.229808669666297,0.215002845480612));
#13578=CARTESIAN_POINT('',(0.100800002956475,-0.229808669666297,0.215002845480611));
#13579=CARTESIAN_POINT('',(0.100800002956432,-0.121051735221897,0.164288654071729));
#13580=CARTESIAN_POINT('',(0.100800002956432,-0.205904548964287,0.249141467814114));
#13581=CARTESIAN_POINT('',(0.100800002956432,0.00552037861049287,0.0377165402393361));
#13582=CARTESIAN_POINT('',(0.102300002956432,0.00552037861049287,0.0377165402393365));
#13583=CARTESIAN_POINT('',(0.103800002956432,-0.205904548964287,0.249141467814114));
#13584=CARTESIAN_POINT('',(0.103800002956432,-0.205904548964287,0.249141467814114));
#13585=CARTESIAN_POINT('',(0.103800002956432,0.00552037861049287,0.0377165402393361));
#13586=CARTESIAN_POINT('',(0.103800002956432,0.10778440146487,0.318684633854322));
#13587=CARTESIAN_POINT('',(0.103800002956432,-0.121051735221897,0.164288654071729));
#13588=CARTESIAN_POINT('',(0.103800002956432,-0.229808669666297,0.21500284548061));
#13589=CARTESIAN_POINT('',(0.103800002956432,-0.230515776447487,0.215709952261799));
#13590=CARTESIAN_POINT('',(0.103800002956432,-0.230515776447487,0.215709952261798));
#13591=CARTESIAN_POINT('',(0.103800002956432,-0.121758842003087,0.164995760852915));
#13592=CARTESIAN_POINT('',(0.103800002956432,-0.206611655745467,0.249848574595301));
#13593=CARTESIAN_POINT('',(0.103800002956432,0.00552037861049287,0.0377165402393362));
#13594=CARTESIAN_POINT('',(0.108000005912842,-0.170387336462837,0.245178526583051));
#13595=CARTESIAN_POINT('',(0.108,-0.170387336462837,0.245178526583051));
#13596=CARTESIAN_POINT('',(0.108,-0.172077809501137,0.241553295430862));
#13597=CARTESIAN_POINT('',(0.108,-0.167800458299997,0.242127615019173));
#13598=CARTESIAN_POINT('',(0.108000005912842,-0.172077809501137,0.241553295430862));
#13599=CARTESIAN_POINT('',(0.105147385826512,-0.172077809501137,0.241553295430863));
#13600=CARTESIAN_POINT('',(0.107500005912843,-0.167800458299995,0.242127615019172));
#13601=CARTESIAN_POINT('',(0.107500005912842,-0.168475999556097,0.241554821319021));
#13602=CARTESIAN_POINT('',(0.106866375567997,-0.170133692355107,0.240967236807624));
#13603=CARTESIAN_POINT('',(0.105740508990467,-0.1714896815312,0.24127904685622));
#13604=CARTESIAN_POINT('',(0.105147385826511,-0.172077809501135,0.241553295430864));
#13605=CARTESIAN_POINT('',(0.107500005912842,-0.167800458299997,0.242127615019172));
#13606=CARTESIAN_POINT('',(0.108000005912842,-0.167800458299997,0.242127615019173));
#13607=CARTESIAN_POINT('',(0.101500005912842,0.00552037861049287,0.037716540239336));
#13608=CARTESIAN_POINT('',(0.095500004557475,-0.181611689254437,0.245999016544));
#13609=CARTESIAN_POINT('',(0.100424230099071,-0.176761187521876,0.243737190454336));
#13610=CARTESIAN_POINT('',(0.105147385826513,-0.172077809501136,0.241553295430862));
#13611=CARTESIAN_POINT('',(0.105147385809038,-0.164380036533936,0.248012493911163));
#13612=CARTESIAN_POINT('',(0.100424230089624,-0.165717493244937,0.253003950261786));
#13613=CARTESIAN_POINT('',(0.0955000045574749,-0.167102676346737,0.258173523926042));
#13614=CARTESIAN_POINT('',(0.105147385809037,-0.164380036533937,0.248012493911163));
#13615=CARTESIAN_POINT('',(0.105147385809037,-0.164380036533937,0.248012493911163));
#13616=CARTESIAN_POINT('',(0.105740300713705,-0.164212140731764,0.247385898253069));
#13617=CARTESIAN_POINT('',(0.106862385403323,-0.164138798374644,0.246002659367295));
#13618=CARTESIAN_POINT('',(0.107500005912839,-0.165006753398857,0.244465862451425));
#13619=CARTESIAN_POINT('',(0.10750000591284,-0.16568838515357,0.243899854817367));
#13620=CARTESIAN_POINT('',(0.107500005912842,-0.165688385153568,0.243899854817363));
#13621=CARTESIAN_POINT('',(0.107500005912842,0.00552037861049287,0.037716540239336));
#13622=CARTESIAN_POINT('',(0.108000005912842,0.00552037861049287,0.037716540239336));
#13623=CARTESIAN_POINT('',(0.108000005912842,-0.165688385153568,0.243899854817364));
#13624=CARTESIAN_POINT('',(0.108,-0.165688385153568,0.243899854817364));
#13625=CARTESIAN_POINT('',(0.108,0.00552037861049287,0.037716540239336));
#13626=CARTESIAN_POINT('',(0.108000005912842,-0.168243739836617,0.246977217721514));
#13627=CARTESIAN_POINT('',(0.108000005912842,-0.164380036533937,0.248012493911163));
#13628=CARTESIAN_POINT('',(0.108,-0.164380036533937,0.248012493911163));
#13629=CARTESIAN_POINT('',(0.108,-0.168243739836617,0.246977217721514));
#13630=CARTESIAN_POINT('',(0.108000005912842,-0.140375111730587,0.267278091676282));
#13631=CARTESIAN_POINT('',(0.108,-0.140375111730587,0.267278091676282));
#13632=CARTESIAN_POINT('',(0.108,-0.142545296778017,0.263917987978492));
#13633=CARTESIAN_POINT('',(0.108,-0.138229589813807,0.263902186508091));
#13634=CARTESIAN_POINT('',(0.108000005912842,-0.142545296778017,0.26391798797849));
#13635=CARTESIAN_POINT('',(0.105147385826512,-0.142545296778017,0.26391798797849));
#13636=CARTESIAN_POINT('',(0.107500005912839,-0.138229589813807,0.263902186508091));
#13637=CARTESIAN_POINT('',(0.107500005912839,-0.13897709205045,0.263427119125668));
#13638=CARTESIAN_POINT('',(0.106866375567995,-0.140699547343094,0.263071663448041));
#13639=CARTESIAN_POINT('',(0.105740508990467,-0.142000180926476,0.263565914835359));
#13640=CARTESIAN_POINT('',(0.105147385826511,-0.142545296778015,0.26391798797849));
#13641=CARTESIAN_POINT('',(0.10750000591284,-0.138229589813807,0.263902186508091));
#13642=CARTESIAN_POINT('',(0.108000005912842,-0.138229589813807,0.263902186508092));
#13643=CARTESIAN_POINT('',(0.101500005912842,0.00552037861049287,0.037716540239336));
#13644=CARTESIAN_POINT('',(0.095500004557475,-0.151381926297216,0.26962528840045));
#13645=CARTESIAN_POINT('',(0.100424230099072,-0.146886160889857,0.266721615257796));
#13646=CARTESIAN_POINT('',(0.105147385826514,-0.142545296778017,0.26391798797849));
#13647=CARTESIAN_POINT('',(0.105147385809038,-0.134036794807387,0.269264234126802));
#13648=CARTESIAN_POINT('',(0.100424230089624,-0.134679345373457,0.274391665815671));
#13649=CARTESIAN_POINT('',(0.0955000045574749,-0.135344824995227,0.279702067021671));
#13650=CARTESIAN_POINT('',(0.105147385809038,-0.134036794807387,0.269264234126802));
#13651=CARTESIAN_POINT('',(0.105147385809038,-0.134036794807387,0.269264234126803));
#13652=CARTESIAN_POINT('',(0.105740300713707,-0.133956133099356,0.26862056899027));
#13653=CARTESIAN_POINT('',(0.106862385403325,-0.134072573027533,0.267240289794025));
#13654=CARTESIAN_POINT('',(0.107500005912841,-0.135142465368769,0.265836572919846));
#13655=CARTESIAN_POINT('',(0.107500005912842,-0.135895073246667,0.265369060489025));
#13656=CARTESIAN_POINT('',(0.107500005912842,-0.135895073246667,0.265369060489024));
#13657=CARTESIAN_POINT('',(0.107500005912842,0.00552037861049287,0.037716540239336));
#13658=CARTESIAN_POINT('',(0.108000005912842,0.00552037861049287,0.037716540239336));
#13659=CARTESIAN_POINT('',(0.108000005912842,-0.135895073246667,0.265369060489025));
#13660=CARTESIAN_POINT('',(0.108,-0.135895073246667,0.265369060489024));
#13661=CARTESIAN_POINT('',(0.108,0.00552037861049287,0.037716540239336));
#13662=CARTESIAN_POINT('',(0.108000005912842,-0.138005751632597,0.268766859298721));
#13663=CARTESIAN_POINT('',(0.108000005912842,-0.134036794807387,0.269264234126802));
#13664=CARTESIAN_POINT('',(0.108,-0.134036794807387,0.269264234126801));
#13665=CARTESIAN_POINT('',(0.108,-0.138005751632597,0.268766859298721));
#13666=CARTESIAN_POINT('',(0.108000005912842,-0.107623551641463,0.285067406514636));
#13667=CARTESIAN_POINT('',(0.108,-0.107623551641463,0.285067406514636));
#13668=CARTESIAN_POINT('',(0.108,-0.110232701279325,0.282035519615816));
#13669=CARTESIAN_POINT('',(0.108,-0.105959670314228,0.281429893775294));
#13670=CARTESIAN_POINT('',(0.108000005912842,-0.110232701279325,0.282035519615816));
#13671=CARTESIAN_POINT('',(0.105147385826514,-0.110232701279325,0.282035519615816));
#13672=CARTESIAN_POINT('',(0.107500005912841,-0.105959670314228,0.281429893775293));
#13673=CARTESIAN_POINT('',(0.107500005912841,-0.106765098421065,0.28106147258108));
#13674=CARTESIAN_POINT('',(0.106866375567998,-0.108519975367523,0.280944819776997));
#13675=CARTESIAN_POINT('',(0.105740508990469,-0.1097408326475,0.281612232433467));
#13676=CARTESIAN_POINT('',(0.105147385826513,-0.110232701279325,0.282035519615815));
#13677=CARTESIAN_POINT('',(0.107500005912841,-0.105959670314228,0.281429893775294));
#13678=CARTESIAN_POINT('',(0.108000005912842,-0.105959670314228,0.281429893775294));
#13679=CARTESIAN_POINT('',(0.101500005912842,0.00552037861049287,0.037716540239336));
#13680=CARTESIAN_POINT('',(0.095500004557475,-0.118206163909841,0.288897239010102));
#13681=CARTESIAN_POINT('',(0.100424230099072,-0.114149547369193,0.285406238213833));
#13682=CARTESIAN_POINT('',(0.105147385826514,-0.110232701279325,0.282035519615816));
#13683=CARTESIAN_POINT('',(0.105147385809038,-0.10107322603335,0.286168432254721));
#13684=CARTESIAN_POINT('',(0.100424230089624,-0.101008805917884,0.291335566567151));
#13685=CARTESIAN_POINT('',(0.0955000045574749,-0.100942087006815,0.296687087162514));
#13686=CARTESIAN_POINT('',(0.105147385809038,-0.10107322603335,0.286168432254721));
#13687=CARTESIAN_POINT('',(0.105147385809037,-0.10107322603335,0.28616843225472));
#13688=CARTESIAN_POINT('',(0.105740300713706,-0.101081312924592,0.285519783103545));
#13689=CARTESIAN_POINT('',(0.106862385403324,-0.101385348860676,0.28416837973444));
#13690=CARTESIAN_POINT('',(0.107500005912841,-0.102637090208384,0.282924099105668));
#13691=CARTESIAN_POINT('',(0.107500005912841,-0.103446543235542,0.282563859896711));
#13692=CARTESIAN_POINT('',(0.107500005912841,-0.103446543235541,0.282563859896711));
#13693=CARTESIAN_POINT('',(0.107500005912842,0.00552037861049287,0.0377165402393359));
#13694=CARTESIAN_POINT('',(0.108000005912842,0.00552037861049287,0.037716540239336));
#13695=CARTESIAN_POINT('',(0.108000005912842,-0.103446543235541,0.282563859896712));
#13696=CARTESIAN_POINT('',(0.108,-0.103446543235542,0.282563859896712));
#13697=CARTESIAN_POINT('',(0.108,0.00552037861049287,0.037716540239336));
#13698=CARTESIAN_POINT('',(0.108000005912842,-0.105072915203393,0.286218297503538));
#13699=CARTESIAN_POINT('',(0.108000005912842,-0.101073226033349,0.286168432254721));
#13700=CARTESIAN_POINT('',(0.108,-0.101073226033349,0.286168432254721));
#13701=CARTESIAN_POINT('',(0.108,-0.105072915203393,0.286218297503538));
#13702=CARTESIAN_POINT('',(0.108000005912842,-0.0727475998536721,0.298212458723933));
#13703=CARTESIAN_POINT('',(0.108,-0.0727475998536721,0.298212458723933));
#13704=CARTESIAN_POINT('',(0.108,-0.0757467246592141,0.295565715366374));
#13705=CARTESIAN_POINT('',(0.108,-0.0715966001703751,0.294381636393277));
#13706=CARTESIAN_POINT('',(0.108000005912842,-0.0757467246592141,0.295565715366374));
#13707=CARTESIAN_POINT('',(0.105147385826514,-0.0757467246592141,0.295565715366374));
#13708=CARTESIAN_POINT('',(0.107500005912841,-0.0715966001703751,0.294381636393278));
#13709=CARTESIAN_POINT('',(0.107500005912841,-0.0724448314202717,0.294126778867733));
#13710=CARTESIAN_POINT('',(0.106866375567998,-0.0741991804313898,0.294251119211546));
#13711=CARTESIAN_POINT('',(0.10574050899047,-0.0753173385780314,0.295079161789673));
#13712=CARTESIAN_POINT('',(0.105147385826513,-0.0757467246592141,0.295565715366373));
#13713=CARTESIAN_POINT('',(0.107500005912841,-0.0715966001703751,0.294381636393277));
#13714=CARTESIAN_POINT('',(0.108000005912842,-0.0715966001703751,0.294381636393277));
#13715=CARTESIAN_POINT('',(0.101500005912842,0.00552037861049287,0.037716540239336));
#13716=CARTESIAN_POINT('',(0.095500004557475,-0.0827073105775973,0.303453018012968));
#13717=CARTESIAN_POINT('',(0.100424230099072,-0.0791660099811607,0.299440236633042));
#13718=CARTESIAN_POINT('',(0.105147385826514,-0.0757467246592139,0.295565715366374));
#13719=CARTESIAN_POINT('',(0.105147385809038,-0.0661082545474521,0.298407694881984));
#13720=CARTESIAN_POINT('',(0.100424230089624,-0.0653380733032591,0.303517513646388));
#13721=CARTESIAN_POINT('',(0.0955000045574749,-0.0645404085743688,0.308809673420617));
#13722=CARTESIAN_POINT('',(0.105147385809038,-0.0661082545474521,0.298407694881983));
#13723=CARTESIAN_POINT('',(0.105147385809037,-0.0661082545474531,0.298407694881984));
#13724=CARTESIAN_POINT('',(0.105740300713706,-0.0662049381984075,0.297766240759876));
#13725=CARTESIAN_POINT('',(0.106862385403324,-0.0666908615602653,0.296469087182668));
#13726=CARTESIAN_POINT('',(0.10750000591284,-0.0681009492049087,0.295407605426294));
#13727=CARTESIAN_POINT('',(0.10750000591284,-0.0689520490822451,0.295161403294614));
#13728=CARTESIAN_POINT('',(0.107500005912841,-0.0689520490822451,0.295161403294613));
#13729=CARTESIAN_POINT('',(0.107500005912842,0.00552037861049287,0.0377165402393359));
#13730=CARTESIAN_POINT('',(0.108000005912842,0.00552037861049287,0.037716540239336));
#13731=CARTESIAN_POINT('',(0.108000005912842,-0.0689520490822451,0.295161403294614));
#13732=CARTESIAN_POINT('',(0.108,-0.0689520490822451,0.295161403294614));
#13733=CARTESIAN_POINT('',(0.108,0.00552037861049287,0.037716540239336));
#13734=CARTESIAN_POINT('',(0.108000005912842,-0.0700635778537791,0.29900386393723));
#13735=CARTESIAN_POINT('',(0.108000005912842,-0.0661082545474531,0.298407694881984));
#13736=CARTESIAN_POINT('',(0.108,-0.0661082545474521,0.298407694881984));
#13737=CARTESIAN_POINT('',(0.108,-0.0700635778537791,0.29900386393723));
#13738=CARTESIAN_POINT('',(0.105500002956433,-0.0715480164812541,0.299091199450942));
#13739=CARTESIAN_POINT('',(0.105500002956433,-0.0715480164812541,0.299091199450942));
#13740=CARTESIAN_POINT('',(0.105500002956433,-0.0724866364510495,0.298517620727225));
#13741=CARTESIAN_POINT('',(0.1295,-0.0715480164812541,0.299091199450942));
#13742=CARTESIAN_POINT('',(0.108500005912842,-0.0715480164812541,0.299091199450942));
#13743=CARTESIAN_POINT('',(0.108500005912842,-0.0724866364510495,0.298517620727225));
#13744=CARTESIAN_POINT('',(0.108,-0.169878983644717,0.249476325374607));
#13745=CARTESIAN_POINT('',(0.108,-0.0644665731493752,0.309299539465722));
#13746=CARTESIAN_POINT('',(0.108,-0.0649109419778411,0.306351344874996));
#13747=CARTESIAN_POINT('',(0.108,0.00552037861049287,0.037716540239336));
#13748=CARTESIAN_POINT('',(0.108,-0.0810622959333482,0.30158898982491));
#13749=CARTESIAN_POINT('',(0.108,-0.0753429001026392,0.295108126518082));
#13750=CARTESIAN_POINT('',(0.108,-0.0715480164812541,0.299091199450942));
#13751=CARTESIAN_POINT('',(0.108,-0.0694147892771737,0.300394787459391));
#13752=CARTESIAN_POINT('',(0.0955000029564325,-0.0715480164812541,0.299091199450942));
#13753=CARTESIAN_POINT('',(0.108500005912842,-0.0715480164812541,0.299091199450942));
#13754=CARTESIAN_POINT('',(0.108500005912842,-0.0694147892771737,0.300394787459391));
#13755=CARTESIAN_POINT('',(0.104650005912841,0.00552037861049287,0.037716540239336));
#13756=CARTESIAN_POINT('',(0.100800005912841,-0.0632477522068701,0.317385888191318));
#13757=CARTESIAN_POINT('',(0.104477046389196,-0.0640944669867004,0.311768302587029));
#13758=CARTESIAN_POINT('',(0.108,-0.0649109419778416,0.306351344874996));
#13759=CARTESIAN_POINT('',(0.108,-0.0810622959333493,0.30158898982491));
#13760=CARTESIAN_POINT('',(0.104477046389605,-0.0846871062861314,0.305696399262009));
#13761=CARTESIAN_POINT('',(0.100800005912841,-0.0884461687599131,0.309955934845051));
#13762=CARTESIAN_POINT('',(0.1295,-0.0740420914913172,0.293634131178739));
#13763=CARTESIAN_POINT('',(0.108500005912842,-0.0728207055745122,0.303407478226914));
#13764=CARTESIAN_POINT('',(0.1295,-0.0632477522068701,0.317385888191318));
#13765=CARTESIAN_POINT('',(0.0994000029564322,-0.0645404087939211,0.308809671963978));
#13766=CARTESIAN_POINT('',(0.0994000029564322,0.00552037861049287,0.0377165402393365));
#13767=CARTESIAN_POINT('',(0.105500002956433,-0.0715480164812541,0.299091199450942));
#13768=CARTESIAN_POINT('',(0.105500002956433,-0.106555356992598,0.286101884994269));
#13769=CARTESIAN_POINT('',(0.105500002956433,-0.107406754911691,0.285405378294111));
#13770=CARTESIAN_POINT('',(0.1295,-0.106555356992598,0.286101884994269));
#13771=CARTESIAN_POINT('',(0.108500005912842,-0.106555356992598,0.286101884994269));
#13772=CARTESIAN_POINT('',(0.108500005912842,-0.107406754911691,0.285405378294111));
#13773=CARTESIAN_POINT('',(0.108,-0.169878983644717,0.249476325374607));
#13774=CARTESIAN_POINT('',(0.108,-0.100935911205159,0.297182447911468));
#13775=CARTESIAN_POINT('',(0.108,-0.100973079458028,0.294201184165759));
#13776=CARTESIAN_POINT('',(0.108,0.00552037861049287,0.037716540239336));
#13777=CARTESIAN_POINT('',(0.108,-0.116321773292964,0.287275589766679));
#13778=CARTESIAN_POINT('',(0.108,-0.10977011378326,0.281637430888196));
#13779=CARTESIAN_POINT('',(0.108,-0.106555356992598,0.286101884994269));
#13780=CARTESIAN_POINT('',(0.108,-0.104620361721933,0.287684854767354));
#13781=CARTESIAN_POINT('',(0.0955000029564325,-0.106555356992598,0.286101884994269));
#13782=CARTESIAN_POINT('',(0.108500005912842,-0.106555356992598,0.286101884994269));
#13783=CARTESIAN_POINT('',(0.108500005912842,-0.104620361721933,0.287684854767354));
#13784=CARTESIAN_POINT('',(0.104650005912841,0.00552037861049287,0.037716540239336));
#13785=CARTESIAN_POINT('',(0.100800005912841,-0.100833965609314,0.305359499170775));
#13786=CARTESIAN_POINT('',(0.104477046389196,-0.100904787203965,0.299678902525912));
#13787=CARTESIAN_POINT('',(0.108,-0.100973079458028,0.294201184165759));
#13788=CARTESIAN_POINT('',(0.108,-0.116321773292964,0.287275589766679));
#13789=CARTESIAN_POINT('',(0.104477046389605,-0.120474051596757,0.29084891416637));
#13790=CARTESIAN_POINT('',(0.100800005912841,-0.124780117854967,0.294554583801531));
#13791=CARTESIAN_POINT('',(0.1295,-0.108280016688928,0.280355098656222));
#13792=CARTESIAN_POINT('',(0.0994000029564322,-0.118206162793279,0.288897238049223));
#13793=CARTESIAN_POINT('',(0.108500005912842,-0.0728207055745122,0.303407478226914));
#13794=CARTESIAN_POINT('',(0.1295,-0.100833965609314,0.305359499170775));
#13795=CARTESIAN_POINT('',(0.105500002956433,-0.0715480164812541,0.299091199450942));
#13796=CARTESIAN_POINT('',(0.105500002956433,-0.139458362239937,0.268448884529046));
#13797=CARTESIAN_POINT('',(0.105500002956433,-0.140206552251485,0.267642527470033));
#13798=CARTESIAN_POINT('',(0.1295,-0.139458362239937,0.268448884529046));
#13799=CARTESIAN_POINT('',(0.108500005912842,-0.139458362239937,0.268448884529046));
#13800=CARTESIAN_POINT('',(0.108500005912842,-0.140206552251485,0.267642527470033));
#13801=CARTESIAN_POINT('',(0.108,-0.169878983644717,0.249476325374607));
#13802=CARTESIAN_POINT('',(0.108,-0.135406424773837,0.280193621575517));
#13803=CARTESIAN_POINT('',(0.108,-0.135035694579577,0.277235264916226));
#13804=CARTESIAN_POINT('',(0.108,0.00552037861049287,0.037716540239336));
#13805=CARTESIAN_POINT('',(0.108,-0.149293541046987,0.268276466205978));
#13806=CARTESIAN_POINT('',(0.108,-0.142032631890447,0.26358687388994));
#13807=CARTESIAN_POINT('',(0.108,-0.139458362239937,0.268448884529046));
#13808=CARTESIAN_POINT('',(0.108,-0.13775793039551,0.270281514208621));
#13809=CARTESIAN_POINT('',(0.0955000029564325,-0.139458362239937,0.268448884529046));
#13810=CARTESIAN_POINT('',(0.108500005912842,-0.139458362239937,0.268448884529046));
#13811=CARTESIAN_POINT('',(0.108500005912842,-0.13775793039551,0.270281514208621));
#13812=CARTESIAN_POINT('',(0.104650005912841,0.00552037861049287,0.037716540239336));
#13813=CARTESIAN_POINT('',(0.100800005912841,-0.136423268656297,0.28830784296272));
#13814=CARTESIAN_POINT('',(0.104477046389196,-0.135716867318707,0.282670894223361));
#13815=CARTESIAN_POINT('',(0.108,-0.135035694579576,0.277235264916227));
#13816=CARTESIAN_POINT('',(0.108,-0.149293541046989,0.268276466205977));
#13817=CARTESIAN_POINT('',(0.104477046389605,-0.153895324077967,0.271248612789402));
#13818=CARTESIAN_POINT('',(0.100800005912841,-0.158667543372417,0.274330838782207));
#13819=CARTESIAN_POINT('',(0.1295,-0.140381224392807,0.262520281849652));
#13820=CARTESIAN_POINT('',(0.108500005912842,-0.0728207055745122,0.303407478226914));
#13821=CARTESIAN_POINT('',(0.1295,-0.136423268656297,0.28830784296272));
#13822=CARTESIAN_POINT('',(0.0994000029564322,-0.135344824812057,0.279702065560011));
#13823=CARTESIAN_POINT('',(0.0994000029564322,0.00552037861049287,0.0377165402393365));
#13824=CARTESIAN_POINT('',(0.105500002956433,-0.0715480164812541,0.299091199450942));
#13825=CARTESIAN_POINT('',(0.105500002956433,-0.169639245029088,0.24646365098926));
#13826=CARTESIAN_POINT('',(0.105500002956433,-0.170270179109074,0.245562583740542));
#13827=CARTESIAN_POINT('',(0.1295,-0.169639245029088,0.24646365098926));
#13828=CARTESIAN_POINT('',(0.108500005912842,-0.169639245029088,0.24646365098926));
#13829=CARTESIAN_POINT('',(0.108500005912842,-0.170270179109074,0.245562583740542));
#13830=CARTESIAN_POINT('',(0.108,-0.169878983644717,0.249476325374607));
#13831=CARTESIAN_POINT('',(0.108,-0.167230895107457,0.258652042850984));
#13832=CARTESIAN_POINT('',(0.108,-0.166459227300347,0.255772139415806));
#13833=CARTESIAN_POINT('',(0.108,0.00552037861049287,0.037716540239336));
#13834=CARTESIAN_POINT('',(0.108,-0.179358520915647,0.244948346899072));
#13835=CARTESIAN_POINT('',(0.108,-0.171524693023737,0.241295372983209));
#13836=CARTESIAN_POINT('',(0.108,-0.169639245029088,0.24646365098926));
#13837=CARTESIAN_POINT('',(0.108,-0.16820530393821,0.248511531099983));
#13838=CARTESIAN_POINT('',(0.0955000029564325,-0.169639245029088,0.24646365098926));
#13839=CARTESIAN_POINT('',(0.108500005912842,-0.169639245029088,0.24646365098926));
#13840=CARTESIAN_POINT('',(0.108500005912842,-0.16820530393821,0.248511531099983));
#13841=CARTESIAN_POINT('',(0.104650005912841,0.00552037861049287,0.037716540239336));
#13842=CARTESIAN_POINT('',(0.100800005912841,-0.169347436196127,0.26655108165465));
#13843=CARTESIAN_POINT('',(0.104477046389196,-0.167877075325728,0.261063620233313));
#13844=CARTESIAN_POINT('',(0.108,-0.166459227300349,0.255772139415805));
#13845=CARTESIAN_POINT('',(0.108,-0.179358520915647,0.244948346899072));
#13846=CARTESIAN_POINT('',(0.104477046389605,-0.184323405544206,0.247263510608772));
#13847=CARTESIAN_POINT('',(0.100800005912841,-0.189472174632097,0.249664421049538));
#13848=CARTESIAN_POINT('',(0.1295,-0.169742981968397,0.240464547478673));
#13849=CARTESIAN_POINT('',(0.0994000029564322,-0.181611687919357,0.245999015921444));
#13850=CARTESIAN_POINT('',(0.108500005912842,-0.0728207055745122,0.303407478226914));
#13851=CARTESIAN_POINT('',(0.1295,-0.169347436196127,0.26655108165465));
#13852=CARTESIAN_POINT('',(0.100800002956432,-0.225821095277417,0.213520786479599));
#13853=CARTESIAN_POINT('',(0.100364636044353,-0.226309077457507,0.211503253271827));
#13854=CARTESIAN_POINT('',(0.103300002956432,-0.228391155132527,0.213585330946843));
#13855=CARTESIAN_POINT('',(0.103300002956432,-0.227956848485717,0.21451670455656));
#13856=CARTESIAN_POINT('',(0.103300002956432,-0.227956848485647,0.214516704556707));
#13857=CARTESIAN_POINT('',(0.103300002956432,-0.178445809104517,0.320693471151157));
#13858=CARTESIAN_POINT('',(0.102050002956432,-0.121758842003087,0.164995760852916));
#13859=CARTESIAN_POINT('',(0.103300002956432,-0.204615164773847,0.247852083623673));
#13860=CARTESIAN_POINT('',(0.103300002956432,-0.204615164773847,0.247852083623673));
#13861=CARTESIAN_POINT('',(0.103300002956432,-0.121758842003087,0.164995760852915));
#13862=CARTESIAN_POINT('',(0.102050002956432,0.00552037861049287,0.037716540239336));
#13863=CARTESIAN_POINT('',(0.103300002956432,0.00552037861049287,0.0377165402393358));
#13864=CARTESIAN_POINT('',(0.103300002956432,0.142403629504297,0.296623645780832));
#13865=CARTESIAN_POINT('',(0.103300002956432,0.00552037861049287,0.0377165402393363));
#13866=CARTESIAN_POINT('',(0.103300002956432,-0.204490335401909,0.247727254251743));
#13867=CARTESIAN_POINT('',(0.103300002956431,-0.204490335401837,0.247727254251817));
#13868=CARTESIAN_POINT('',(0.103300002956431,-0.209310965518065,0.2429066241357));
#13869=CARTESIAN_POINT('',(0.103300002956432,-0.218093477534489,0.23244086725908));
#13870=CARTESIAN_POINT('',(0.103300002956432,-0.225021359724999,0.220669762342762));
#13871=CARTESIAN_POINT('',(0.103300002956432,-0.227956734032065,0.214516649953319));
#13872=CARTESIAN_POINT('',(0.1295,-0.439956883375827,0.48319382254807));
#13873=CARTESIAN_POINT('',(0.1295,-0.223198364726377,0.208392540540693));
#13874=CARTESIAN_POINT('',(0.0994000029564322,-0.192469520121737,0.235706438971571));
#13875=CARTESIAN_POINT('',(0.0994000029564322,0.00552037861049287,0.0377165402393365));
#13876=CARTESIAN_POINT('',(0.103300002956432,0.142403629504297,0.296623645780832));
#13877=CARTESIAN_POINT('',(0.103300002956856,-0.227956734032405,0.214516649953534));
#13878=CARTESIAN_POINT('',(0.103300002956856,-0.228104000221055,0.214207951533781));
#13879=CARTESIAN_POINT('',(0.103300002956432,-0.228249909506056,0.213898613097721));
#13880=CARTESIAN_POINT('',(0.103300002956432,-0.228394456104237,0.213588631917581));
#13881=CARTESIAN_POINT('',(0.103300002956432,-0.228394456103927,0.213588631918239));
#13882=CARTESIAN_POINT('',(0.103300002956432,-0.219909174729688,0.205103350544001));
#13883=CARTESIAN_POINT('',(0.0957500029564325,0.00552037861049287,0.0377165402393365));
#13884=CARTESIAN_POINT('',(0.105300002956432,-0.206611655745467,0.249848574595301));
#13885=CARTESIAN_POINT('',(0.105300002956432,-0.206611655745467,0.2498485745953));
#13886=CARTESIAN_POINT('',(0.105300002956432,0.00552037861049287,0.0377165402393362));
#13887=CARTESIAN_POINT('',(0.104300002956432,0.00552037861049287,0.0377165402393365));
#13888=CARTESIAN_POINT('',(0.105300002956432,0.00552037861049287,0.0377165402393361));
#13889=CARTESIAN_POINT('',(0.105300002956432,-0.205904548964283,0.249141467814114));
#13890=CARTESIAN_POINT('',(0.103300002956432,-0.204490335401907,0.247727254251741));
#13891=CARTESIAN_POINT('',(0.100400002956432,-0.225212475588587,0.210406651402901));
#13892=CARTESIAN_POINT('',(0.103300002956432,-0.228394456103927,0.213588631918239));
#13893=CARTESIAN_POINT('',(0.105300002956432,-0.229808669666299,0.215002845480612));
#13894=CARTESIAN_POINT('',(0.105300002956432,-0.229808669666297,0.215002845480612));
#13895=CARTESIAN_POINT('',(0.105300002956432,-0.230515776447487,0.215709952261799));
#13896=CARTESIAN_POINT('',(0.105300002956432,-0.230515776447487,0.215709952261799));
#13897=CARTESIAN_POINT('',(0.103800002956432,-0.229808669666297,0.215002845480612));
#13898=CARTESIAN_POINT('',(0.100800002956432,-0.230515776447487,0.215709952261799));
#13899=CARTESIAN_POINT('',(0.0990000029564324,-0.230515776447487,0.2157099522618));
#13900=CARTESIAN_POINT('',(0.0975000029564324,-0.230515776447487,0.2157099522618));
#13901=CARTESIAN_POINT('',(0.0960000029564324,-0.230515776447487,0.2157099522618));
#13902=CARTESIAN_POINT('',(0.0960000029564324,-0.230515776447487,0.2157099522618));
#13903=CARTESIAN_POINT('',(0.0990000029564324,-0.121758842003087,0.164995760852916));
#13904=CARTESIAN_POINT('',(0.0960000029564324,-0.121758842003087,0.164995760852916));
#13905=CARTESIAN_POINT('',(0.105333713612971,-0.205928385997964,0.249165304848115));
#13906=CARTESIAN_POINT('',(0.099647849546947,-0.20190787296,0.245144791810088));
#13907=CARTESIAN_POINT('',(0.105333713612891,-0.215751410315956,0.239342280530236));
#13908=CARTESIAN_POINT('',(0.0996478495468668,-0.211730897277991,0.235321767492209));
#13909=CARTESIAN_POINT('',(0.106576509381343,-0.22484034473614,0.22849576747905));
#13910=CARTESIAN_POINT('',(0.100890645315319,-0.220819831698176,0.224475254441023));
#13911=CARTESIAN_POINT('',(0.10895215636608,-0.232391132108829,0.217585307921132));
#13912=CARTESIAN_POINT('',(0.103266292300056,-0.228370619070865,0.213564794883105));
#13913=CARTESIAN_POINT('',(0.10530000295643,-0.205904548964211,0.249141467814188));
#13914=CARTESIAN_POINT('',(0.10530000295643,-0.210846711390957,0.244199305387554));
#13915=CARTESIAN_POINT('',(0.105300002956433,-0.219831031906056,0.233444947536915));
#13916=CARTESIAN_POINT('',(0.105300002956432,-0.226854800850925,0.221337437597558));
#13917=CARTESIAN_POINT('',(0.105300002956432,-0.229808669666612,0.215002845479939));
#13918=CARTESIAN_POINT('',(0.0990000029564324,-0.121758842003087,0.164995760852916));
#13919=CARTESIAN_POINT('',(0.105300002956432,-0.121758842003087,0.164995760852915));
#13920=CARTESIAN_POINT('',(0.100800002956432,-0.121051735221897,0.164288654071729));
#13921=CARTESIAN_POINT('',(0.0990000029564324,-0.121758842003087,0.164995760852916));
#13922=CARTESIAN_POINT('',(0.0990000029564324,-0.121758842003087,0.164995760852916));
#13923=CARTESIAN_POINT('',(0.0990000029564324,-0.206611655745467,0.249848574595301));
#13924=CARTESIAN_POINT('',(0.0990000029564324,-0.221573496197286,0.234886734143489));
#13925=CARTESIAN_POINT('',(0.0990000029564324,-0.230515776447487,0.2157099522618));
#13926=CARTESIAN_POINT('',(0.0990000029564323,-0.205550995573697,0.248787914423522));
#13927=CARTESIAN_POINT('',(0.0990000029564323,-0.220512836025507,0.233826073971709));
#13928=CARTESIAN_POINT('',(0.0990000029564323,-0.229455116275707,0.21464929209002));
#13929=CARTESIAN_POINT('',(0.0975000029564324,-0.205550995573697,0.248787914423522));
#13930=CARTESIAN_POINT('',(0.0975000029564324,-0.220512836025506,0.233826073971709));
#13931=CARTESIAN_POINT('',(0.0975000029564324,-0.229455116275707,0.21464929209002));
#13932=CARTESIAN_POINT('',(0.0960000029564324,-0.205550995573697,0.248787914423522));
#13933=CARTESIAN_POINT('',(0.0960000029564325,-0.220512836025507,0.233826073971709));
#13934=CARTESIAN_POINT('',(0.0960000029564324,-0.229455116275707,0.21464929209002));
#13935=CARTESIAN_POINT('',(0.0960000029564324,-0.206611655745467,0.249848574595301));
#13936=CARTESIAN_POINT('',(0.0960000029564324,-0.221573496197286,0.234886734143489));
#13937=CARTESIAN_POINT('',(0.0960000029564324,-0.230515776447487,0.2157099522618));
#13938=CARTESIAN_POINT('',(0.105300002956432,0.108126421608195,0.319624326475108));
#13939=CARTESIAN_POINT('',(0.,0.,0.));
#13940=CARTESIAN_POINT('',(0.108500005912842,0.00212330788324394,0.310195364940403));
#13941=CARTESIAN_POINT('',(0.108500005912842,0.00212330788324394,0.310195364940403));
#13942=CARTESIAN_POINT('',(0.108500005912842,0.00452986850061897,0.31087246611076));
#13943=CARTESIAN_POINT('',(0.109500005912842,0.00212330788324394,0.310195364940403));
#13944=CARTESIAN_POINT('',(0.109500005912842,0.00452986850061897,0.31087246611076));
#13945=CARTESIAN_POINT('',(0.108500005912842,0.00212330788324394,0.310195364940403));
#13946=CARTESIAN_POINT('',(0.108500005912842,0.00212330788324394,0.310195364940403));
#13947=CARTESIAN_POINT('',(0.108500005912842,0.00789905336494401,0.311820407749261));
#13948=CARTESIAN_POINT('',(0.109500005912842,0.00212330788324394,0.310195364940403));
#13949=CARTESIAN_POINT('',(0.109500005912842,0.00789905336494401,0.311820407749261));
#13950=CARTESIAN_POINT('',(0.109500005912842,0.00212330788324394,0.310195364940403));
#13951=CARTESIAN_POINT('',(0.108500005912842,0.00212330788324394,0.310195364940403));
#13952=CARTESIAN_POINT('',(0.108500005912842,0.00212330788324394,0.310195364940403));
#13953=CARTESIAN_POINT('',(0.108500005912842,0.00415461139431648,0.302975683088278));
#13954=CARTESIAN_POINT('',(0.108500005912842,0.00212330788324394,0.310195364940403));
#13955=CARTESIAN_POINT('',(0.1165,0.00212330788324394,0.310195364940403));
#13956=CARTESIAN_POINT('',(0.1165,-0.00028325273413109,0.309518263770045));
#13957=CARTESIAN_POINT('',(0.1155,0.00212330788324394,0.310195364940403));
#13958=CARTESIAN_POINT('',(0.1155,-0.00028325273413109,0.309518263770045));
#13959=CARTESIAN_POINT('',(0.108500005912842,0.00212330788324394,0.310195364940403));
#13960=CARTESIAN_POINT('',(0.1165,0.00212330788324394,0.310195364940403));
#13961=CARTESIAN_POINT('',(0.1165,-0.00365243759845613,0.308570322131545));
#13962=CARTESIAN_POINT('',(0.1155,0.00212330788324394,0.310195364940403));
#13963=CARTESIAN_POINT('',(0.1155,-0.00365243759845613,0.308570322131545));
#13964=CARTESIAN_POINT('',(0.1155,0.00212330788324394,0.310195364940403));
#13965=CARTESIAN_POINT('',(0.1165,0.00212330788324394,0.310195364940403));
#13966=CARTESIAN_POINT('',(0.1165,0.00212330788324394,0.310195364940403));
#13967=CARTESIAN_POINT('',(0.1165,0.00106442121159893,0.309897440425446));
#13968=CARTESIAN_POINT('',(0.108500005912842,0.00212330788324394,0.310195364940403));
#13969=CARTESIAN_POINT('',(0.108500005912842,0.00106442121159893,0.309897440425446));
#13970=CARTESIAN_POINT('',(0.1165,9.20043721708806E-5,0.317415046792528));
#13971=CARTESIAN_POINT('',(0.1165,0.00212330788324394,0.310195364940403));
#13972=CARTESIAN_POINT('',(0.1165,0.00415461139431648,0.302975683088278));
#13973=CARTESIAN_POINT('',(0.110125006097618,0.00212330788324394,0.310195364940403));
#13974=CARTESIAN_POINT('',(0.109500005912842,0.00212330788324394,0.310195364940403));
#13975=CARTESIAN_POINT('',(0.109500005912842,0.00415461139431648,0.302975683088278));
#13976=CARTESIAN_POINT('',(0.110750006282395,0.00212330788324394,0.310195364940403));
#13977=CARTESIAN_POINT('',(0.110750006282395,0.00389237126451039,0.303907739915699));
#13978=CARTESIAN_POINT('',(0.109500005912842,0.00212330788324394,0.310195364940403));
#13979=CARTESIAN_POINT('',(0.114874999815223,0.00212330788324394,0.310195364940403));
#13980=CARTESIAN_POINT('',(0.114249999630447,0.00212330788324394,0.310195364940403));
#13981=CARTESIAN_POINT('',(0.114249999630447,0.0038923712645104,0.303907739915699));
#13982=CARTESIAN_POINT('',(0.1155,0.00212330788324394,0.310195364940403));
#13983=CARTESIAN_POINT('',(0.1155,0.00415461139431648,0.302975683088278));
#13984=CARTESIAN_POINT('',(0.109500005912842,0.00212330788324394,0.310195364940403));
#13985=CARTESIAN_POINT('',(0.108500005912842,0.00212330788324394,0.310195364940403));
#13986=CARTESIAN_POINT('',(0.1165,9.20043721708806E-5,0.317415046792528));
#13987=CARTESIAN_POINT('',(0.112500002956421,0.00212330788324394,0.310195364940403));
#13988=CARTESIAN_POINT('',(0.,0.,0.));
#13989=CARTESIAN_POINT('',(0.108500005912842,-0.0350936389225131,0.307172940385685));
#13990=CARTESIAN_POINT('',(0.108500005912842,-0.0350936389225131,0.307172940385685));
#13991=CARTESIAN_POINT('',(0.108500005912842,-0.0328022332828382,0.308172670446484));
#13992=CARTESIAN_POINT('',(0.109500005912842,-0.0350936389225131,0.307172940385685));
#13993=CARTESIAN_POINT('',(0.109500005912842,-0.0328022332828382,0.308172670446484));
#13994=CARTESIAN_POINT('',(0.108500005912842,-0.0350936389225131,0.307172940385685));
#13995=CARTESIAN_POINT('',(0.108500005912842,-0.0350936389225131,0.307172940385685));
#13996=CARTESIAN_POINT('',(0.108500005912842,-0.0295942653872932,0.309572292531603));
#13997=CARTESIAN_POINT('',(0.109500005912842,-0.0350936389225131,0.307172940385685));
#13998=CARTESIAN_POINT('',(0.109500005912842,-0.0295942653872932,0.309572292531603));
#13999=CARTESIAN_POINT('',(0.109500005912842,-0.0350936389225131,0.307172940385685));
#14000=CARTESIAN_POINT('',(0.108500005912842,-0.0350936389225131,0.307172940385685));
#14001=CARTESIAN_POINT('',(0.108500005912842,-0.0350936389225131,0.307172940385685));
#14002=CARTESIAN_POINT('',(0.108500005912842,-0.032094448740115,0.30029872346666));
#14003=CARTESIAN_POINT('',(0.108500005912842,-0.0350936389225131,0.307172940385685));
#14004=CARTESIAN_POINT('',(0.1165,-0.0350936389225131,0.307172940385685));
#14005=CARTESIAN_POINT('',(0.1165,-0.037385044562188,0.306173210324886));
#14006=CARTESIAN_POINT('',(0.1155,-0.0350936389225131,0.307172940385685));
#14007=CARTESIAN_POINT('',(0.1155,-0.037385044562188,0.306173210324886));
#14008=CARTESIAN_POINT('',(0.108500005912842,-0.0350936389225131,0.307172940385685));
#14009=CARTESIAN_POINT('',(0.1165,-0.0350936389225131,0.307172940385685));
#14010=CARTESIAN_POINT('',(0.1165,-0.040593012457733,0.304773588239767));
#14011=CARTESIAN_POINT('',(0.1155,-0.0350936389225131,0.307172940385685));
#14012=CARTESIAN_POINT('',(0.1155,-0.040593012457733,0.304773588239767));
#14013=CARTESIAN_POINT('',(0.1155,-0.0350936389225131,0.307172940385685));
#14014=CARTESIAN_POINT('',(0.1165,-0.0350936389225131,0.307172940385685));
#14015=CARTESIAN_POINT('',(0.1165,-0.0350936389225131,0.307172940385685));
#14016=CARTESIAN_POINT('',(0.1165,-0.0361018574039701,0.306733059158933));
#14017=CARTESIAN_POINT('',(0.108500005912842,-0.0350936389225131,0.307172940385685));
#14018=CARTESIAN_POINT('',(0.108500005912842,-0.0361018574039701,0.306733059158933));
#14019=CARTESIAN_POINT('',(0.1165,-0.0380928291049112,0.31404715730471));
#14020=CARTESIAN_POINT('',(0.1165,-0.0350936389225131,0.307172940385685));
#14021=CARTESIAN_POINT('',(0.1165,-0.032094448740115,0.30029872346666));
#14022=CARTESIAN_POINT('',(0.110125006097618,-0.0350936389225131,0.307172940385685));
#14023=CARTESIAN_POINT('',(0.109500005912842,-0.0350936389225131,0.307172940385685));
#14024=CARTESIAN_POINT('',(0.109500005912842,-0.032094448740115,0.30029872346666));
#14025=CARTESIAN_POINT('',(0.110750006282395,-0.0350936389225131,0.307172940385685));
#14026=CARTESIAN_POINT('',(0.110750006282395,-0.0324816424895759,0.30118618096739));
#14027=CARTESIAN_POINT('',(0.109500005912842,-0.0350936389225131,0.307172940385685));
#14028=CARTESIAN_POINT('',(0.114874999815223,-0.0350936389225131,0.307172940385685));
#14029=CARTESIAN_POINT('',(0.114249999630447,-0.0350936389225131,0.307172940385685));
#14030=CARTESIAN_POINT('',(0.114249999630447,-0.0324816424895759,0.30118618096739));
#14031=CARTESIAN_POINT('',(0.1155,-0.0350936389225131,0.307172940385685));
#14032=CARTESIAN_POINT('',(0.1155,-0.032094448740115,0.30029872346666));
#14033=CARTESIAN_POINT('',(0.109500005912842,-0.0350936389225131,0.307172940385685));
#14034=CARTESIAN_POINT('',(0.108500005912842,-0.0350936389225131,0.307172940385685));
#14035=CARTESIAN_POINT('',(0.1165,-0.0380928291049112,0.31404715730471));
#14036=CARTESIAN_POINT('',(0.112500002956421,-0.0350936389225131,0.307172940385685));
#14037=CARTESIAN_POINT('',(0.,0.,0.));
#14038=CARTESIAN_POINT('',(0.108500005912842,-0.169639245029088,0.246463650989259));
#14039=CARTESIAN_POINT('',(0.108500005912842,-0.169639245029088,0.246463650989259));
#14040=CARTESIAN_POINT('',(0.108500005912842,-0.167139245029088,0.246463650989259));
#14041=CARTESIAN_POINT('',(0.109500005912842,-0.169639245029088,0.246463650989259));
#14042=CARTESIAN_POINT('',(0.109500005912842,-0.167139245029088,0.246463650989259));
#14043=CARTESIAN_POINT('',(0.108500005912842,-0.169639245029088,0.246463650989259));
#14044=CARTESIAN_POINT('',(0.108500005912842,-0.169639245029088,0.246463650989259));
#14045=CARTESIAN_POINT('',(0.108500005912842,-0.163639245029087,0.246463650989259));
#14046=CARTESIAN_POINT('',(0.109500005912842,-0.169639245029088,0.246463650989259));
#14047=CARTESIAN_POINT('',(0.109500005912842,-0.163639245029087,0.246463650989259));
#14048=CARTESIAN_POINT('',(0.109500005912842,-0.169639245029088,0.246463650989259));
#14049=CARTESIAN_POINT('',(0.108500005912842,-0.169639245029088,0.246463650989259));
#14050=CARTESIAN_POINT('',(0.108500005912842,-0.169639245029088,0.246463650989259));
#14051=CARTESIAN_POINT('',(0.108500005912842,-0.169639245029088,0.238963650989259));
#14052=CARTESIAN_POINT('',(0.108500005912842,-0.169639245029088,0.246463650989259));
#14053=CARTESIAN_POINT('',(0.1165,-0.169639245029088,0.246463650989259));
#14054=CARTESIAN_POINT('',(0.1165,-0.172139245029088,0.246463650989259));
#14055=CARTESIAN_POINT('',(0.1155,-0.169639245029088,0.246463650989259));
#14056=CARTESIAN_POINT('',(0.1155,-0.172139245029088,0.246463650989259));
#14057=CARTESIAN_POINT('',(0.108500005912842,-0.169639245029088,0.246463650989259));
#14058=CARTESIAN_POINT('',(0.1165,-0.169639245029088,0.246463650989259));
#14059=CARTESIAN_POINT('',(0.1165,-0.175639245029088,0.246463650989259));
#14060=CARTESIAN_POINT('',(0.1155,-0.169639245029088,0.246463650989259));
#14061=CARTESIAN_POINT('',(0.1155,-0.175639245029088,0.246463650989259));
#14062=CARTESIAN_POINT('',(0.1155,-0.169639245029088,0.246463650989259));
#14063=CARTESIAN_POINT('',(0.1165,-0.169639245029088,0.246463650989259));
#14064=CARTESIAN_POINT('',(0.1165,-0.169639245029088,0.246463650989259));
#14065=CARTESIAN_POINT('',(0.1165,-0.170739245029087,0.246463650989259));
#14066=CARTESIAN_POINT('',(0.108500005912842,-0.169639245029088,0.246463650989259));
#14067=CARTESIAN_POINT('',(0.108500005912842,-0.170739245029087,0.246463650989259));
#14068=CARTESIAN_POINT('',(0.1165,-0.169639245029088,0.253963650989259));
#14069=CARTESIAN_POINT('',(0.1165,-0.169639245029088,0.246463650989259));
#14070=CARTESIAN_POINT('',(0.1165,-0.169639245029088,0.238963650989259));
#14071=CARTESIAN_POINT('',(0.110125006097618,-0.169639245029088,0.246463650989259));
#14072=CARTESIAN_POINT('',(0.109500005912842,-0.169639245029088,0.246463650989259));
#14073=CARTESIAN_POINT('',(0.109500005912842,-0.169639245029088,0.238963650989259));
#14074=CARTESIAN_POINT('',(0.110750006282395,-0.169639245029088,0.246463650989259));
#14075=CARTESIAN_POINT('',(0.110750006282395,-0.169639245029088,0.239931896730393));
#14076=CARTESIAN_POINT('',(0.109500005912842,-0.169639245029088,0.246463650989259));
#14077=CARTESIAN_POINT('',(0.114874999815223,-0.169639245029088,0.246463650989259));
#14078=CARTESIAN_POINT('',(0.114249999630447,-0.169639245029088,0.246463650989259));
#14079=CARTESIAN_POINT('',(0.114249999630447,-0.169639245029088,0.239931896730393));
#14080=CARTESIAN_POINT('',(0.1155,-0.169639245029088,0.246463650989259));
#14081=CARTESIAN_POINT('',(0.1155,-0.169639245029088,0.238963650989259));
#14082=CARTESIAN_POINT('',(0.109500005912842,-0.169639245029088,0.246463650989259));
#14083=CARTESIAN_POINT('',(0.108500005912842,-0.169639245029088,0.246463650989259));
#14084=CARTESIAN_POINT('',(0.1165,-0.169639245029088,0.253963650989259));
#14085=CARTESIAN_POINT('',(0.112500002956421,-0.169639245029088,0.246463650989259));
#14086=CARTESIAN_POINT('',(0.,0.,0.));
#14087=CARTESIAN_POINT('',(0.0955000029564325,0.0760485684009319,0.300931327903108));
#14088=CARTESIAN_POINT('',(0.105500002956433,0.0760485684009319,0.300931327903108));
#14089=CARTESIAN_POINT('',(0.105500004434637,0.0754015207881748,0.298516513337386));
#14090=CARTESIAN_POINT('',(0.105294568423388,0.0765948769298374,0.298407407889396));
#14091=CARTESIAN_POINT('',(0.105603203767563,0.0753764893207189,0.298417402560312));
#14092=CARTESIAN_POINT('',(0.105292651983403,0.0743082905163429,0.299022061893666));
#14093=CARTESIAN_POINT('',(0.104625589988518,0.0737244592197526,0.299863931450677));
#14094=CARTESIAN_POINT('',(0.103834642013758,0.073506310923794,0.300737463105667));
#14095=CARTESIAN_POINT('',(0.10298878467661,0.0735885411972647,0.301589777448567));
#14096=CARTESIAN_POINT('',(0.102150947656626,0.0739395916392675,0.302364503929333));
#14097=CARTESIAN_POINT('',(0.101356533889702,0.0745722969027067,0.303021242871475));
#14098=CARTESIAN_POINT('',(0.1007010199513,0.0755021035490922,0.3034558523984));
#14099=CARTESIAN_POINT('',(0.100398158620574,0.076728289997873,0.303443833132051));
#14100=CARTESIAN_POINT('',(0.100706422653489,0.0777927052616116,0.302836443065621));
#14101=CARTESIAN_POINT('',(0.101364875337933,0.0783758415135501,0.301993400482898));
#14102=CARTESIAN_POINT('',(0.102155645691269,0.0785918912311648,0.301113044351327));
#14103=CARTESIAN_POINT('',(0.102996573282098,0.0785060050808816,0.300264085874618));
#14104=CARTESIAN_POINT('',(0.103835483093184,0.0781523617520405,0.299491692692251));
#14105=CARTESIAN_POINT('',(0.104629364280757,0.0775246183636812,0.298841795452599));
#14106=CARTESIAN_POINT('',(0.105294568423388,0.0765948769298374,0.298407407889396));
#14107=CARTESIAN_POINT('',(0.105603203767563,0.0753764893207189,0.298417402560312));
#14108=CARTESIAN_POINT('',(0.105292651983403,0.0743082905163429,0.299022061893666));
#14109=CARTESIAN_POINT('',(0.0955000029564325,0.0394040381269349,0.308101724037884));
#14110=CARTESIAN_POINT('',(0.105500002956433,0.0394040381269349,0.308101724037884));
#14111=CARTESIAN_POINT('',(0.105500004402286,0.0390926170955259,0.305621196484883));
#14112=CARTESIAN_POINT('',(0.105294332692834,0.0402906397915631,0.305676368135859));
#14113=CARTESIAN_POINT('',(0.105603320988583,0.0390810109565101,0.305519521717567));
#14114=CARTESIAN_POINT('',(0.105292418441657,0.0379410189535819,0.305972723903421));
#14115=CARTESIAN_POINT('',(0.104625817179277,0.0372478286488663,0.306726386179842));
#14116=CARTESIAN_POINT('',(0.103835096962893,0.0369123764489299,0.307561658988733));
#14117=CARTESIAN_POINT('',(0.102989915198403,0.0368767423883737,0.308416600361696));
#14118=CARTESIAN_POINT('',(0.10215026923328,0.0371195852716864,0.309233747728435));
#14119=CARTESIAN_POINT('',(0.101360590811284,0.0376525203677511,0.309966522759329));
#14120=CARTESIAN_POINT('',(0.100702542258386,0.0385140595003625,0.310526737506572));
#14121=CARTESIAN_POINT('',(0.100398118849931,0.0397299114739628,0.310684104466935));
#14122=CARTESIAN_POINT('',(0.100705024135246,0.0408693993372999,0.31022905113841));
#14123=CARTESIAN_POINT('',(0.101363466360276,0.0415630063549719,0.309473562117414));
#14124=CARTESIAN_POINT('',(0.102152550621835,0.0418984585880239,0.308632563977181));
#14125=CARTESIAN_POINT('',(0.1030002393472,0.0419293558724812,0.307773022641354));
#14126=CARTESIAN_POINT('',(0.103835407708816,0.0416846516317861,0.306963308065364));
#14127=CARTESIAN_POINT('',(0.104630282465056,0.041151032154122,0.306232774684089));
#14128=CARTESIAN_POINT('',(0.105294332692834,0.0402906397915631,0.305676368135859));
#14129=CARTESIAN_POINT('',(0.105603320988583,0.0390810109565101,0.305519521717567));
#14130=CARTESIAN_POINT('',(0.105292418441657,0.0379410189535819,0.305972723903421));
#14131=CARTESIAN_POINT('',(0.0955000029564325,0.00212330788324394,0.310195364940403));
#14132=CARTESIAN_POINT('',(0.105500002956433,0.00212330788324394,0.310195364940403));
#14133=CARTESIAN_POINT('',(0.105500004402286,0.00215390754122596,0.307695552215231));
#14134=CARTESIAN_POINT('',(0.105292729311988,0.00333698447849665,0.307915616576457));
#14135=CARTESIAN_POINT('',(0.105603876507763,0.00215542860265114,0.307592683685544));
#14136=CARTESIAN_POINT('',(0.105291799745781,0.000964746356275477,0.30788696197273));
#14137=CARTESIAN_POINT('',(0.104627402860651,0.000176847556428303,0.308536621010442));
#14138=CARTESIAN_POINT('',(0.103835510981952,-0.000271560816085342,0.309319328111292));
#14139=CARTESIAN_POINT('',(0.102986501913836,-0.000423151753800423,0.310165212215726));
#14140=CARTESIAN_POINT('',(0.102152538265344,-0.000294783742326179,0.311002190738525));
#14141=CARTESIAN_POINT('',(0.101360728648397,0.000132510789789967,0.311803066976307));
#14142=CARTESIAN_POINT('',(0.100702474709484,0.000911403486507257,0.312476033134942));
#14143=CARTESIAN_POINT('',(0.100398739303262,0.00208801198407776,0.312797360615807));
#14144=CARTESIAN_POINT('',(0.10070260618224,0.00328048251813197,0.312505434588212));
#14145=CARTESIAN_POINT('',(0.101362579530381,0.00407391518339483,0.311850347206042));
#14146=CARTESIAN_POINT('',(0.102150014134225,0.00452029258410698,0.311064748701191));
#14147=CARTESIAN_POINT('',(0.102994257939736,0.00467000106849683,0.310220951369969));
#14148=CARTESIAN_POINT('',(0.103834821731248,0.00453873549521672,0.309379993129751));
#14149=CARTESIAN_POINT('',(0.104628302069703,0.00411037625657651,0.30858476448827));
#14150=CARTESIAN_POINT('',(0.105292729311988,0.00333698447849665,0.307915616576457));
#14151=CARTESIAN_POINT('',(0.105603876507763,0.00215542860265114,0.307592683685544));
#14152=CARTESIAN_POINT('',(0.105291799745781,0.000964746356275477,0.30788696197273));
#14153=CARTESIAN_POINT('',(0.0955000029564325,-0.0350936389225131,0.307172940385685));
#14154=CARTESIAN_POINT('',(0.105500002956433,-0.0350936389225131,0.307172940385685));
#14155=CARTESIAN_POINT('',(0.105500004402286,-0.0347215931142421,0.304700779000065));
#14156=CARTESIAN_POINT('',(0.105292698257313,-0.0335791838320125,0.305080617002625));
#14157=CARTESIAN_POINT('',(0.105603921817654,-0.0347060900894182,0.30459902892887));
#14158=CARTESIAN_POINT('',(0.105291649560893,-0.0359260144977203,0.304727941281995));
#14159=CARTESIAN_POINT('',(0.104627248215546,-0.0367954682113881,0.305263774194862));
#14160=CARTESIAN_POINT('',(0.103833725607533,-0.0373469130162516,0.305979445388579));
#14161=CARTESIAN_POINT('',(0.102988397754071,-0.0376117792873487,0.30679308695563));
#14162=CARTESIAN_POINT('',(0.102150421147902,-0.0375992943328531,0.307643779567524));
#14163=CARTESIAN_POINT('',(0.101359900342928,-0.0372844604324569,0.308494405602724));
#14164=CARTESIAN_POINT('',(0.100702708306773,-0.0366066553042724,0.309266180079675));
#14165=CARTESIAN_POINT('',(0.100398482843273,-0.035482237867775,0.309746256597724));
#14166=CARTESIAN_POINT('',(0.100703395799616,-0.034262129408534,0.309618857741022));
#14167=CARTESIAN_POINT('',(0.101362446331896,-0.0333876966904516,0.309079159501095));
#14168=CARTESIAN_POINT('',(0.102150526663415,-0.0328377963154041,0.308361350783279));
#14169=CARTESIAN_POINT('',(0.102994000287188,-0.0325742485024207,0.307546703687646));
#14170=CARTESIAN_POINT('',(0.10383652389162,-0.0325898712026204,0.306693638032014));
#14171=CARTESIAN_POINT('',(0.10462690752186,-0.0329044026092768,0.30585060063692));
#14172=CARTESIAN_POINT('',(0.105292698257313,-0.0335791838320125,0.305080617002625));
#14173=CARTESIAN_POINT('',(0.105603921817654,-0.0347060900894182,0.30459902892887));
#14174=CARTESIAN_POINT('',(0.105291649560893,-0.0359260144977203,0.304727941281995));
#14175=CARTESIAN_POINT('',(0.0994000029564322,0.0497841548928229,0.311157060479531));
#14176=CARTESIAN_POINT('',(0.100800002956432,0.0497841548928229,0.311157060479531));
#14177=CARTESIAN_POINT('',(0.100800002956432,0.0502635459716929,0.314118510157223));
#14178=CARTESIAN_POINT('',(0.100800004927372,0.0527841548928229,0.311157060479531));
#14179=CARTESIAN_POINT('',(0.0994000029564322,0.0502635459716929,0.314118510157223));
#14180=CARTESIAN_POINT('',(0.0955000029564325,0.0502635459716929,0.314118510157223));
#14181=CARTESIAN_POINT('',(0.0955000029564325,0.0497841548928229,0.311157060479531));
#14182=CARTESIAN_POINT('',(0.0955000059128418,0.0527841548928229,0.311157060479531));
#14183=CARTESIAN_POINT('',(0.0994000029564322,0.0527841548928229,0.311157060479531));
#14184=CARTESIAN_POINT('',(0.0955000059128418,0.0527841548928229,0.31369866910194));
#14185=CARTESIAN_POINT('',(0.0955000059128418,0.0527841548928229,0.302060173477646));
#14186=CARTESIAN_POINT('',(0.0955000059128418,0.0527841548928229,0.304530043533274));
#14187=CARTESIAN_POINT('',(0.0955000059128418,0.0527841548928229,0.304530043533274));
#14188=CARTESIAN_POINT('',(0.100800004927372,0.0527841548928229,0.304530043533274));
#14189=CARTESIAN_POINT('',(0.100800002956432,0.0527841548928229,0.319624326475108));
#14190=CARTESIAN_POINT('',(0.0955000059128418,0.0557841548928229,0.304530043533274));
#14191=CARTESIAN_POINT('',(0.100800002956432,0.0557841548928229,0.304530043533274));
#14192=CARTESIAN_POINT('',(0.100800004434637,0.0552080570756778,0.301585877895087));
#14193=CARTESIAN_POINT('',(0.0955000029564325,0.0557841548928229,0.304530043533274));
#14194=CARTESIAN_POINT('',(0.0955000059128418,0.0552080570756778,0.301585877895087));
#14195=CARTESIAN_POINT('',(0.0955000059128418,0.0552080570756778,0.301585877895087));
#14196=CARTESIAN_POINT('',(0.0955000059128418,0.0527841548928229,0.302060173477646));
#14197=CARTESIAN_POINT('',(0.0955000059128418,0.0613781115969519,0.300378556236528));
#14198=CARTESIAN_POINT('',(0.0955000059128418,0.0589542094140959,0.300852851819087));
#14199=CARTESIAN_POINT('',(0.0955000059128418,0.0589542094140959,0.300852851819087));
#14200=CARTESIAN_POINT('',(0.100800004927372,0.0589542094140959,0.300852851819087));
#14201=CARTESIAN_POINT('',(0.100800002956432,0.102775475631929,0.292278152255596));
#14202=CARTESIAN_POINT('',(0.100800002956432,0.108126421608195,0.319624326475108));
#14203=CARTESIAN_POINT('',(0.100800002956432,0.0595303072312399,0.303797017457274));
#14204=CARTESIAN_POINT('',(0.100800004434637,0.0623090481012948,0.302666265858961));
#14205=CARTESIAN_POINT('',(0.100800002956432,0.0747385365819058,0.333210841419565));
#14206=CARTESIAN_POINT('',(0.100800003941902,0.0648068847693048,0.308804520137331));
#14207=CARTESIAN_POINT('',(0.100800002956432,0.0675856256393588,0.307673768539018));
#14208=CARTESIAN_POINT('',(0.100800002956432,0.0682578124302859,0.310597493033239));
#14209=CARTESIAN_POINT('',(0.100800002956432,0.00552037861049287,0.0377165402393365));
#14210=CARTESIAN_POINT('',(0.100800002956432,0.0688008505078648,0.310472075245405));
#14211=CARTESIAN_POINT('',(0.100800002956432,0.0733955387422099,0.284414303759509));
#14212=CARTESIAN_POINT('',(0.100800003941902,0.0672947841262339,0.319013402015253));
#14213=CARTESIAN_POINT('',(0.100800002956432,0.00552037861049287,0.037716540239336));
#14214=CARTESIAN_POINT('',(0.100800003941902,0.0926706049228599,0.31221397133024));
#14215=CARTESIAN_POINT('',(0.100800002956432,0.0924040734562918,0.311896331495875));
#14216=CARTESIAN_POINT('',(0.100800002956432,0.0870956498339608,0.305569998542227));
#14217=CARTESIAN_POINT('',(0.100800002956432,0.00552037861049287,0.0377165402393365));
#14218=CARTESIAN_POINT('',(0.100800002956432,0.101286014740647,0.300830475515649));
#14219=CARTESIAN_POINT('',(0.100800002956432,0.220993055402175,0.629722896249328));
#14220=CARTESIAN_POINT('',(0.100800002956432,0.140679162169723,0.28906224610927));
#14221=CARTESIAN_POINT('',(0.100800002956432,0.14210353086789,0.292975666944463));
#14222=CARTESIAN_POINT('',(0.100800002956432,0.142333149013802,0.293606537615452));
#14223=CARTESIAN_POINT('',(0.100800002956432,0.140888872906946,0.294818429164032));
#14224=CARTESIAN_POINT('',(0.100800002956432,0.140888872906946,0.294818429164032));
#14225=CARTESIAN_POINT('',(0.100800002956432,0.0670840044091138,0.206861211980799));
#14226=CARTESIAN_POINT('',(0.100800002956432,0.106354754687065,0.314756711614507));
#14227=CARTESIAN_POINT('',(0.100800002956432,0.00552037861049287,0.0377165402393358));
#14228=CARTESIAN_POINT('',(0.100800002956432,-0.0582903467388642,0.32554812169753));
#14229=CARTESIAN_POINT('',(0.100800002956432,-0.0432587510072511,0.257744975007331));
#14230=CARTESIAN_POINT('',(0.100800002956432,-0.0550827132921751,0.311079422232919));
#14231=CARTESIAN_POINT('',(0.100800002956432,0.00552037861049287,0.0377165402393365));
#14232=CARTESIAN_POINT('',(0.100800002956432,-0.0455518923527261,0.313019324712469));
#14233=CARTESIAN_POINT('',(0.100800002956432,-0.00778655481115115,0.256116381599897));
#14234=CARTESIAN_POINT('',(0.100800003941902,-0.0503479044053342,0.320245718510653));
#14235=CARTESIAN_POINT('',(0.100800002956432,0.00552037861049287,0.0377165402393359));
#14236=CARTESIAN_POINT('',(0.100800003941902,-0.0243703467505751,0.324161205330505));
#14237=CARTESIAN_POINT('',(0.100800002956432,-0.0241385003402192,0.324947504006613));
#14238=CARTESIAN_POINT('',(0.100800002956432,-0.0268232684355061,0.315842210567993));
#14239=CARTESIAN_POINT('',(0.100800002956432,0.00552037861049287,0.0377165402393365));
#14240=CARTESIAN_POINT('',(0.100800002956432,-0.0262696025304842,0.31590603878135));
#14241=CARTESIAN_POINT('',(0.100800002956432,-0.0259289955896881,0.312925437011257));
#14242=CARTESIAN_POINT('',(0.100800003941902,-0.0230411228488372,0.313737958415686));
#14243=CARTESIAN_POINT('',(0.100800002956432,-0.0149540652090711,0.284994846930545));
#14244=CARTESIAN_POINT('',(0.100800004434637,-0.0212462584767212,0.307358631218269));
#14245=CARTESIAN_POINT('',(0.100800002956432,-0.018358385735871,0.308171152622698));
#14246=CARTESIAN_POINT('',(0.100800004434637,-0.0181155522635322,0.30518099678985));
#14247=CARTESIAN_POINT('',(0.100800002956432,0.108464554527246,0.315460690752082));
#14248=CARTESIAN_POINT('',(0.100800004927372,-0.0143108820642181,0.305489977768519));
#14249=CARTESIAN_POINT('',(0.100800002956432,-0.0145537155365571,0.308480133601366));
#14250=CARTESIAN_POINT('',(0.100800004927372,-0.0115725789068111,0.308144240173647));
#14251=CARTESIAN_POINT('',(0.100800002956432,-0.00879474722511914,0.332798178280677));
#14252=CARTESIAN_POINT('',(0.100800004927372,-0.0108305884275992,0.314729587828459));
#14253=CARTESIAN_POINT('',(0.100800002956432,-0.00784945179785318,0.314393694400739));
#14254=CARTESIAN_POINT('',(0.100800002956432,-0.00799425140516314,0.317390197875411));
#14255=CARTESIAN_POINT('',(0.100800002956432,0.00552037861049287,0.0377165402393365));
#14256=CARTESIAN_POINT('',(0.100800002956432,-0.0074375415722982,0.317416544358995));
#14257=CARTESIAN_POINT('',(0.100800002956432,0.0154324981211019,0.269926417885683));
#14258=CARTESIAN_POINT('',(0.100800003941902,-0.0112006545296802,0.325230728884919));
#14259=CARTESIAN_POINT('',(0.100800002956432,0.00552037861049287,0.037716540239336));
#14260=CARTESIAN_POINT('',(0.100800003941902,0.0150682868452469,0.325558231226141));
#14261=CARTESIAN_POINT('',(0.100800002956432,0.0162862297938179,0.328257470088813));
#14262=CARTESIAN_POINT('',(0.100800002956432,0.0115011566012489,0.317652658478169));
#14263=CARTESIAN_POINT('',(0.100800002956432,0.00552037861049287,0.0377165402393365));
#14264=CARTESIAN_POINT('',(0.100800002956432,0.0309201072622729,0.316562113602832));
#14265=CARTESIAN_POINT('',(0.100800002956432,0.0427802845800479,0.279748171314987));
#14266=CARTESIAN_POINT('',(0.100800003941902,0.0282605496510538,0.324817369640522));
#14267=CARTESIAN_POINT('',(0.100800002956432,0.00552037861049287,0.037716540239336));
#14268=CARTESIAN_POINT('',(0.100800003941902,0.0543276488093639,0.321550738315496));
#14269=CARTESIAN_POINT('',(0.100800002956432,0.0556828582288189,0.32370754176254));
#14270=CARTESIAN_POINT('',(0.100800002956432,0.0497132864836209,0.314207022704317));
#14271=CARTESIAN_POINT('',(0.100800002956432,0.00552037861049287,0.0377165402393365));
#14272=CARTESIAN_POINT('',(0.100800002956432,-0.0508243525938821,0.314540529925034));
#14273=CARTESIAN_POINT('',(0.100800002956432,-0.0517243525938821,0.314540529925034));
#14274=CARTESIAN_POINT('',(0.100800002956432,-0.0518216044736031,0.31944006956549));
#14275=CARTESIAN_POINT('',(0.100800002956432,-0.0527216044736031,0.31944006956549));
#14276=CARTESIAN_POINT('',(0.100800002956432,-0.0528188563533241,0.324339609205945));
#14277=CARTESIAN_POINT('',(0.100800002956432,-0.0537188563533241,0.324339609205945));
#14278=CARTESIAN_POINT('',(0.100800002956432,-0.0166584118631641,0.310817439639405));
#14279=CARTESIAN_POINT('',(0.100800002956432,-0.0166584118631641,0.313417439639405));
#14280=CARTESIAN_POINT('',(0.100800002956432,0.0581373125763179,0.30661700186043));
#14281=CARTESIAN_POINT('',(0.100800002956432,0.0581373125763179,0.30921700186043));
#14282=CARTESIAN_POINT('',(0.0955000059128418,0.0595303072312399,0.303797017457274));
#14283=CARTESIAN_POINT('',(0.0955000029564325,0.0595303072312399,0.303797017457274));
#14284=CARTESIAN_POINT('',(0.0955000059128418,0.0623090481012948,0.302666265858961));
#14285=CARTESIAN_POINT('',(0.0955000059128418,0.0623090481012948,0.302666265858961));
#14286=CARTESIAN_POINT('',(0.0955000029564325,0.102996119458311,0.305528937163321));
#14287=CARTESIAN_POINT('',(0.0955000029564325,0.00552037861049287,0.0377165402393365));
#14288=CARTESIAN_POINT('',(0.0955000033566931,0.0497132866795538,0.314207023016143));
#14289=CARTESIAN_POINT('',(0.0955000029564325,0.00552037861049287,0.037716540239336));
#14290=CARTESIAN_POINT('',(0.0955000033566931,0.0309201071493438,0.316562113953363));
#14291=CARTESIAN_POINT('',(0.0955000029564325,0.00552037861049287,0.0377165402393365));
#14292=CARTESIAN_POINT('',(0.0955000033566931,0.0115011567527148,0.317652658813853));
#14293=CARTESIAN_POINT('',(0.0955000029564325,0.00552037861049287,0.037716540239336));
#14294=CARTESIAN_POINT('',(0.0955000033566931,-0.00743754173208517,0.317416544690797));
#14295=CARTESIAN_POINT('',(0.0955000029564325,0.00552037861049287,0.0377165402393365));
#14296=CARTESIAN_POINT('',(0.0955000029564325,-0.00799425140516314,0.317390197875412));
#14297=CARTESIAN_POINT('',(0.0955000029564325,-0.00784945179785318,0.314393694400739));
#14298=CARTESIAN_POINT('',(0.0955000059128418,-0.0108305884275992,0.314729587828459));
#14299=CARTESIAN_POINT('',(0.0955000059128418,-0.0105460185502311,0.317255215349374));
#14300=CARTESIAN_POINT('',(0.0955000059128418,-0.0115725789068111,0.308144240173647));
#14301=CARTESIAN_POINT('',(0.0955000029564325,-0.0145537155365571,0.308480133601366));
#14302=CARTESIAN_POINT('',(0.0955000059128418,-0.0143108820642181,0.305489977768519));
#14303=CARTESIAN_POINT('',(0.0955000059128418,-0.0118491166131472,0.305689900142464));
#14304=CARTESIAN_POINT('',(0.0955000059128418,-0.0181155522635322,0.30518099678985));
#14305=CARTESIAN_POINT('',(0.0955000029564325,-0.018358385735871,0.308171152622698));
#14306=CARTESIAN_POINT('',(0.0955000059128418,-0.0212462584767212,0.307358631218269));
#14307=CARTESIAN_POINT('',(0.0955000059128418,-0.0205773177146031,0.304981074415906));
#14308=CARTESIAN_POINT('',(0.0955000059128418,-0.0230411228488372,0.313737958415686));
#14309=CARTESIAN_POINT('',(0.0955000029564325,-0.0259289955896881,0.312925437011257));
#14310=CARTESIAN_POINT('',(0.0955000029564325,-0.0262696025304842,0.31590603878135));
#14311=CARTESIAN_POINT('',(0.0955000029564325,0.00552037861049287,0.0377165402393365));
#14312=CARTESIAN_POINT('',(0.0955000033566931,-0.0268232683313512,0.31584221092123));
#14313=CARTESIAN_POINT('',(0.0955000029564325,0.00552037861049287,0.037716540239336));
#14314=CARTESIAN_POINT('',(0.0955000029564325,-0.0453552344780321,0.313055734675703));
#14315=CARTESIAN_POINT('',(0.0955000029564325,-0.0435987171229571,0.303587306706718));
#14316=CARTESIAN_POINT('',(0.0955000029564325,-0.0481277298583152,0.328000746591869));
#14317=CARTESIAN_POINT('',(0.0955000029564325,0.00552037861049287,0.037716540239335));
#14318=CARTESIAN_POINT('',(0.0955000029564325,-0.0583725954240341,0.325919121541142));
#14319=CARTESIAN_POINT('',(0.0955000029564325,-0.0464965545556421,0.272349763006247));
#14320=CARTESIAN_POINT('',(0.0955000029564325,-0.0594115055709372,0.330605342375318));
#14321=CARTESIAN_POINT('',(0.0955000029564325,0.00552037861049287,0.037716540239336));
#14322=CARTESIAN_POINT('',(0.0955000029564325,0.108126421608195,0.319624326475109));
#14323=CARTESIAN_POINT('',(0.0955000029564325,0.0670840044091138,0.206861211980801));
#14324=CARTESIAN_POINT('',(0.0955000029564325,0.1442185175715,0.298786545155077));
#14325=CARTESIAN_POINT('',(0.0955000029564325,0.1442185175715,0.298786545155077));
#14326=CARTESIAN_POINT('',(0.0955,0.140679162169723,0.28906224610927));
#14327=CARTESIAN_POINT('',(0.0955000029564325,0.220993055402175,0.629722896249328));
#14328=CARTESIAN_POINT('',(0.0955000029564325,0.101286018741682,0.300830474059391));
#14329=CARTESIAN_POINT('',(0.0955000029564325,0.00552037861049287,0.0377165402393365));
#14330=CARTESIAN_POINT('',(0.0955000029564325,0.0870956498339608,0.305569998542227));
#14331=CARTESIAN_POINT('',(0.0955000029564325,0.00552037861049287,0.0377165402393365));
#14332=CARTESIAN_POINT('',(0.0955000029564325,0.0688008505078648,0.310472075245405));
#14333=CARTESIAN_POINT('',(0.0955000029564325,0.00552037861049287,0.0377165402393365));
#14334=CARTESIAN_POINT('',(0.0955000029564325,0.0682578124302859,0.310597493033238));
#14335=CARTESIAN_POINT('',(0.0955000029564325,0.0675856256393588,0.307673768539018));
#14336=CARTESIAN_POINT('',(0.0955000059128418,0.0648068847693048,0.308804520137331));
#14337=CARTESIAN_POINT('',(0.0955000059128418,0.0657648607733298,0.311158677388923));
#14338=CARTESIAN_POINT('',(0.0955000059128418,-0.0166584118631641,0.310817439639405));
#14339=CARTESIAN_POINT('',(0.0955000059128418,-0.0192584118631642,0.310817439639405));
#14340=CARTESIAN_POINT('',(0.0955000059128418,0.0581373125763179,0.30661700186043));
#14341=CARTESIAN_POINT('',(0.0955000059128418,0.0555373125763179,0.30661700186043));
#14342=CARTESIAN_POINT('',(0.0955000059128418,0.0613781115969519,0.300378556236528));
#14343=CARTESIAN_POINT('',(0.0994000029564322,0.0648068847693048,0.308804520137331));
#14344=CARTESIAN_POINT('',(0.0994000029564322,0.0675856256393588,0.307673768539018));
#14345=CARTESIAN_POINT('',(0.0994000029564322,0.0682578124302859,0.310597493033238));
#14346=CARTESIAN_POINT('',(0.0994000029564322,-0.0259289955896881,0.312925437011257));
#14347=CARTESIAN_POINT('',(0.0994000029564322,-0.0262696025304842,0.31590603878135));
#14348=CARTESIAN_POINT('',(0.0994000029564322,-0.0230411228488372,0.313737958415686));
#14349=CARTESIAN_POINT('',(0.0955000059128418,-0.0237294933179672,0.316184572501874));
#14350=CARTESIAN_POINT('',(0.0955000059128418,-0.0212462584767212,0.307358631218269));
#14351=CARTESIAN_POINT('',(0.0955000059128418,-0.018358385735871,0.308171152622698));
#14352=CARTESIAN_POINT('',(0.0955000059128418,-0.0181155522635322,0.30518099678985));
#14353=CARTESIAN_POINT('',(0.0955000059128418,-0.0205773177146031,0.304981074415906));
#14354=CARTESIAN_POINT('',(0.0955000059128418,-0.0143108820642181,0.305489977768519));
#14355=CARTESIAN_POINT('',(0.0994000029564322,-0.00784945179785318,0.314393694400739));
#14356=CARTESIAN_POINT('',(0.0994000029564322,-0.00799425140516314,0.317390197875412));
#14357=CARTESIAN_POINT('',(0.0994000029564322,-0.0108305884275992,0.314729587828459));
#14358=CARTESIAN_POINT('',(0.0955000059128418,-0.0118491166131472,0.305689900142464));
#14359=CARTESIAN_POINT('',(0.0955000059128418,-0.0115725789068111,0.308144240173647));
#14360=CARTESIAN_POINT('',(0.0955000059128418,-0.0145537155365571,0.308480133601366));
#14361=CARTESIAN_POINT('',(0.0955000059128418,0.0581373125763179,0.30661700186043));
#14362=CARTESIAN_POINT('',(0.0994000029564322,0.00552037861049287,0.0377165402393365));
#14363=CARTESIAN_POINT('',(0.0994000029564322,0.0497132864836209,0.314207022704317));
#14364=CARTESIAN_POINT('',(0.0994000029564322,0.00552037861049287,0.0377165402393365));
#14365=CARTESIAN_POINT('',(0.0994000029564322,0.0688008505078648,0.310472075245405));
#14366=CARTESIAN_POINT('',(0.0955000059128418,-0.0166584118631641,0.310817439639405));
#14367=CARTESIAN_POINT('',(0.0994000029564322,0.00552037861049287,0.0377165402393365));
#14368=CARTESIAN_POINT('',(0.0994000029564322,-0.0268232684355061,0.315842210567993));
#14369=CARTESIAN_POINT('',(0.0994000029564322,0.00552037861049287,0.0377165402393365));
#14370=CARTESIAN_POINT('',(0.0994000029564322,-0.00743754157229721,0.317416544358995));
#14371=CARTESIAN_POINT('',(0.1295,-0.0528188563533241,0.324339609205945));
#14372=CARTESIAN_POINT('',(0.0985000029564325,-0.0528188563533241,0.324339609205945));
#14373=CARTESIAN_POINT('',(0.0985000029564325,-0.0537188563533241,0.324339609205945));
#14374=CARTESIAN_POINT('',(0.1295,-0.0518216044736031,0.31944006956549));
#14375=CARTESIAN_POINT('',(0.0985000029564325,-0.0518216044736031,0.31944006956549));
#14376=CARTESIAN_POINT('',(0.0985000029564325,-0.0527216044736031,0.31944006956549));
#14377=CARTESIAN_POINT('',(0.1295,-0.0508243525938821,0.314540529925034));
#14378=CARTESIAN_POINT('',(0.0985000029564325,-0.0508243525938821,0.314540529925034));
#14379=CARTESIAN_POINT('',(0.0985000029564325,-0.0517243525938821,0.314540529925034));
#14380=CARTESIAN_POINT('',(0.0955000029564325,-0.0481277298583152,0.328000746591869));
#14381=CARTESIAN_POINT('',(0.0955000029564325,-0.0453552344780321,0.313055734675703));
#14382=CARTESIAN_POINT('',(0.0985000029564325,-0.0453552344780321,0.313055734675704));
#14383=CARTESIAN_POINT('',(0.0985000029564325,-0.0453552344780321,0.313055734675703));
#14384=CARTESIAN_POINT('',(0.0985000029564325,-0.0481277298583152,0.328000746591869));
#14385=CARTESIAN_POINT('',(0.0955000029564325,-0.0481277298583152,0.328000746591869));
#14386=CARTESIAN_POINT('',(0.0955000029564325,0.00552037861049287,0.037716540239335));
#14387=CARTESIAN_POINT('',(0.0985000029564325,0.00552037861049287,0.037716540239335));
#14388=CARTESIAN_POINT('',(0.0985000029564325,-0.0583725954240341,0.325919121541142));
#14389=CARTESIAN_POINT('',(0.0955000029564325,-0.0583725954240341,0.325919121541142));
#14390=CARTESIAN_POINT('',(0.0994000029564322,0.00552037861049287,0.0377165402393365));
#14391=CARTESIAN_POINT('',(0.0994000029564322,-0.0455518923527261,0.313019324712469));
#14392=CARTESIAN_POINT('',(0.0985000029564325,-0.0455518923527261,0.313019324712469));
#14393=CARTESIAN_POINT('',(0.0955000034901133,-0.0455518926242541,0.313019325121594));
#14394=CARTESIAN_POINT('',(0.0985000029564325,0.00552037861049287,0.0377165402393365));
#14395=CARTESIAN_POINT('',(0.095500005912842,0.00552037861049287,0.037716540239336));
#14396=CARTESIAN_POINT('',(0.0985000029564325,-0.0518639149510331,0.319540084412394));
#14397=CARTESIAN_POINT('',(0.0985000029564325,0.00552037861049287,0.0377165402393365));
#14398=CARTESIAN_POINT('',(0.0985000029564325,-0.0550827132921751,0.311079422232919));
#14399=CARTESIAN_POINT('',(0.0985000029564325,-0.0516041910603391,0.295388822421599));
#14400=CARTESIAN_POINT('',(0.,-0.0464886418266032,0.272314070992083));
#14401=CARTESIAN_POINT('',(0.0994000029564322,-0.0550827132921751,0.311079422232919));
#14402=CARTESIAN_POINT('',(0.102050002956432,-0.0585453713599062,0.326698463424305));
#14403=CARTESIAN_POINT('',(0.103300002956432,-0.0588003959809472,0.32784880515108));
#14404=CARTESIAN_POINT('',(0.103300002956432,-0.0446326256586561,0.263942123080389));
#14405=CARTESIAN_POINT('',(0.103300002956432,-0.0587621867291232,0.327676454353957));
#14406=CARTESIAN_POINT('',(0.104300002956432,-0.0589786263430611,0.328652750361077));
#14407=CARTESIAN_POINT('',(0.105300002956432,-0.0591950659569991,0.329629046368197));
#14408=CARTESIAN_POINT('',(0.105300002956432,-0.0478656294476201,0.278525260763644));
#14409=CARTESIAN_POINT('',(0.105300002956432,-0.0594115055709362,0.330605342375317));
#14410=CARTESIAN_POINT('',(0.104550002956432,-0.0594115055709372,0.330605342375317));
#14411=CARTESIAN_POINT('',(0.103800002956432,-0.0594115055709372,0.330605342375317));
#14412=CARTESIAN_POINT('',(0.103800002956432,-0.0477743577881551,0.27811356091315));
#14413=CARTESIAN_POINT('',(0.103800002956432,-0.0591950659569991,0.329629046368197));
#14414=CARTESIAN_POINT('',(0.102300002956432,-0.0591950659569991,0.329629046368197));
#14415=CARTESIAN_POINT('',(0.100800002956432,-0.0591950659569991,0.329629046368197));
#14416=CARTESIAN_POINT('',(0.100800002956432,-0.0478656294476201,0.278525260763644));
#14417=CARTESIAN_POINT('',(0.100800002956432,-0.0594115055709372,0.330605342375317));
#14418=CARTESIAN_POINT('',(0.0999000029564324,-0.0594115055709372,0.330605342375317));
#14419=CARTESIAN_POINT('',(0.0990000029564324,-0.0594115055709372,0.330605342375318));
#14420=CARTESIAN_POINT('',(0.0975000029564324,-0.0594115055709372,0.330605342375318));
#14421=CARTESIAN_POINT('',(0.0960000029564324,-0.0594115055709372,0.330605342375318));
#14422=CARTESIAN_POINT('',(0.0957500029564325,-0.0594115055709372,0.330605342375318));
#14423=CARTESIAN_POINT('',(0.100800002956432,0.108126421608195,0.319624326475108));
#14424=CARTESIAN_POINT('',(0.100800002956432,0.00552037861049287,0.0377165402393361));
#14425=CARTESIAN_POINT('',(0.100800002956432,0.10778440146487,0.318684633854322));
#14426=CARTESIAN_POINT('',(0.100800002956432,0.0667419842657879,0.205921519360014));
#14427=CARTESIAN_POINT('',(0.100800002956432,0.143876497428174,0.29784685253429));
#14428=CARTESIAN_POINT('',(0.100800002956432,0.143876497428174,0.29784685253429));
#14429=CARTESIAN_POINT('',(0.100800002956475,0.1442185175715,0.298786545155077));
#14430=CARTESIAN_POINT('',(0.100800002956432,0.0670840044091138,0.2068612119808));
#14431=CARTESIAN_POINT('',(0.100800002956432,0.108126421608195,0.319624326475108));
#14432=CARTESIAN_POINT('',(0.100800002956432,0.00552037861049287,0.0377165402393362));
#14433=CARTESIAN_POINT('',(0.100800002956432,0.0667419842657879,0.205921519360014));
#14434=CARTESIAN_POINT('',(0.103800002956432,0.0667419842657879,0.205921519360014));
#14435=CARTESIAN_POINT('',(0.103800002956432,0.10778440146487,0.318684633854322));
#14436=CARTESIAN_POINT('',(0.103800002956432,0.143876497428174,0.29784685253429));
#14437=CARTESIAN_POINT('',(0.103800002956432,0.143876497428174,0.29784685253429));
#14438=CARTESIAN_POINT('',(0.103800002956432,0.10778440146487,0.318684633854322));
#14439=CARTESIAN_POINT('',(0.103800002956432,0.10778440146487,0.318684633854322));
#14440=CARTESIAN_POINT('',(0.103800002956432,0.00552037861049287,0.0377165402393362));
#14441=CARTESIAN_POINT('',(0.103800002956432,0.108126421608195,0.319624326475108));
#14442=CARTESIAN_POINT('',(0.103800002956432,0.0670840044091138,0.2068612119808));
#14443=CARTESIAN_POINT('',(0.103800002956432,0.1442185175715,0.298786545155076));
#14444=CARTESIAN_POINT('',(0.103800002956432,0.1442185175715,0.298786545155076));
#14445=CARTESIAN_POINT('',(0.103800002956432,0.00552037861049287,0.0377165402393361));
#14446=CARTESIAN_POINT('',(0.105333713612975,0.107795931188256,0.318716311509589));
#14447=CARTESIAN_POINT('',(0.0996478495469434,0.10585125114546,0.313373347003947));
#14448=CARTESIAN_POINT('',(0.105333713612894,0.120850004082165,0.31396501754035));
#14449=CARTESIAN_POINT('',(0.0996478495468631,0.118905324039369,0.308622053034709));
#14450=CARTESIAN_POINT('',(0.106576509381346,0.133671310614684,0.307975887965597));
#14451=CARTESIAN_POINT('',(0.100890645315315,0.131726630571888,0.302632923459956));
#14452=CARTESIAN_POINT('',(0.108952156366085,0.145125607461973,0.301278754142327));
#14453=CARTESIAN_POINT('',(0.103266292300054,0.143180927419177,0.295935789636685));
#14454=CARTESIAN_POINT('',(0.103300002956432,0.10710036117812,0.316805248612786));
#14455=CARTESIAN_POINT('',(0.103300002956432,0.113506622111064,0.314473560320336));
#14456=CARTESIAN_POINT('',(0.103300002956432,0.125889301120316,0.308700013327905));
#14457=CARTESIAN_POINT('',(0.103300002956432,0.137142778595771,0.300959618809092));
#14458=CARTESIAN_POINT('',(0.103300002956432,0.142403548850461,0.296623547923223));
#14459=CARTESIAN_POINT('',(0.103300002956432,0.107100361178218,0.316805248612751));
#14460=CARTESIAN_POINT('',(0.103300002956432,0.142403629504246,0.296623645780874));
#14461=CARTESIAN_POINT('',(0.103300002956856,0.142403548850678,0.296623547923561));
#14462=CARTESIAN_POINT('',(0.103300002956856,0.142667478933751,0.296406009522574));
#14463=CARTESIAN_POINT('',(0.103300002956432,0.142930449727059,0.296187317617561));
#14464=CARTESIAN_POINT('',(0.103300002956432,0.143192457142078,0.29596746729225));
#14465=CARTESIAN_POINT('',(0.103300002956432,0.143192457141522,0.295967467292719));
#14466=CARTESIAN_POINT('',(0.103300002956432,0.143192457141522,0.295967467292719));
#14467=CARTESIAN_POINT('',(0.105300002956432,0.143876497428174,0.29784685253429));
#14468=CARTESIAN_POINT('',(0.105300002956432,0.107784401464772,0.318684633854358));
#14469=CARTESIAN_POINT('',(0.105300002956432,0.114352169850916,0.316294161656333));
#14470=CARTESIAN_POINT('',(0.105300002956432,0.127039717515956,0.310344341310729));
#14471=CARTESIAN_POINT('',(0.105300002956432,0.138522268809618,0.302339583793416));
#14472=CARTESIAN_POINT('',(0.105300002956432,0.143876497428743,0.297846852533812));
#14473=CARTESIAN_POINT('',(0.105300002956432,0.10778440146487,0.318684633854322));
#14474=CARTESIAN_POINT('',(0.103300002956432,0.107100361178218,0.316805248612751));
#14475=CARTESIAN_POINT('',(0.0990000029564324,0.108126421608196,0.319624326475109));
#14476=CARTESIAN_POINT('',(0.0990000029564324,0.128009601122259,0.312387440969418));
#14477=CARTESIAN_POINT('',(0.0990000029564324,0.1442185175715,0.298786545155077));
#14478=CARTESIAN_POINT('',(0.0990000029564323,0.107613391393206,0.31821478754393));
#14479=CARTESIAN_POINT('',(0.0990000029564323,0.127496570907272,0.310977902038239));
#14480=CARTESIAN_POINT('',(0.0990000029564323,0.143705487356511,0.297377006223898));
#14481=CARTESIAN_POINT('',(0.0975000029564324,0.107613391393207,0.31821478754393));
#14482=CARTESIAN_POINT('',(0.0975000029564324,0.127496570907271,0.310977902038239));
#14483=CARTESIAN_POINT('',(0.0975000029564324,0.143705487356511,0.297377006223898));
#14484=CARTESIAN_POINT('',(0.0960000029564324,0.107613391393206,0.31821478754393));
#14485=CARTESIAN_POINT('',(0.0960000029564325,0.127496570907272,0.310977902038239));
#14486=CARTESIAN_POINT('',(0.0960000029564324,0.143705487356511,0.297377006223898));
#14487=CARTESIAN_POINT('',(0.0960000029564324,0.108126421608196,0.319624326475109));
#14488=CARTESIAN_POINT('',(0.0960000029564324,0.128009601122259,0.312387440969418));
#14489=CARTESIAN_POINT('',(0.0960000029564324,0.1442185175715,0.298786545155077));
#14490=CARTESIAN_POINT('',(0.0990000029564324,0.0670840044091138,0.2068612119808));
#14491=CARTESIAN_POINT('',(0.0990000029564324,0.108126421608196,0.319624326475109));
#14492=CARTESIAN_POINT('',(0.0990000029564324,0.1442185175715,0.298786545155077));
#14493=CARTESIAN_POINT('',(0.0975000029564324,0.1442185175715,0.298786545155077));
#14494=CARTESIAN_POINT('',(0.0960000029564324,0.1442185175715,0.298786545155077));
#14495=CARTESIAN_POINT('',(0.0960000029564324,0.0670840044091138,0.2068612119808));
#14496=CARTESIAN_POINT('',(0.0960000029564324,0.108126421608196,0.319624326475109));
#14497=CARTESIAN_POINT('',(0.0975000029564324,0.108126421608196,0.319624326475109));
#14498=CARTESIAN_POINT('',(0.0990000029564324,0.0670840044091138,0.2068612119808));
#14499=CARTESIAN_POINT('',(0.100800002956432,0.108126421608195,0.319624326475108));
#14500=CARTESIAN_POINT('',(0.100800002956432,0.1442185175715,0.298786545155076));
#14501=CARTESIAN_POINT('',(0.0990000029564324,0.0670840044091138,0.2068612119808));
#14502=CARTESIAN_POINT('',(0.105300002956432,0.108126421608195,0.319624326475108));
#14503=CARTESIAN_POINT('',(0.105300002956432,0.108126421608195,0.319624326475108));
#14504=CARTESIAN_POINT('',(0.105300002956432,0.0670840044091138,0.2068612119808));
#14505=CARTESIAN_POINT('',(0.105300002956432,0.1442185175715,0.298786545155077));
#14506=CARTESIAN_POINT('',(0.105300002956432,0.1442185175715,0.298786545155076));
#14507=CARTESIAN_POINT('',(0.0990000029564324,0.0670840044091138,0.2068612119808));
#14508=CARTESIAN_POINT('',(0.0960000029564324,0.108126421608196,0.319624326475109));
#14509=CARTESIAN_POINT('',(0.0960000029564324,0.1442185175715,0.298786545155077));
#14510=CARTESIAN_POINT('',(0.102300002956432,0.00552037861049287,0.0377165402393365));
#14511=CARTESIAN_POINT('',(0.0999000029564324,0.00552037861049287,0.0377165402393365));
#14512=CARTESIAN_POINT('',(0.0990000029564324,0.00552037861049287,0.0377165402393362));
#14513=CARTESIAN_POINT('',(0.0975000029564324,0.00552037861049287,0.0377165402393365));
#14514=CARTESIAN_POINT('',(0.0960000029564324,0.00552037861049287,0.0377165402393362));
#14515=CARTESIAN_POINT('',(0.0999000029564324,0.00552037861049287,0.0377165402393365));
#14516=CARTESIAN_POINT('',(0.102050002956432,0.0670840044091138,0.206861211980801));
#14517=CARTESIAN_POINT('',(0.102050002956432,0.141646251205621,0.295721037472432));
#14518=CARTESIAN_POINT('',(0.103300002956432,0.0670840044091128,0.206861211980797));
#14519=CARTESIAN_POINT('',(0.103300002956432,0.107160739837871,0.316971137616764));
#14520=CARTESIAN_POINT('',(0.103300002956432,0.107160739837871,0.316971137616764));
#14521=CARTESIAN_POINT('',(0.100400002956432,0.141653366496557,0.291738850499183));
#14522=CARTESIAN_POINT('',(0.101541297747392,0.142587475835432,0.294305294815042));
#14523=CARTESIAN_POINT('',(0.103300002956432,0.143190860496235,0.295963080545846));
#14524=CARTESIAN_POINT('',(0.1295,0.140679162169723,0.28906224610927));
#14525=CARTESIAN_POINT('',(0.105300002956432,0.143876497428174,0.29784685253429));
#14526=CARTESIAN_POINT('',(0.103300002956432,0.139088215421615,0.284691155843289));
#14527=CARTESIAN_POINT('',(0.103300002956432,0.142403629504297,0.296623645780832));
#14528=CARTESIAN_POINT('',(0.103300002956432,0.127076475635878,0.30948465493882));
#14529=CARTESIAN_POINT('',(0.1295,0.220993055402175,0.629722896249328));
#14530=CARTESIAN_POINT('',(0.0994000029564322,0.101286018741682,0.300830474059391));
#14531=CARTESIAN_POINT('',(0.103300002956432,0.142403629504297,0.296623645780832));
#14532=CARTESIAN_POINT('',(0.1295,-0.0243703476117911,0.32416120240972));
#14533=CARTESIAN_POINT('',(0.108000005912842,-0.0297983830450111,0.30575221747674));
#14534=CARTESIAN_POINT('',(0.108,-0.0297983830450111,0.30575221747674));
#14535=CARTESIAN_POINT('',(0.105147385809038,-0.0297983830450111,0.30575221747674));
#14536=CARTESIAN_POINT('',(0.105147385809038,-0.0297983830450113,0.30575221747674));
#14537=CARTESIAN_POINT('',(0.100424230089624,-0.0283369016037359,0.310708778678903));
#14538=CARTESIAN_POINT('',(0.0955000045574749,-0.0268232680188876,0.315842211980943));
#14539=CARTESIAN_POINT('',(0.100800005912841,-0.0243703476117911,0.32416120240972));
#14540=CARTESIAN_POINT('',(0.104477046389196,-0.0259770576506349,0.318712103696081));
#14541=CARTESIAN_POINT('',(0.108,-0.0275263852352959,0.313457615490697));
#14542=CARTESIAN_POINT('',(0.108,-0.0275263852352961,0.313457615490697));
#14543=CARTESIAN_POINT('',(0.108,-0.0266831593053221,0.316317385591862));
#14544=CARTESIAN_POINT('',(0.108500005912842,0.0772132541038929,0.305277994121409));
#14545=CARTESIAN_POINT('',(0.108500005912842,-0.0350936389225131,0.307172940385685));
#14546=CARTESIAN_POINT('',(0.108500005912842,-0.0328022332828382,0.308172670446484));
#14547=CARTESIAN_POINT('',(0.108500005912842,-0.0350936389225131,0.307172940385685));
#14548=CARTESIAN_POINT('',(0.108500005912842,-0.0361018574039701,0.306733059158933));
#14549=CARTESIAN_POINT('',(0.1295,-0.0383103004660521,0.302108052154181));
#14550=CARTESIAN_POINT('',(0.108000005912842,-0.0397348760000411,0.304254532123568));
#14551=CARTESIAN_POINT('',(0.105147385826514,-0.0397348760000411,0.304254532123568));
#14552=CARTESIAN_POINT('',(0.108,-0.0397348760000411,0.304254532123568));
#14553=CARTESIAN_POINT('',(0.108,-0.0393973965973431,0.303746034847932));
#14554=CARTESIAN_POINT('',(0.108,-0.0441771413090321,0.310947917821239));
#14555=CARTESIAN_POINT('',(0.108,-0.0441771413090339,0.310947917821239));
#14556=CARTESIAN_POINT('',(0.104477046389605,-0.047206424231113,0.31551229153026));
#14557=CARTESIAN_POINT('',(0.100800005912841,-0.0503479027214632,0.320245715973479));
#14558=CARTESIAN_POINT('',(0.0994000029564322,-0.0455518923527261,0.313019324712469));
#14559=CARTESIAN_POINT('',(0.095500004557475,-0.0455518931673112,0.313019325939845));
#14560=CARTESIAN_POINT('',(0.100424230099072,-0.0425924000146542,0.30856010800429));
#14561=CARTESIAN_POINT('',(0.105147385826514,-0.039734876000041,0.304254532123568));
#14562=CARTESIAN_POINT('',(0.104650005912841,0.00552037861049287,0.037716540239336));
#14563=CARTESIAN_POINT('',(0.108,0.00552037861049287,0.0377165402393359));
#14564=CARTESIAN_POINT('',(0.0955000029564325,-0.0350936389225131,0.307172940385685));
#14565=CARTESIAN_POINT('',(0.108,-0.0350936389225131,0.307172940385685));
#14566=CARTESIAN_POINT('',(0.108,-0.0328022332828382,0.308172670446484));
#14567=CARTESIAN_POINT('',(0.108,0.0783788983616598,0.302855709318026));
#14568=CARTESIAN_POINT('',(0.108,-0.0364020876276801,0.306466436657009));
#14569=CARTESIAN_POINT('',(0.108,-0.0357855807712361,0.302514232297926));
#14570=CARTESIAN_POINT('',(0.108,0.00552037861049287,0.0377165402393359));
#14571=CARTESIAN_POINT('',(0.108,-0.0330592597944432,0.302925159067128));
#14572=CARTESIAN_POINT('',(0.108,-0.033635075293024,0.306883496661573));
#14573=CARTESIAN_POINT('',(0.1295,-0.0350936389225131,0.307172940385685));
#14574=CARTESIAN_POINT('',(0.105500002956433,-0.0350936389225131,0.307172940385685));
#14575=CARTESIAN_POINT('',(0.105500002956433,-0.0361018574039701,0.306733059158933));
#14576=CARTESIAN_POINT('',(0.105500002956433,0.0760485684009319,0.300931327903108));
#14577=CARTESIAN_POINT('',(0.0994000029564322,0.00552037861049287,0.0377165402393365));
#14578=CARTESIAN_POINT('',(0.0994000029564322,0.0309201072622729,0.316562113602832));
#14579=CARTESIAN_POINT('',(0.0994000029564322,0.0115011566012489,0.317652658478169));
#14580=CARTESIAN_POINT('',(0.1295,0.0150682855928328,0.325558228450508));
#14581=CARTESIAN_POINT('',(0.108000005912842,0.00717463392092193,0.308064099200685));
#14582=CARTESIAN_POINT('',(0.108,0.00717463392092293,0.308064099200686));
#14583=CARTESIAN_POINT('',(0.105147385809038,0.00717463392092193,0.308064099200685));
#14584=CARTESIAN_POINT('',(0.105147385809038,0.00717463392092219,0.308064099200685));
#14585=CARTESIAN_POINT('',(0.100424230089624,0.0092999747674062,0.312774338392089));
#14586=CARTESIAN_POINT('',(0.0955000045574749,0.0115011572071133,0.317652659820901));
#14587=CARTESIAN_POINT('',(0.100800005912841,0.0150682855928328,0.325558228450508));
#14588=CARTESIAN_POINT('',(0.104477046389196,0.012731747900618,0.320379928965855));
#14589=CARTESIAN_POINT('',(0.108,0.0104786579144802,0.315386568596376));
#14590=CARTESIAN_POINT('',(0.108,0.0104786579144798,0.315386568596376));
#14591=CARTESIAN_POINT('',(0.108,0.0117049085264788,0.318104219132606));
#14592=CARTESIAN_POINT('',(0.108500005912842,0.0772132541038929,0.305277994121409));
#14593=CARTESIAN_POINT('',(0.108500005912842,0.00212330788324394,0.310195364940403));
#14594=CARTESIAN_POINT('',(0.108500005912842,0.00452986850061897,0.31087246611076));
#14595=CARTESIAN_POINT('',(0.108500005912842,0.00212330788324394,0.310195364940403));
#14596=CARTESIAN_POINT('',(0.108500005912842,0.00106442121159893,0.309897440425446));
#14597=CARTESIAN_POINT('',(0.1295,-0.00175554412068718,0.305617755147628));
#14598=CARTESIAN_POINT('',(0.108000005912842,-0.00287331417462317,0.307938828566876));
#14599=CARTESIAN_POINT('',(0.105147385826514,-0.00287331417462317,0.307938828566876));
#14600=CARTESIAN_POINT('',(0.108,-0.00287331417462317,0.307938828566876));
#14601=CARTESIAN_POINT('',(0.108,-0.00260851644283917,0.307388970414426));
#14602=CARTESIAN_POINT('',(0.108,-0.00635886549539217,0.315176650419031));
#14603=CARTESIAN_POINT('',(0.108,-0.00635886549539245,0.315176650419032));
#14604=CARTESIAN_POINT('',(0.104477046389605,-0.0087357431367771,0.320112287668212));
#14605=CARTESIAN_POINT('',(0.100800005912841,-0.0112006532084571,0.325230726141372));
#14606=CARTESIAN_POINT('',(0.095500004557475,-0.00743754221144973,0.317416545686205));
#14607=CARTESIAN_POINT('',(0.100424230099072,-0.00511542397907441,0.312594617520804));
#14608=CARTESIAN_POINT('',(0.105147385826514,-0.00287331417462334,0.307938828566876));
#14609=CARTESIAN_POINT('',(0.104650005912841,0.00552037861049287,0.037716540239336));
#14610=CARTESIAN_POINT('',(0.108,0.00552037861049287,0.037716540239336));
#14611=CARTESIAN_POINT('',(0.0955000029564325,0.00212330788324394,0.310195364940403));
#14612=CARTESIAN_POINT('',(0.108,0.00212330788324394,0.310195364940403));
#14613=CARTESIAN_POINT('',(0.108,0.00452986850061897,0.31087246611076));
#14614=CARTESIAN_POINT('',(0.108,0.0783788983616598,0.302855709318026));
#14615=CARTESIAN_POINT('',(0.108,0.000730561292836825,0.309674363531964));
#14616=CARTESIAN_POINT('',(0.108,0.000800999782801844,0.305674983777661));
#14617=CARTESIAN_POINT('',(0.108,0.00552037861049287,0.037716540239336));
#14618=CARTESIAN_POINT('',(0.108,0.00355790121513482,0.305709354849119));
#14619=CARTESIAN_POINT('',(0.108,0.00352861050774195,0.309709247604489));
#14620=CARTESIAN_POINT('',(0.1295,0.00212330788324394,0.310195364940403));
#14621=CARTESIAN_POINT('',(0.105500002956433,0.00212330788324394,0.310195364940403));
#14622=CARTESIAN_POINT('',(0.105500002956433,0.00106442121159893,0.309897440425446));
#14623=CARTESIAN_POINT('',(0.105500002956433,0.0760485684009319,0.300931327903108));
#14624=CARTESIAN_POINT('',(0.1295,0.0543276471892689,0.32155073573713));
#14625=CARTESIAN_POINT('',(0.108000005912842,0.0441165905706629,0.305299932136737));
#14626=CARTESIAN_POINT('',(0.108,0.0441165905706629,0.305299932136736));
#14627=CARTESIAN_POINT('',(0.105147385809038,0.0441165905706629,0.305299932136737));
#14628=CARTESIAN_POINT('',(0.105147385809038,0.0441165905706628,0.305299932136737));
#14629=CARTESIAN_POINT('',(0.100424230089624,0.0468658853988735,0.309675409813693));
#14630=CARTESIAN_POINT('',(0.0955000045574749,0.0497132872673537,0.314207023951619));
#14631=CARTESIAN_POINT('',(0.100800005912841,0.0543276471892689,0.32155073573713));
#14632=CARTESIAN_POINT('',(0.104477046389196,0.0513051527015003,0.316740463290448));
#14633=CARTESIAN_POINT('',(0.108,0.0483906043566395,0.312101986146969));
#14634=CARTESIAN_POINT('',(0.108,0.0483906043566399,0.312101986146969));
#14635=CARTESIAN_POINT('',(0.108,0.0499768555554709,0.314626490481428));
#14636=CARTESIAN_POINT('',(0.108500005912842,0.0772132541038929,0.305277994121409));
#14637=CARTESIAN_POINT('',(0.108500005912842,0.0394040381269349,0.308101724037884));
#14638=CARTESIAN_POINT('',(0.108500005912842,0.0418805681129675,0.308443483058659));
#14639=CARTESIAN_POINT('',(0.108500005912842,0.0394040381269349,0.308101724037884));
#14640=CARTESIAN_POINT('',(0.108500005912842,0.0383143649330805,0.307951350068743));
#14641=CARTESIAN_POINT('',(0.1295,0.0349358250311799,0.304097341936456));
#14642=CARTESIAN_POINT('',(0.108000005912842,0.0341458477203179,0.306549428305111));
#14643=CARTESIAN_POINT('',(0.105147385826514,0.0341458477203179,0.306549428305111));
#14644=CARTESIAN_POINT('',(0.108,0.0341458477203189,0.306549428305111));
#14645=CARTESIAN_POINT('',(0.108,0.034332991936019,0.305968533418661));
#14646=CARTESIAN_POINT('',(0.108,0.0316824551383168,0.31419578888778));
#14647=CARTESIAN_POINT('',(0.108,0.0316824551383168,0.31419578888778));
#14648=CARTESIAN_POINT('',(0.104477046389605,0.030002611058782,0.319410018096979));
#14649=CARTESIAN_POINT('',(0.100800005912841,0.0282605505848198,0.324817366742115));
#14650=CARTESIAN_POINT('',(0.095500004557475,0.0309201068105566,0.316562115004956));
#14651=CARTESIAN_POINT('',(0.100424230099072,0.0325612500047698,0.311468013186825));
#14652=CARTESIAN_POINT('',(0.105147385826514,0.0341458477203176,0.306549428305111));
#14653=CARTESIAN_POINT('',(0.104650005912841,0.00552037861049287,0.037716540239336));
#14654=CARTESIAN_POINT('',(0.108,0.00552037861049287,0.037716540239336));
#14655=CARTESIAN_POINT('',(0.0955000029564325,0.0394040381269349,0.308101724037884));
#14656=CARTESIAN_POINT('',(0.108,0.0394040381269349,0.308101724037884));
#14657=CARTESIAN_POINT('',(0.108,0.0418805681129675,0.308443483058659));
#14658=CARTESIAN_POINT('',(0.108,0.0783788983616598,0.302855709318026));
#14659=CARTESIAN_POINT('',(0.108,0.0379531438768308,0.307776007277949));
#14660=CARTESIAN_POINT('',(0.108,0.0374761914464428,0.303804544527381));
#14661=CARTESIAN_POINT('',(0.108,0.00552037861049287,0.037716540239336));
#14662=CARTESIAN_POINT('',(0.108,0.0402119097222169,0.303461714549473));
#14663=CARTESIAN_POINT('',(0.108,0.04072969376866,0.307428060434699));
#14664=CARTESIAN_POINT('',(0.1295,0.0394040381269349,0.308101724037884));
#14665=CARTESIAN_POINT('',(0.105500002956433,0.0394040381269349,0.308101724037884));
#14666=CARTESIAN_POINT('',(0.105500002956433,0.0383143649330805,0.307951350068743));
#14667=CARTESIAN_POINT('',(0.105500002956433,0.0760485684009319,0.300931327903108));
#14668=CARTESIAN_POINT('',(0.0994000029564322,0.00552037861049287,0.0377165402393365));
#14669=CARTESIAN_POINT('',(0.0994000029564322,0.0870956498339608,0.305569998542227));
#14670=CARTESIAN_POINT('',(0.1295,0.0926706029655029,0.312213968997553));
#14671=CARTESIAN_POINT('',(0.108000005912842,0.0803338643133688,0.297511616316574));
#14672=CARTESIAN_POINT('',(0.108,0.0803338643133688,0.297511616316574));
#14673=CARTESIAN_POINT('',(0.105147385809038,0.0803338643133688,0.297511616316574));
#14674=CARTESIAN_POINT('',(0.105147385809038,0.0803338643133685,0.297511616316574));
#14675=CARTESIAN_POINT('',(0.100424230089624,0.0836554923328933,0.301470178461328));
#14676=CARTESIAN_POINT('',(0.0955000045574749,0.0870956507808458,0.30556999967068));
#14677=CARTESIAN_POINT('',(0.100800005912841,0.0926706029655029,0.312213968997553));
#14678=CARTESIAN_POINT('',(0.104477046389196,0.0890189020724567,0.30786204131805));
#14679=CARTESIAN_POINT('',(0.108,0.0854976189611628,0.303665539499245));
#14680=CARTESIAN_POINT('',(0.108,0.0854976189611639,0.303665539499245));
#14681=CARTESIAN_POINT('',(0.108,0.0874140872765918,0.305949497510342));
#14682=CARTESIAN_POINT('',(0.108500005912842,0.0772132541038929,0.305277994121409));
#14683=CARTESIAN_POINT('',(0.108500005912842,0.0760485684009319,0.300931327903108));
#14684=CARTESIAN_POINT('',(0.108500005912842,0.0785485684009319,0.300931327903108));
#14685=CARTESIAN_POINT('',(0.108500005912842,0.0760485684009319,0.300931327903108));
#14686=CARTESIAN_POINT('',(0.108500005912842,0.0749485684009319,0.300931327903108));
#14687=CARTESIAN_POINT('',(0.1295,0.0710748894323659,0.297575359816109));
#14688=CARTESIAN_POINT('',(0.108000005912842,0.0706275374873959,0.300112418733113));
#14689=CARTESIAN_POINT('',(0.105147385826514,0.0706275374873959,0.300112418733113));
#14690=CARTESIAN_POINT('',(0.108,0.0706275374873959,0.300112418733113));
#14691=CARTESIAN_POINT('',(0.108,0.0707335143651269,0.299511394001541));
#14692=CARTESIAN_POINT('',(0.108,0.0692325563308079,0.308023749894556));
#14693=CARTESIAN_POINT('',(0.108,0.0692325563308075,0.308023749894556));
#14694=CARTESIAN_POINT('',(0.104477046389605,0.0682812865843297,0.313418668637877));
#14695=CARTESIAN_POINT('',(0.100800005912841,0.0672947846550119,0.319013399016408));
#14696=CARTESIAN_POINT('',(0.095500004557475,0.0688008502520648,0.310472076696117));
#14697=CARTESIAN_POINT('',(0.100424230099072,0.0697302042851641,0.305201448137912));
#14698=CARTESIAN_POINT('',(0.105147385826514,0.0706275374873959,0.300112418733113));
#14699=CARTESIAN_POINT('',(0.104650005912841,0.00552037861049287,0.037716540239336));
#14700=CARTESIAN_POINT('',(0.108,0.00552037861049287,0.037716540239336));
#14701=CARTESIAN_POINT('',(0.0955000029564325,0.0760485684009319,0.300931327903108));
#14702=CARTESIAN_POINT('',(0.108,0.0760485684009319,0.300931327903108));
#14703=CARTESIAN_POINT('',(0.108,0.0785485684009319,0.300931327903108));
#14704=CARTESIAN_POINT('',(0.108,0.0783788983616598,0.302855709318026));
#14705=CARTESIAN_POINT('',(0.108,0.0745667684977839,0.3008070114532));
#14706=CARTESIAN_POINT('',(0.108,0.073551380411206,0.296938033935349));
#14707=CARTESIAN_POINT('',(0.108,0.00552037861049287,0.037716540239336));
#14708=CARTESIAN_POINT('',(0.108,0.0762145496535049,0.296224439887571));
#14709=CARTESIAN_POINT('',(0.108,0.0772696865347439,0.300082766747993));
#14710=CARTESIAN_POINT('',(0.1295,0.0760485684009319,0.300931327903108));
#14711=CARTESIAN_POINT('',(0.105500002956433,0.0760485684009319,0.300931327903108));
#14712=CARTESIAN_POINT('',(0.105500002956433,0.0749485684009319,0.300931327903108));
#14713=CARTESIAN_POINT('',(0.105500002956433,0.0760485684009319,0.300931327903108));
#14714=CARTESIAN_POINT('',(0.108000005912842,0.0772696865347439,0.300082766747993));
#14715=CARTESIAN_POINT('',(0.105147385809037,0.0803338643133678,0.297511616316574));
#14716=CARTESIAN_POINT('',(0.105740300713706,0.0799168882749858,0.297014683622393));
#14717=CARTESIAN_POINT('',(0.106862385403324,0.0788258727617949,0.296161211849902));
#14718=CARTESIAN_POINT('',(0.107500005912841,0.0770691638767992,0.295990728483937));
#14719=CARTESIAN_POINT('',(0.107500005912841,0.0762145496535049,0.296224439887572));
#14720=CARTESIAN_POINT('',(0.107500005912842,0.0762145496535049,0.296224439887571));
#14721=CARTESIAN_POINT('',(0.108000005912842,0.0762145496535049,0.296224439887571));
#14722=CARTESIAN_POINT('',(0.108000005912842,0.00552037861049287,0.037716540239336));
#14723=CARTESIAN_POINT('',(0.108000005912842,0.073551380411206,0.296938033935349));
#14724=CARTESIAN_POINT('',(0.107500005912841,0.073551380411206,0.296938033935349));
#14725=CARTESIAN_POINT('',(0.107500005912842,0.00552037861049287,0.0377165402393358));
#14726=CARTESIAN_POINT('',(0.101500005912842,0.00552037861049287,0.037716540239336));
#14727=CARTESIAN_POINT('',(0.107500005912841,0.073551380411206,0.296938033935349));
#14728=CARTESIAN_POINT('',(0.107500005912841,0.0726947007344886,0.297162863966989));
#14729=CARTESIAN_POINT('',(0.106866375567998,0.0712625661525663,0.298183741781996));
#14730=CARTESIAN_POINT('',(0.105740508990469,0.0707402225519468,0.299473349984119));
#14731=CARTESIAN_POINT('',(0.105147385826513,0.0706275374873959,0.300112418733113));
#14732=CARTESIAN_POINT('',(0.108000005912842,0.0745667684977839,0.3008070114532));
#14733=CARTESIAN_POINT('',(0.108000005912842,0.04072969376866,0.307428060434699));
#14734=CARTESIAN_POINT('',(0.105147385809037,0.0441165905706618,0.305299932136737));
#14735=CARTESIAN_POINT('',(0.105740300713706,0.0437714615980396,0.30475066252044));
#14736=CARTESIAN_POINT('',(0.106862385403324,0.0428073612154726,0.303756057388342));
#14737=CARTESIAN_POINT('',(0.10750000591284,0.0410904500145883,0.303347026077839));
#14738=CARTESIAN_POINT('',(0.107500005912841,0.0402119097222169,0.303461714549473));
#14739=CARTESIAN_POINT('',(0.107500005912841,0.0402119097222169,0.303461714549473));
#14740=CARTESIAN_POINT('',(0.108000005912842,0.0402119097222169,0.303461714549473));
#14741=CARTESIAN_POINT('',(0.108000005912842,0.00552037861049287,0.037716540239336));
#14742=CARTESIAN_POINT('',(0.108000005912842,0.0374761914464428,0.303804544527381));
#14743=CARTESIAN_POINT('',(0.107500005912841,0.0374761914464428,0.30380454452738));
#14744=CARTESIAN_POINT('',(0.107500005912842,0.00552037861049287,0.0377165402393358));
#14745=CARTESIAN_POINT('',(0.101500005912842,0.00552037861049287,0.037716540239336));
#14746=CARTESIAN_POINT('',(0.10750000591284,0.0374761914464428,0.303804544527382));
#14747=CARTESIAN_POINT('',(0.10750000591284,0.0365968192067353,0.303910152650455));
#14748=CARTESIAN_POINT('',(0.106866375567997,0.0350385718313142,0.304725668493896));
#14749=CARTESIAN_POINT('',(0.105740508990469,0.0343448379008,0.305931763592029));
#14750=CARTESIAN_POINT('',(0.105147385826513,0.0341458477203189,0.306549428305111));
#14751=CARTESIAN_POINT('',(0.108000005912842,0.0379531438768308,0.307776007277949));
#14752=CARTESIAN_POINT('',(0.108000005912842,0.00352861050774195,0.309709247604489));
#14753=CARTESIAN_POINT('',(0.105147385809038,0.00717463392092193,0.308064099200685));
#14754=CARTESIAN_POINT('',(0.105740300713707,0.00690783215950563,0.307472805754724));
#14755=CARTESIAN_POINT('',(0.106862385403325,0.00608874886711762,0.306355741980093));
#14756=CARTESIAN_POINT('',(0.107500005912841,0.00444387209423698,0.30571584270151));
#14757=CARTESIAN_POINT('',(0.107500005912841,0.00355790121513482,0.305709354849119));
#14758=CARTESIAN_POINT('',(0.107500005912841,0.00355790121513482,0.305709354849118));
#14759=CARTESIAN_POINT('',(0.108000005912842,0.00355790121513482,0.305709354849119));
#14760=CARTESIAN_POINT('',(0.108000005912842,0.00552037861049287,0.037716540239336));
#14761=CARTESIAN_POINT('',(0.108000005912842,0.000800999782801844,0.305674983777661));
#14762=CARTESIAN_POINT('',(0.107500005912841,0.000800999782801844,0.30567498377766));
#14763=CARTESIAN_POINT('',(0.107500005912842,0.00552037861049287,0.0377165402393358));
#14764=CARTESIAN_POINT('',(0.101500005912842,0.00552037861049287,0.037716540239336));
#14765=CARTESIAN_POINT('',(0.107500005912841,0.000800999782801844,0.305674983777661));
#14766=CARTESIAN_POINT('',(0.107500005912841,-8.45539168975277E-5,0.305659387092869));
#14767=CARTESIAN_POINT('',(0.106866375567997,-0.00173965641568433,0.306254228830156));
#14768=CARTESIAN_POINT('',(0.105740508990469,-0.00259175512006415,0.307354165169262));
#14769=CARTESIAN_POINT('',(0.105147385826513,-0.00287331417462317,0.307938828566875));
#14770=CARTESIAN_POINT('',(0.108000005912842,0.000730561292836825,0.309674363531964));
#14771=CARTESIAN_POINT('',(0.108000005912842,-0.033635075293024,0.306883496661573));
#14772=CARTESIAN_POINT('',(0.105147385809038,-0.0297983830450111,0.30575221747674));
#14773=CARTESIAN_POINT('',(0.105740300713707,-0.0299818481223677,0.305130002333465));
#14774=CARTESIAN_POINT('',(0.106862385403324,-0.0306405352075261,0.303911453918215));
#14775=CARTESIAN_POINT('',(0.107500005912841,-0.0321824933277359,0.303052701427556));
#14776=CARTESIAN_POINT('',(0.107500005912841,-0.0330592597944432,0.302925159067129));
#14777=CARTESIAN_POINT('',(0.107500005912841,-0.0330592597944432,0.302925159067128));
#14778=CARTESIAN_POINT('',(0.108000005912842,-0.0330592597944432,0.302925159067128));
#14779=CARTESIAN_POINT('',(0.108000005912842,0.00552037861049287,0.037716540239336));
#14780=CARTESIAN_POINT('',(0.108000005912842,-0.0357855807712371,0.302514232297926));
#14781=CARTESIAN_POINT('',(0.107500005912841,-0.0357855807712361,0.302514232297925));
#14782=CARTESIAN_POINT('',(0.107500005912842,0.00552037861049287,0.0377165402393358));
#14783=CARTESIAN_POINT('',(0.101500005912842,0.00552037861049287,0.037716540239336));
#14784=CARTESIAN_POINT('',(0.107500005912841,-0.0357855807712371,0.302514232297926));
#14785=CARTESIAN_POINT('',(0.107500005912841,-0.0366606887647674,0.302377723648797));
#14786=CARTESIAN_POINT('',(0.106866375567997,-0.0383815701639106,0.302740722524824));
#14787=CARTESIAN_POINT('',(0.105740508990469,-0.0393760346273578,0.303713847687908));
#14788=CARTESIAN_POINT('',(0.105147385826513,-0.0397348760000402,0.304254532123568));
#14789=CARTESIAN_POINT('',(0.108000005912842,-0.0364020876276801,0.306466436657009));
#14790=CARTESIAN_POINT('',(0.0999000029564324,0.00552037861049287,0.0377165402393365));
#14791=CARTESIAN_POINT('',(0.105300002956432,0.00552037861049287,0.0377165402393362));
#14792=CARTESIAN_POINT('',(0.105300002956432,0.108126421608195,0.319624326475108));
#14793=CARTESIAN_POINT('',(0.105300002956432,0.00552037861049287,0.0377165402393361));
#14794=CARTESIAN_POINT('',(0.104300002956432,0.00552037861049287,0.0377165402393365));
#14795=CARTESIAN_POINT('',(0.103300002956432,0.00552037861049287,0.0377165402393363));
#14796=CARTESIAN_POINT('',(0.103300002956432,0.142403629504297,0.296623645780832));
#14797=CARTESIAN_POINT('',(0.103300002956432,0.00552037861049287,0.0377165402393358));
#14798=CARTESIAN_POINT('',(0.102050002956432,0.00552037861049287,0.037716540239336));
#14799=CARTESIAN_POINT('',(0.0994000029564322,0.00552037861049287,0.0377165402393365));
#14800=CARTESIAN_POINT('',(0.,0.,0.));
#14801=CARTESIAN_POINT('',(0.1295,-0.0350936389225131,0.307172940385685));
#14802=CARTESIAN_POINT('',(0.1195,-0.0350936389225131,0.307172940385685));
#14803=CARTESIAN_POINT('',(0.119500000031112,-0.0347204842522671,0.304700946131632));
#14804=CARTESIAN_POINT('',(0.119704652071939,-0.0359179221805787,0.304725446163333));
#14805=CARTESIAN_POINT('',(0.11939689664848,-0.0347068764651308,0.304599725236813));
#14806=CARTESIAN_POINT('',(0.119707761707489,-0.0335774774725393,0.305081329679199));
#14807=CARTESIAN_POINT('',(0.120374434995436,-0.0329032583598654,0.305852113623272));
#14808=CARTESIAN_POINT('',(0.121168342587103,-0.0325888935435144,0.306698685776157));
#14809=CARTESIAN_POINT('',(0.122007116885243,-0.0325748966108583,0.307547734220413));
#14810=CARTESIAN_POINT('',(0.122848923677189,-0.0328374698653502,0.30836083581475));
#14811=CARTESIAN_POINT('',(0.123638229326459,-0.0333881343469903,0.309079774363129));
#14812=CARTESIAN_POINT('',(0.124296854852063,-0.0342630423289762,0.309618970103088));
#14813=CARTESIAN_POINT('',(0.124601953050101,-0.035482600138545,0.309746640738982));
#14814=CARTESIAN_POINT('',(0.124295331340517,-0.0366109216671627,0.309263530449492));
#14815=CARTESIAN_POINT('',(0.123637242569207,-0.0372859848636754,0.308491263484993));
#14816=CARTESIAN_POINT('',(0.12284656312793,-0.0376002289045577,0.307640570444378));
#14817=CARTESIAN_POINT('',(0.122003968749902,-0.0376110213398489,0.306785472072424));
#14818=CARTESIAN_POINT('',(0.12115990074829,-0.037342984749081,0.305973611016622));
#14819=CARTESIAN_POINT('',(0.120371453291428,-0.0367947285722906,0.305262575243064));
#14820=CARTESIAN_POINT('',(0.119704652071939,-0.0359179221805787,0.304725446163333));
#14821=CARTESIAN_POINT('',(0.11939689664848,-0.0347068764651308,0.304599725236813));
#14822=CARTESIAN_POINT('',(0.119707761707489,-0.0335774774725393,0.305081329679199));
#14823=CARTESIAN_POINT('',(0.1295,0.00212330788324394,0.310195364940403));
#14824=CARTESIAN_POINT('',(0.1195,0.00212330788324394,0.310195364940403));
#14825=CARTESIAN_POINT('',(0.119500000031112,0.00215502884177182,0.307695566192345));
#14826=CARTESIAN_POINT('',(0.119704840990148,0.000971673197043412,0.307883711657484));
#14827=CARTESIAN_POINT('',(0.119396935288878,0.00215500583168147,0.307593477858038));
#14828=CARTESIAN_POINT('',(0.119707418227691,0.00333847652682586,0.307915774064435));
#14829=CARTESIAN_POINT('',(0.120373746084855,0.00411155842798029,0.308586811146537));
#14830=CARTESIAN_POINT('',(0.121164199574413,0.00453857315147562,0.309379007911839));
#14831=CARTESIAN_POINT('',(0.122009096784094,0.00466996477873872,0.310224300102265));
#14832=CARTESIAN_POINT('',(0.122848699291567,0.00452048006931298,0.311063456804748));
#14833=CARTESIAN_POINT('',(0.123638104797097,0.00407361936772338,0.31185102493282));
#14834=CARTESIAN_POINT('',(0.124296375158699,0.00328113767332875,0.312504410313764));
#14835=CARTESIAN_POINT('',(0.124601859388636,0.00209141609164111,0.312798000878831));
#14836=CARTESIAN_POINT('',(0.124296187188688,0.000907773569100546,0.312474631583043));
#14837=CARTESIAN_POINT('',(0.123638795030208,0.000133083891783848,0.311802592313659));
#14838=CARTESIAN_POINT('',(0.122848762710446,-0.000295096492713031,0.311003480587853));
#14839=CARTESIAN_POINT('',(0.122006391445102,-0.000423296122943783,0.310158095059927));
#14840=CARTESIAN_POINT('',(0.121163380765541,-0.000270286197215908,0.309318239266103));
#14841=CARTESIAN_POINT('',(0.120371810807643,0.000176426849181619,0.308535825164625));
#14842=CARTESIAN_POINT('',(0.119704840990148,0.000971673197043412,0.307883711657484));
#14843=CARTESIAN_POINT('',(0.119396935288878,0.00215500583168147,0.307593477858038));
#14844=CARTESIAN_POINT('',(0.119707418227691,0.00333847652682586,0.307915774064435));
#14845=CARTESIAN_POINT('',(0.1295,0.0394040381269349,0.308101724037884));
#14846=CARTESIAN_POINT('',(0.1195,0.0394040381269349,0.308101724037884));
#14847=CARTESIAN_POINT('',(0.119500000031112,0.0390937297793819,0.305621057045029));
#14848=CARTESIAN_POINT('',(0.119706334489546,0.0379439643177344,0.30597110330859));
#14849=CARTESIAN_POINT('',(0.119396512720877,0.0390806192352642,0.305519399181424));
#14850=CARTESIAN_POINT('',(0.119707615000297,0.0402959374174566,0.305677642235893));
#14851=CARTESIAN_POINT('',(0.120373079954436,0.0411531617177117,0.306235874113088));
#14852=CARTESIAN_POINT('',(0.121163839808984,0.0416848238553738,0.306962520148818));
#14853=CARTESIAN_POINT('',(0.122008210803251,0.0419307105290953,0.307781360809623));
#14854=CARTESIAN_POINT('',(0.1228489237815,0.041897248325409,0.308634207650894));
#14855=CARTESIAN_POINT('',(0.123636541666775,0.0415632711587885,0.309473529721312));
#14856=CARTESIAN_POINT('',(0.124295767108217,0.0408679360244314,0.310230032839146));
#14857=CARTESIAN_POINT('',(0.124601854866867,0.0397296887194457,0.31068409960988));
#14858=CARTESIAN_POINT('',(0.124296810072924,0.0385126877864166,0.310526245183582));
#14859=CARTESIAN_POINT('',(0.123639533719218,0.0376528556011058,0.309966601802033));
#14860=CARTESIAN_POINT('',(0.122849289675112,0.0371190112350211,0.309233364916157));
#14861=CARTESIAN_POINT('',(0.12200711590267,0.036876495250808,0.308413634290563));
#14862=CARTESIAN_POINT('',(0.121165562571662,0.0369125002818545,0.307562301946828));
#14863=CARTESIAN_POINT('',(0.120373161213856,0.0372478957763542,0.306725346444416));
#14864=CARTESIAN_POINT('',(0.119706334489546,0.0379439643177344,0.30597110330859));
#14865=CARTESIAN_POINT('',(0.119396512720877,0.0390806192352642,0.305519399181424));
#14866=CARTESIAN_POINT('',(0.119707615000297,0.0402959374174566,0.305677642235893));
#14867=CARTESIAN_POINT('',(0.1295,0.0760485684009319,0.300931327903108));
#14868=CARTESIAN_POINT('',(0.1195,0.0760485684009319,0.300931327903108));
#14869=CARTESIAN_POINT('',(0.1195,0.0754015207881748,0.298516513337386));
#14870=CARTESIAN_POINT('',(0.11970790528637,0.0743090492277217,0.299022426519531));
#14871=CARTESIAN_POINT('',(0.119395993678725,0.0753746958160934,0.29841705285792));
#14872=CARTESIAN_POINT('',(0.119708119998738,0.0766012922369543,0.298408442073101));
#14873=CARTESIAN_POINT('',(0.12037191302337,0.0775250909792324,0.298842979245368));
#14874=CARTESIAN_POINT('',(0.121165506528241,0.0781534114565677,0.299492423620122));
#14875=CARTESIAN_POINT('',(0.122008826348896,0.0785076971007628,0.300269213849656));
#14876=CARTESIAN_POINT('',(0.122848977168672,0.0785911642072823,0.301118036359904));
#14877=CARTESIAN_POINT('',(0.123638365299589,0.0783748759265318,0.301997027424287));
#14878=CARTESIAN_POINT('',(0.124298198830716,0.0777849659688622,0.302843336317612));
#14879=CARTESIAN_POINT('',(0.12460120498446,0.0767248243071423,0.303444091857523));
#14880=CARTESIAN_POINT('',(0.124296979636279,0.0754961450776987,0.303455350871992));
#14881=CARTESIAN_POINT('',(0.123636692453401,0.0745654392319948,0.303016019167555));
#14882=CARTESIAN_POINT('',(0.122845714821987,0.0739379436574679,0.302361475520878));
#14883=CARTESIAN_POINT('',(0.122007795398561,0.0735878317834884,0.301586422520105));
#14884=CARTESIAN_POINT('',(0.12116492078566,0.0735062902505481,0.300737011255034));
#14885=CARTESIAN_POINT('',(0.120371375574192,0.0737259420622679,0.299860405289493));
#14886=CARTESIAN_POINT('',(0.11970790528637,0.0743090492277217,0.299022426519531));
#14887=CARTESIAN_POINT('',(0.119395993678725,0.0753746958160934,0.29841705285792));
#14888=CARTESIAN_POINT('',(0.119708119998738,0.0766012922369543,0.298408442073101));
#14889=CARTESIAN_POINT('',(0.1295,-0.018358385735871,0.308171152622698));
#14890=CARTESIAN_POINT('',(0.1242,-0.018358385735871,0.308171152622698));
#14891=CARTESIAN_POINT('',(0.1242,-0.0181155522635322,0.30518099678985));
#14892=CARTESIAN_POINT('',(0.1242,-0.0212462584767212,0.307358631218269));
#14893=CARTESIAN_POINT('',(0.1295,-0.0181155522635322,0.30518099678985));
#14894=CARTESIAN_POINT('',(0.1295,-0.0181155522635322,0.30518099678985));
#14895=CARTESIAN_POINT('',(0.1295,-0.018358385735871,0.308171152622698));
#14896=CARTESIAN_POINT('',(0.1295,-0.0212462584767212,0.307358631218269));
#14897=CARTESIAN_POINT('',(0.1295,-0.0212462584767212,0.307358631218269));
#14898=CARTESIAN_POINT('',(0.1295,0.101286018741682,0.300830474059391));
#14899=CARTESIAN_POINT('',(0.1295,-0.0118491166131472,0.305689900142464));
#14900=CARTESIAN_POINT('',(0.1295,-0.0143108820642181,0.305489977768519));
#14901=CARTESIAN_POINT('',(0.1295,-0.0145537155365571,0.308480133601366));
#14902=CARTESIAN_POINT('',(0.1295,-0.0115725789068111,0.308144240173647));
#14903=CARTESIAN_POINT('',(0.1295,-0.0105460185502311,0.317255215349374));
#14904=CARTESIAN_POINT('',(0.1295,-0.0108305884275992,0.314729587828459));
#14905=CARTESIAN_POINT('',(0.1295,-0.00784945179785318,0.314393694400739));
#14906=CARTESIAN_POINT('',(0.1295,-0.00799425140516314,0.317390197875412));
#14907=CARTESIAN_POINT('',(0.1295,0.00552037861049287,0.0377165402393365));
#14908=CARTESIAN_POINT('',(0.1295,-0.00743754157229721,0.317416544358995));
#14909=CARTESIAN_POINT('',(0.1295,0.00552037861049287,0.0377165402393365));
#14910=CARTESIAN_POINT('',(0.1295,0.0115011566012489,0.317652658478169));
#14911=CARTESIAN_POINT('',(0.1295,0.00552037861049287,0.0377165402393365));
#14912=CARTESIAN_POINT('',(0.1295,0.0309201072622729,0.316562113602832));
#14913=CARTESIAN_POINT('',(0.1295,0.00552037861049287,0.0377165402393365));
#14914=CARTESIAN_POINT('',(0.1295,0.0497132864836219,0.314207022704317));
#14915=CARTESIAN_POINT('',(0.1295,0.00552037861049287,0.0377165402393365));
#14916=CARTESIAN_POINT('',(0.1295,0.0502635459716929,0.314118510157223));
#14917=CARTESIAN_POINT('',(0.1295,0.0497841548928229,0.311157060479531));
#14918=CARTESIAN_POINT('',(0.1295,0.0527841548928229,0.311157060479531));
#14919=CARTESIAN_POINT('',(0.1295,0.0527841548928229,0.302060173477646));
#14920=CARTESIAN_POINT('',(0.1295,0.0527841548928229,0.304530043533274));
#14921=CARTESIAN_POINT('',(0.1295,0.0557841548928229,0.304530043533274));
#14922=CARTESIAN_POINT('',(0.1295,0.0552080570756778,0.301585877895087));
#14923=CARTESIAN_POINT('',(0.1295,0.0613781115969519,0.300378556236528));
#14924=CARTESIAN_POINT('',(0.1295,0.0589542094140959,0.300852851819087));
#14925=CARTESIAN_POINT('',(0.1295,0.0595303072312399,0.303797017457274));
#14926=CARTESIAN_POINT('',(0.1295,0.0623090481012948,0.302666265858961));
#14927=CARTESIAN_POINT('',(0.1295,0.0657648607733298,0.311158677388923));
#14928=CARTESIAN_POINT('',(0.1295,0.0648068847693048,0.308804520137331));
#14929=CARTESIAN_POINT('',(0.1295,0.0675856256393588,0.307673768539018));
#14930=CARTESIAN_POINT('',(0.1295,0.0682578124302859,0.310597493033238));
#14931=CARTESIAN_POINT('',(0.1295,0.00552037861049287,0.0377165402393365));
#14932=CARTESIAN_POINT('',(0.1295,0.0688008505078648,0.310472075245405));
#14933=CARTESIAN_POINT('',(0.1295,0.00552037861049287,0.0377165402393365));
#14934=CARTESIAN_POINT('',(0.1295,0.0870956498339608,0.305569998542227));
#14935=CARTESIAN_POINT('',(0.1295,0.00552037861049287,0.0377165402393365));
#14936=CARTESIAN_POINT('',(0.1295,0.101286018741682,0.300830474059391));
#14937=CARTESIAN_POINT('',(0.1295,0.220993055402175,0.629722896249328));
#14938=CARTESIAN_POINT('',(0.1295,0.140679162169723,0.28906224610927));
#14939=CARTESIAN_POINT('',(0.1295,0.1442185175715,0.298786545155077));
#14940=CARTESIAN_POINT('',(0.1295,0.1442185175715,0.298786545155077));
#14941=CARTESIAN_POINT('',(0.1295,0.0670840044091138,0.206861211980801));
#14942=CARTESIAN_POINT('',(0.1295,0.108126421608195,0.319624326475109));
#14943=CARTESIAN_POINT('',(0.1295,0.00552037861049287,0.037716540239336));
#14944=CARTESIAN_POINT('',(0.1295,-0.0594115055709372,0.330605342375318));
#14945=CARTESIAN_POINT('',(0.1295,-0.0460401962583162,0.270291263753782));
#14946=CARTESIAN_POINT('',(0.1295,-0.0583725954240341,0.325919121541142));
#14947=CARTESIAN_POINT('',(0.1295,0.00552037861049287,0.037716540239335));
#14948=CARTESIAN_POINT('',(0.1295,-0.0481277298583152,0.328000746591869));
#14949=CARTESIAN_POINT('',(0.1295,-0.0418196033990951,0.293997074025928));
#14950=CARTESIAN_POINT('',(0.1295,-0.0453552344780321,0.313055734675704));
#14951=CARTESIAN_POINT('',(0.1295,0.00552037861049287,0.0377165402393365));
#14952=CARTESIAN_POINT('',(0.1295,-0.0268232684355061,0.315842210567993));
#14953=CARTESIAN_POINT('',(0.1295,0.00552037861049287,0.0377165402393365));
#14954=CARTESIAN_POINT('',(0.1295,-0.0262696025304842,0.31590603878135));
#14955=CARTESIAN_POINT('',(0.1295,-0.0259289955896881,0.312925437011257));
#14956=CARTESIAN_POINT('',(0.1295,-0.0230411228488372,0.313737958415686));
#14957=CARTESIAN_POINT('',(0.1295,-0.0205773177146031,0.304981074415906));
#14958=CARTESIAN_POINT('',(0.1295,0.0581373125763179,0.30661700186043));
#14959=CARTESIAN_POINT('',(0.1295,0.0555373125763179,0.30661700186043));
#14960=CARTESIAN_POINT('',(0.1295,-0.0166584118631641,0.310817439639405));
#14961=CARTESIAN_POINT('',(0.1295,-0.0192584118631642,0.310817439639405));
#14962=CARTESIAN_POINT('',(0.1295,-0.0237294933179672,0.316184572501874));
#14963=CARTESIAN_POINT('',(0.1256,-0.0230411228488372,0.313737958415686));
#14964=CARTESIAN_POINT('',(0.1242,-0.0230411228488372,0.313737958415686));
#14965=CARTESIAN_POINT('',(0.1242,-0.0205773177146031,0.304981074415906));
#14966=CARTESIAN_POINT('',(0.1256,-0.0259289955896881,0.312925437011257));
#14967=CARTESIAN_POINT('',(0.1256,-0.0262696025304842,0.31590603878135));
#14968=CARTESIAN_POINT('',(0.1242,-0.0262696025304842,0.31590603878135));
#14969=CARTESIAN_POINT('',(0.1242,-0.0259289955896881,0.312925437011257));
#14970=CARTESIAN_POINT('',(0.1256,-0.00784945179785318,0.314393694400739));
#14971=CARTESIAN_POINT('',(0.1242,-0.00784945179785318,0.314393694400739));
#14972=CARTESIAN_POINT('',(0.1242,-0.00799425140516314,0.317390197875412));
#14973=CARTESIAN_POINT('',(0.1242,-0.0108305884275992,0.314729587828459));
#14974=CARTESIAN_POINT('',(0.1256,-0.00799425140516314,0.317390197875412));
#14975=CARTESIAN_POINT('',(0.1256,-0.0108305884275992,0.314729587828459));
#14976=CARTESIAN_POINT('',(0.1295,-0.0118491166131472,0.305689900142464));
#14977=CARTESIAN_POINT('',(0.1295,-0.0115725789068111,0.308144240173647));
#14978=CARTESIAN_POINT('',(0.1242,-0.0115725789068111,0.308144240173646));
#14979=CARTESIAN_POINT('',(0.1242,-0.0105460185502311,0.317255215349374));
#14980=CARTESIAN_POINT('',(0.1295,-0.0145537155365571,0.308480133601366));
#14981=CARTESIAN_POINT('',(0.1242,-0.0145537155365571,0.308480133601366));
#14982=CARTESIAN_POINT('',(0.1242,-0.0143108820642181,0.305489977768519));
#14983=CARTESIAN_POINT('',(0.1295,-0.0143108820642181,0.305489977768519));
#14984=CARTESIAN_POINT('',(0.1256,0.0675856256393588,0.307673768539018));
#14985=CARTESIAN_POINT('',(0.1242,0.0675856256393588,0.307673768539018));
#14986=CARTESIAN_POINT('',(0.1242,0.0682578124302849,0.310597493033239));
#14987=CARTESIAN_POINT('',(0.1242,0.0648068847693048,0.308804520137331));
#14988=CARTESIAN_POINT('',(0.1256,0.0682578124302859,0.310597493033238));
#14989=CARTESIAN_POINT('',(0.1256,0.0648068847693048,0.308804520137331));
#14990=CARTESIAN_POINT('',(0.1295,0.0613781115969519,0.300378556236528));
#14991=CARTESIAN_POINT('',(0.1295,0.0623090481012948,0.302666265858961));
#14992=CARTESIAN_POINT('',(0.1242,0.0623090481012948,0.302666265858961));
#14993=CARTESIAN_POINT('',(0.1242,0.0657648607733298,0.311158677388923));
#14994=CARTESIAN_POINT('',(0.1256,0.0497841548928229,0.311157060479531));
#14995=CARTESIAN_POINT('',(0.1256,0.0502635459716929,0.314118510157223));
#14996=CARTESIAN_POINT('',(0.1242,0.0502635459716929,0.314118510157223));
#14997=CARTESIAN_POINT('',(0.1242,0.0497841548928229,0.311157060479531));
#14998=CARTESIAN_POINT('',(0.1242,0.0527841548928229,0.311157060479531));
#14999=CARTESIAN_POINT('',(0.1256,0.0527841548928229,0.311157060479531));
#15000=CARTESIAN_POINT('',(0.1295,0.0527841548928229,0.31369866910194));
#15001=CARTESIAN_POINT('',(0.1242,0.0527841548928229,0.302060173477646));
#15002=CARTESIAN_POINT('',(0.1242,0.0527841548928229,0.304530043533274));
#15003=CARTESIAN_POINT('',(0.1295,0.0527841548928229,0.304530043533274));
#15004=CARTESIAN_POINT('',(0.1295,0.0595303072312399,0.303797017457274));
#15005=CARTESIAN_POINT('',(0.1242,0.0595303072312399,0.303797017457274));
#15006=CARTESIAN_POINT('',(0.1242,0.0589542094140959,0.300852851819087));
#15007=CARTESIAN_POINT('',(0.1295,0.0589542094140959,0.300852851819087));
#15008=CARTESIAN_POINT('',(0.1295,0.0557841548928229,0.304530043533274));
#15009=CARTESIAN_POINT('',(0.1242,0.0557841548928229,0.304530043533274));
#15010=CARTESIAN_POINT('',(0.1242,0.0552080570756778,0.301585877895087));
#15011=CARTESIAN_POINT('',(0.1295,0.0552080570756778,0.301585877895087));
#15012=CARTESIAN_POINT('',(0.1295,0.0581373125763179,0.30661700186043));
#15013=CARTESIAN_POINT('',(0.1242,0.0581373125763179,0.30661700186043));
#15014=CARTESIAN_POINT('',(0.1242,0.0555373125763179,0.30661700186043));
#15015=CARTESIAN_POINT('',(0.1295,0.0527841548928229,0.302060173477646));
#15016=CARTESIAN_POINT('',(0.1242,0.0613781115969519,0.300378556236528));
#15017=CARTESIAN_POINT('',(0.1256,0.00552037861049287,0.0377165402393365));
#15018=CARTESIAN_POINT('',(0.1242,0.00552037861049287,0.0377165402393365));
#15019=CARTESIAN_POINT('',(0.1242,0.0688008505078648,0.310472075245405));
#15020=CARTESIAN_POINT('',(0.1256,0.0688008505078648,0.310472075245405));
#15021=CARTESIAN_POINT('',(0.1295,-0.0166584118631641,0.310817439639405));
#15022=CARTESIAN_POINT('',(0.1242,-0.0166584118631641,0.310817439639405));
#15023=CARTESIAN_POINT('',(0.1242,-0.0192584118631642,0.310817439639405));
#15024=CARTESIAN_POINT('',(0.1295,-0.0205773177146031,0.304981074415906));
#15025=CARTESIAN_POINT('',(0.1242,-0.0118491166131472,0.305689900142464));
#15026=CARTESIAN_POINT('',(0.1256,0.00552037861049287,0.0377165402393365));
#15027=CARTESIAN_POINT('',(0.1242,0.00552037861049287,0.0377165402393365));
#15028=CARTESIAN_POINT('',(0.1242,-0.0074375415722982,0.317416544358995));
#15029=CARTESIAN_POINT('',(0.1256,-0.00743754157229721,0.317416544358995));
#15030=CARTESIAN_POINT('',(0.1295,-0.0528188563533241,0.324339609205945));
#15031=CARTESIAN_POINT('',(0.1265,-0.0528188563533241,0.324339609205945));
#15032=CARTESIAN_POINT('',(0.1265,-0.0537188563533241,0.324339609205945));
#15033=CARTESIAN_POINT('',(0.1242,-0.0528188563533241,0.324339609205945));
#15034=CARTESIAN_POINT('',(0.1242,-0.0537188563533241,0.324339609205945));
#15035=CARTESIAN_POINT('',(0.1295,-0.0518216044736031,0.31944006956549));
#15036=CARTESIAN_POINT('',(0.1265,-0.0518216044736031,0.31944006956549));
#15037=CARTESIAN_POINT('',(0.1265,-0.0527216044736031,0.31944006956549));
#15038=CARTESIAN_POINT('',(0.1242,-0.0518216044736031,0.31944006956549));
#15039=CARTESIAN_POINT('',(0.1242,-0.0527216044736031,0.31944006956549));
#15040=CARTESIAN_POINT('',(0.1295,-0.0508243525938821,0.314540529925034));
#15041=CARTESIAN_POINT('',(0.1265,-0.0508243525938821,0.314540529925034));
#15042=CARTESIAN_POINT('',(0.1265,-0.0517243525938821,0.314540529925034));
#15043=CARTESIAN_POINT('',(0.1242,-0.0508243525938821,0.314540529925034));
#15044=CARTESIAN_POINT('',(0.1242,-0.0517243525938821,0.314540529925034));
#15045=CARTESIAN_POINT('',(0.1295,0.00552037861049287,0.037716540239335));
#15046=CARTESIAN_POINT('',(0.1295,-0.0583725954240341,0.325919121541142));
#15047=CARTESIAN_POINT('',(0.1265,-0.0583725954240341,0.325919121541142));
#15048=CARTESIAN_POINT('',(0.1265,0.00552037861049287,0.037716540239335));
#15049=CARTESIAN_POINT('',(0.1265,-0.0481277298583152,0.328000746591869));
#15050=CARTESIAN_POINT('',(0.1295,-0.0481277298583152,0.328000746591869));
#15051=CARTESIAN_POINT('',(0.1295,-0.0453552344780321,0.313055734675703));
#15052=CARTESIAN_POINT('',(0.1265,-0.0481277298583152,0.328000746591869));
#15053=CARTESIAN_POINT('',(0.1265,-0.0453552344780321,0.313055734675703));
#15054=CARTESIAN_POINT('',(0.1295,-0.0453552344780321,0.313055734675703));
#15055=CARTESIAN_POINT('',(0.1256,0.00552037861049287,0.0377165402393365));
#15056=CARTESIAN_POINT('',(0.1256,-0.0455518923527261,0.313019324712469));
#15057=CARTESIAN_POINT('',(0.1295,-0.0455518923527261,0.313019324712469));
#15058=CARTESIAN_POINT('',(0.1265,-0.0455518923527261,0.313019324712469));
#15059=CARTESIAN_POINT('',(0.1295,0.00552037861049287,0.0377165402393365));
#15060=CARTESIAN_POINT('',(0.1265,0.00552037861050586,0.0377165402392509));
#15061=CARTESIAN_POINT('',(0.1265,-0.0518639149510331,0.319540084412394));
#15062=CARTESIAN_POINT('',(0.1265,-0.0516041910603391,0.295388822421599));
#15063=CARTESIAN_POINT('',(0.1265,-0.0550827132921751,0.311079422232919));
#15064=CARTESIAN_POINT('',(0.1265,0.00552037861049287,0.0377165402393365));
#15065=CARTESIAN_POINT('',(0.,-0.0464886418266032,0.272314070992083));
#15066=CARTESIAN_POINT('',(0.12925,-0.0594115055709372,0.330605342375318));
#15067=CARTESIAN_POINT('',(0.129,-0.0594115055709372,0.330605342375318));
#15068=CARTESIAN_POINT('',(0.1275,-0.0594115055709372,0.330605342375318));
#15069=CARTESIAN_POINT('',(0.126,-0.0594115055709372,0.330605342375318));
#15070=CARTESIAN_POINT('',(0.1251,-0.0594115055709372,0.330605342375317));
#15071=CARTESIAN_POINT('',(0.12419999999994,-0.0594115055709372,0.330605342375317));
#15072=CARTESIAN_POINT('',(0.124200000000053,-0.0478656294476271,0.278525260763673));
#15073=CARTESIAN_POINT('',(0.124199999999941,-0.0591950659569991,0.329629046368197));
#15074=CARTESIAN_POINT('',(0.12295,-0.0591950659569991,0.329629046368197));
#15075=CARTESIAN_POINT('',(0.1217,-0.0591950659569991,0.329629046368198));
#15076=CARTESIAN_POINT('',(0.1217,-0.0477743577881551,0.278113560913151));
#15077=CARTESIAN_POINT('',(0.1217,-0.0588833539474812,0.32822300435617));
#15078=CARTESIAN_POINT('',(0.12295,-0.0586128044300582,0.32700263434727));
#15079=CARTESIAN_POINT('',(0.1242,-0.0583422549126362,0.32578226433837));
#15080=CARTESIAN_POINT('',(0.1242,-0.0444931763529401,0.263313107911264));
#15081=CARTESIAN_POINT('',(0.1242,-0.0550827132921751,0.311079422232919));
#15082=CARTESIAN_POINT('',(0.1256,-0.0550827132921751,0.311079422232919));
#15083=CARTESIAN_POINT('',(0.1256,0.00552037861049287,0.0377165402393365));
#15084=CARTESIAN_POINT('',(0.1242,0.00552037861049287,0.0377165402393365));
#15085=CARTESIAN_POINT('',(0.1242,-0.0455518923527261,0.313019324712469));
#15086=CARTESIAN_POINT('',(0.1256,-0.0455518923527261,0.313019324712469));
#15087=CARTESIAN_POINT('',(0.1217,0.0667419842657889,0.205921519360015));
#15088=CARTESIAN_POINT('',(0.1242,0.0667419842657879,0.205921519360014));
#15089=CARTESIAN_POINT('',(0.1242,0.107784401464869,0.318684633854322));
#15090=CARTESIAN_POINT('',(0.124199999999958,0.143876497428174,0.29784685253429));
#15091=CARTESIAN_POINT('',(0.1242,0.143876497428174,0.29784685253429));
#15092=CARTESIAN_POINT('',(0.1217,0.143876497428174,0.297846852534292));
#15093=CARTESIAN_POINT('',(0.1217,0.0667419842657889,0.205921519360015));
#15094=CARTESIAN_POINT('',(0.1217,0.10778440146487,0.318684633854323));
#15095=CARTESIAN_POINT('',(0.1242,0.10778440146487,0.318684633854322));
#15096=CARTESIAN_POINT('',(0.1242,0.108126421608195,0.319624326475108));
#15097=CARTESIAN_POINT('',(0.1242,0.00552037861049287,0.0377165402393362));
#15098=CARTESIAN_POINT('',(0.1242,0.108126421608195,0.319624326475108));
#15099=CARTESIAN_POINT('',(0.1242,0.0670840044091138,0.2068612119808));
#15100=CARTESIAN_POINT('',(0.124199999999968,0.1442185175715,0.298786545155076));
#15101=CARTESIAN_POINT('',(0.1242,0.143876497428174,0.29784685253429));
#15102=CARTESIAN_POINT('',(0.1242,0.00552037861049287,0.0377165402393361));
#15103=CARTESIAN_POINT('',(0.1256,0.00552037861049287,0.0377165402393365));
#15104=CARTESIAN_POINT('',(0.1256,0.0870956498339608,0.305569998542227));
#15105=CARTESIAN_POINT('',(0.1242,0.0870956498339608,0.305569998542227));
#15106=CARTESIAN_POINT('',(0.1242,0.00552037861049287,0.0377165402393365));
#15107=CARTESIAN_POINT('',(0.1242,0.101286014740647,0.300830475515649));
#15108=CARTESIAN_POINT('',(0.1256,0.101286018741682,0.300830474059391));
#15109=CARTESIAN_POINT('',(0.12295,0.00552037861049287,0.0377165402393365));
#15110=CARTESIAN_POINT('',(0.1217,0.00552037861049287,0.037716540239336));
#15111=CARTESIAN_POINT('',(0.1242,0.0670840044091138,0.2068612119808));
#15112=CARTESIAN_POINT('',(0.1242,0.108126421608195,0.319624326475108));
#15113=CARTESIAN_POINT('',(0.126,0.108126421608196,0.319624326475109));
#15114=CARTESIAN_POINT('',(0.126,0.0670840044091138,0.2068612119808));
#15115=CARTESIAN_POINT('',(0.126,0.1442185175715,0.298786545155077));
#15116=CARTESIAN_POINT('',(0.1242,0.1442185175715,0.298786545155076));
#15117=CARTESIAN_POINT('',(0.129,0.108126421608196,0.319624326475109));
#15118=CARTESIAN_POINT('',(0.129,0.128009601122259,0.312387440969418));
#15119=CARTESIAN_POINT('',(0.129,0.1442185175715,0.298786545155077));
#15120=CARTESIAN_POINT('',(0.129,0.107613391393207,0.31821478754393));
#15121=CARTESIAN_POINT('',(0.129,0.127496570907272,0.310977902038239));
#15122=CARTESIAN_POINT('',(0.129,0.143705487356511,0.297377006223898));
#15123=CARTESIAN_POINT('',(0.1275,0.107613391393207,0.31821478754393));
#15124=CARTESIAN_POINT('',(0.1275,0.127496570907271,0.310977902038239));
#15125=CARTESIAN_POINT('',(0.1275,0.143705487356511,0.297377006223898));
#15126=CARTESIAN_POINT('',(0.126,0.107613391393207,0.31821478754393));
#15127=CARTESIAN_POINT('',(0.126,0.127496570907272,0.310977902038239));
#15128=CARTESIAN_POINT('',(0.126,0.143705487356511,0.297377006223898));
#15129=CARTESIAN_POINT('',(0.126,0.108126421608196,0.319624326475109));
#15130=CARTESIAN_POINT('',(0.126,0.128009601122259,0.312387440969418));
#15131=CARTESIAN_POINT('',(0.126,0.1442185175715,0.298786545155077));
#15132=CARTESIAN_POINT('',(0.129,0.0670840044091138,0.2068612119808));
#15133=CARTESIAN_POINT('',(0.129,0.108126421608196,0.319624326475109));
#15134=CARTESIAN_POINT('',(0.129,0.1442185175715,0.298786545155077));
#15135=CARTESIAN_POINT('',(0.1275,0.1442185175715,0.298786545155077));
#15136=CARTESIAN_POINT('',(0.1275,0.108126421608196,0.319624326475109));
#15137=CARTESIAN_POINT('',(0.1242,0.0670840044091138,0.2068612119808));
#15138=CARTESIAN_POINT('',(0.129,0.108126421608196,0.319624326475109));
#15139=CARTESIAN_POINT('',(0.129,0.1442185175715,0.298786545155077));
#15140=CARTESIAN_POINT('',(0.12295,0.0670840044091138,0.206861211980801));
#15141=CARTESIAN_POINT('',(0.12295,0.141846515571227,0.295959703249611));
#15142=CARTESIAN_POINT('',(0.1217,0.142650000083335,0.296917258803509));
#15143=CARTESIAN_POINT('',(0.1242,0.141043031059118,0.295002147695712));
#15144=CARTESIAN_POINT('',(0.1242,0.0670840044091138,0.2068612119808));
#15145=CARTESIAN_POINT('',(0.1242,0.106436780526558,0.31498207575633));
#15146=CARTESIAN_POINT('',(0.1217,0.107291830884873,0.317331307308294));
#15147=CARTESIAN_POINT('',(0.1217,0.107291830884873,0.317331307308294));
#15148=CARTESIAN_POINT('',(0.1217,0.0670840044091138,0.206861211980801));
#15149=CARTESIAN_POINT('',(0.12295,0.00552037861049287,0.037716540239336));
#15150=CARTESIAN_POINT('',(0.1217,0.00552037861049287,0.037716540239336));
#15151=CARTESIAN_POINT('',(0.1242,0.00552037861049287,0.0377165402393357));
#15152=CARTESIAN_POINT('',(0.1256,0.141653366496557,0.291738850499183));
#15153=CARTESIAN_POINT('',(0.1242,0.141090807407422,0.290193232104674));
#15154=CARTESIAN_POINT('',(0.1242,0.14242043908896,0.293846365125891));
#15155=CARTESIAN_POINT('',(0.1242,0.140679162169723,0.28906224610927));
#15156=CARTESIAN_POINT('',(0.124934418962324,0.142153132447193,0.293111946163568));
#15157=CARTESIAN_POINT('',(0.1217,0.143330364674625,0.296346365125891));
#15158=CARTESIAN_POINT('',(0.1217,0.143876497428174,0.297846852534291));
#15159=CARTESIAN_POINT('',(0.1295,0.140679162169723,0.28906224610927));
#15160=CARTESIAN_POINT('',(0.1217,0.10778440146487,0.318684633854323));
#15161=CARTESIAN_POINT('',(0.1217,0.127060843584687,0.30999811427189));
#15162=CARTESIAN_POINT('',(0.1295,0.220993055402175,0.629722896249328));
#15163=CARTESIAN_POINT('',(0.1242,0.220993055402175,0.629722896249328));
#15164=CARTESIAN_POINT('',(0.1242,0.141043031059118,0.295002147695712));
#15165=CARTESIAN_POINT('',(0.1242,0.141043031059118,0.295002147695712));
#15166=CARTESIAN_POINT('',(0.1256,0.00552037861049287,0.0377165402393365));
#15167=CARTESIAN_POINT('',(0.1256,0.0115011566012489,0.317652658478169));
#15168=CARTESIAN_POINT('',(0.1242,0.0115011566012489,0.317652658478169));
#15169=CARTESIAN_POINT('',(0.1242,0.00552037861049287,0.0377165402393365));
#15170=CARTESIAN_POINT('',(0.1242,0.0309201072622729,0.316562113602832));
#15171=CARTESIAN_POINT('',(0.1256,0.0309201072622729,0.316562113602832));
#15172=CARTESIAN_POINT('',(0.1295,0.0710748894323659,0.297575359816109));
#15173=CARTESIAN_POINT('',(0.117,0.0706275374873959,0.300112418733113));
#15174=CARTESIAN_POINT('',(0.117,0.0706275374873959,0.300112418733113));
#15175=CARTESIAN_POINT('',(0.119852620086329,0.0706275374873959,0.300112418733113));
#15176=CARTESIAN_POINT('',(0.119852620086328,0.0706275374873955,0.300112418733113));
#15177=CARTESIAN_POINT('',(0.124575775164034,0.0697302044086048,0.305201447437845));
#15178=CARTESIAN_POINT('',(0.1295,0.0688008505078648,0.310472075245405));
#15179=CARTESIAN_POINT('',(0.1242,0.0723498108709219,0.290344921141287));
#15180=CARTESIAN_POINT('',(0.1242,0.0672947846550119,0.319013399016408));
#15181=CARTESIAN_POINT('',(0.1242,0.0672947846550119,0.319013399016408));
#15182=CARTESIAN_POINT('',(0.120522956438709,0.0682812874118679,0.313418663944673));
#15183=CARTESIAN_POINT('',(0.117,0.0692325579273964,0.308023740839852));
#15184=CARTESIAN_POINT('',(0.117,0.0692325579273969,0.308023740839852));
#15185=CARTESIAN_POINT('',(0.117,0.0707335143651269,0.299511394001541));
#15186=CARTESIAN_POINT('',(0.1165,0.0748838826979709,0.296584661684807));
#15187=CARTESIAN_POINT('',(0.1165,0.0760485684009319,0.300931327903108));
#15188=CARTESIAN_POINT('',(0.1165,0.0785485684009319,0.300931327903108));
#15189=CARTESIAN_POINT('',(0.1165,0.0760485684009319,0.300931327903108));
#15190=CARTESIAN_POINT('',(0.1165,0.0749485684009319,0.300931327903108));
#15191=CARTESIAN_POINT('',(0.1295,0.0926706029655029,0.312213968997553));
#15192=CARTESIAN_POINT('',(0.117,0.0803338643133688,0.297511616316574));
#15193=CARTESIAN_POINT('',(0.119852620103803,0.0803338643133678,0.297511616316573));
#15194=CARTESIAN_POINT('',(0.117,0.0803338643133688,0.297511616316574));
#15195=CARTESIAN_POINT('',(0.117,0.0874140872765918,0.305949497510342));
#15196=CARTESIAN_POINT('',(0.117,0.0854976130511249,0.303665532455935));
#15197=CARTESIAN_POINT('',(0.117,0.0854976130511247,0.303665532455935));
#15198=CARTESIAN_POINT('',(0.120522956439058,0.0890188990091256,0.307862037667314));
#15199=CARTESIAN_POINT('',(0.1242,0.0926706029655029,0.312213968997553));
#15200=CARTESIAN_POINT('',(0.1242,0.0926706029655029,0.312213968997553));
#15201=CARTESIAN_POINT('',(0.1242,0.0984261801731989,0.319073198845588));
#15202=CARTESIAN_POINT('',(0.1295,0.0870956498339608,0.305569998542227));
#15203=CARTESIAN_POINT('',(0.12457577517352,0.0836554918759837,0.301470177916805));
#15204=CARTESIAN_POINT('',(0.119852620103803,0.080333864313368,0.297511616316574));
#15205=CARTESIAN_POINT('',(0.12035,0.00552037861049287,0.037716540239336));
#15206=CARTESIAN_POINT('',(0.117,0.00552037861049287,0.037716540239336));
#15207=CARTESIAN_POINT('',(0.1242,0.00552037861049287,0.037716540239336));
#15208=CARTESIAN_POINT('',(0.1295,0.0760485684009319,0.300931327903108));
#15209=CARTESIAN_POINT('',(0.117,0.0760485684009319,0.300931327903108));
#15210=CARTESIAN_POINT('',(0.117,0.0785485684009319,0.300931327903108));
#15211=CARTESIAN_POINT('',(0.117,0.0783788983616598,0.302855709318026));
#15212=CARTESIAN_POINT('',(0.117,0.0772696865347439,0.300082766747993));
#15213=CARTESIAN_POINT('',(0.117,0.0762145496535049,0.296224439887571));
#15214=CARTESIAN_POINT('',(0.117,0.00552037861049287,0.037716540239336));
#15215=CARTESIAN_POINT('',(0.117,0.073551380411206,0.296938033935349));
#15216=CARTESIAN_POINT('',(0.117,0.0745667684977839,0.3008070114532));
#15217=CARTESIAN_POINT('',(0.1295,0.0760485684009319,0.300931327903108));
#15218=CARTESIAN_POINT('',(0.1195,0.0760485684009319,0.300931327903108));
#15219=CARTESIAN_POINT('',(0.1195,0.0749485684009319,0.300931327903108));
#15220=CARTESIAN_POINT('',(0.1195,0.0760485684009319,0.300931327903108));
#15221=CARTESIAN_POINT('',(0.1256,0.00552037861049287,0.0377165402393365));
#15222=CARTESIAN_POINT('',(0.1256,0.0497132864836209,0.314207022704317));
#15223=CARTESIAN_POINT('',(0.1242,0.0497132864836219,0.314207022704317));
#15224=CARTESIAN_POINT('',(0.1242,0.00552037861049287,0.0377165402393365));
#15225=CARTESIAN_POINT('',(0.1295,0.0349358250311799,0.304097341936456));
#15226=CARTESIAN_POINT('',(0.117,0.0341458477203179,0.306549428305111));
#15227=CARTESIAN_POINT('',(0.117,0.0341458477203189,0.306549428305111));
#15228=CARTESIAN_POINT('',(0.119852620086328,0.0341458477203179,0.306549428305111));
#15229=CARTESIAN_POINT('',(0.119852620086328,0.0341458477203178,0.306549428305111));
#15230=CARTESIAN_POINT('',(0.124575775164034,0.0325612502227522,0.311468012510204));
#15231=CARTESIAN_POINT('',(0.1295,0.0309201072622729,0.316562113602832));
#15232=CARTESIAN_POINT('',(0.1242,0.0412518238288908,0.284492507286927));
#15233=CARTESIAN_POINT('',(0.1242,0.0282605505848198,0.324817366742115));
#15234=CARTESIAN_POINT('',(0.1242,0.0282605505848198,0.324817366742115));
#15235=CARTESIAN_POINT('',(0.120522956438709,0.0300026125201288,0.319410013560962));
#15236=CARTESIAN_POINT('',(0.117,0.0316824579577278,0.314195780136341));
#15237=CARTESIAN_POINT('',(0.117,0.0316824579577279,0.314195780136341));
#15238=CARTESIAN_POINT('',(0.117,0.034332991936019,0.305968533418661));
#15239=CARTESIAN_POINT('',(0.1165,0.0748838826979709,0.296584661684807));
#15240=CARTESIAN_POINT('',(0.1165,0.0394040381269349,0.308101724037884));
#15241=CARTESIAN_POINT('',(0.1165,0.0418805681129675,0.308443483058659));
#15242=CARTESIAN_POINT('',(0.1165,0.0394040381269349,0.308101724037884));
#15243=CARTESIAN_POINT('',(0.1165,0.0383143649330805,0.307951350068743));
#15244=CARTESIAN_POINT('',(0.1235,0.00552037861049287,0.037716540239336));
#15245=CARTESIAN_POINT('',(0.119852620086329,0.0341458477203189,0.306549428305111));
#15246=CARTESIAN_POINT('',(0.119259705185284,0.0343447680295205,0.305931980472198));
#15247=CARTESIAN_POINT('',(0.118137620503406,0.0350336296398897,0.304730232335917));
#15248=CARTESIAN_POINT('',(0.117500000000002,0.0365965177796179,0.303910188850315));
#15249=CARTESIAN_POINT('',(0.117500000000002,0.0374761914464428,0.303804544527382));
#15250=CARTESIAN_POINT('',(0.1175,0.0374761914464428,0.30380454452738));
#15251=CARTESIAN_POINT('',(0.1175,0.00552037861049287,0.0377165402393358));
#15252=CARTESIAN_POINT('',(0.1175,0.0402119097222169,0.303461714549473));
#15253=CARTESIAN_POINT('',(0.117500000000001,0.0402119097222169,0.303461714549473));
#15254=CARTESIAN_POINT('',(0.117500000000001,0.0410901489758683,0.303347065376743));
#15255=CARTESIAN_POINT('',(0.118133630351159,0.042801445688557,0.303752854195156));
#15256=CARTESIAN_POINT('',(0.11925949693623,0.0437713403705889,0.304750469588056));
#15257=CARTESIAN_POINT('',(0.119852620103804,0.0441165905706618,0.305299932136736));
#15258=CARTESIAN_POINT('',(0.119852620103803,0.0441165905706618,0.305299932136737));
#15259=CARTESIAN_POINT('',(0.1295,0.0497132864836219,0.314207022704317));
#15260=CARTESIAN_POINT('',(0.12457577517352,0.0468658850206927,0.30967540921182));
#15261=CARTESIAN_POINT('',(0.119852620103803,0.044116590570662,0.305299932136737));
#15262=CARTESIAN_POINT('',(0.1295,0.0543276471892689,0.32155073573713));
#15263=CARTESIAN_POINT('',(0.117,0.0441165905706629,0.305299932136737));
#15264=CARTESIAN_POINT('',(0.117,0.0441165905706629,0.305299932136736));
#15265=CARTESIAN_POINT('',(0.117,0.0499768555554709,0.314626490481428));
#15266=CARTESIAN_POINT('',(0.117,0.0483905994649308,0.312101978361858));
#15267=CARTESIAN_POINT('',(0.117,0.0483905994649306,0.312101978361858));
#15268=CARTESIAN_POINT('',(0.120522956439058,0.051305150165997,0.316740459255217));
#15269=CARTESIAN_POINT('',(0.1242,0.0543276471892689,0.32155073573713));
#15270=CARTESIAN_POINT('',(0.1242,0.0543276471892689,0.32155073573713));
#15271=CARTESIAN_POINT('',(0.1242,0.0606205315009529,0.3315658038));
#15272=CARTESIAN_POINT('',(0.12035,0.00552037861049287,0.037716540239336));
#15273=CARTESIAN_POINT('',(0.117,0.00552037861049287,0.037716540239336));
#15274=CARTESIAN_POINT('',(0.1242,0.00552037861049287,0.037716540239336));
#15275=CARTESIAN_POINT('',(0.1295,0.0394040381269349,0.308101724037884));
#15276=CARTESIAN_POINT('',(0.117,0.0394040381269349,0.308101724037884));
#15277=CARTESIAN_POINT('',(0.117,0.0418805681129675,0.308443483058659));
#15278=CARTESIAN_POINT('',(0.1295,0.0394040381269349,0.308101724037884));
#15279=CARTESIAN_POINT('',(0.1195,0.0394040381269349,0.308101724037884));
#15280=CARTESIAN_POINT('',(0.1195,0.0383143649330805,0.307951350068743));
#15281=CARTESIAN_POINT('',(0.1195,0.0760485684009319,0.300931327903108));
#15282=CARTESIAN_POINT('',(0.1295,-0.00175554412068718,0.305617755147628));
#15283=CARTESIAN_POINT('',(0.117,-0.00287331417462317,0.307938828566876));
#15284=CARTESIAN_POINT('',(0.117,-0.00287331417462317,0.307938828566876));
#15285=CARTESIAN_POINT('',(0.119852620086328,-0.00287331417462317,0.307938828566876));
#15286=CARTESIAN_POINT('',(0.119852620086328,-0.00287331417462302,0.307938828566876));
#15287=CARTESIAN_POINT('',(0.124575775164034,-0.00511542367064012,0.312594616880336));
#15288=CARTESIAN_POINT('',(0.1295,-0.00743754157229721,0.317416544358995));
#15289=CARTESIAN_POINT('',(0.1242,0.0137606400073748,0.273398067009635));
#15290=CARTESIAN_POINT('',(0.1242,-0.0112006532084571,0.325230726141372));
#15291=CARTESIAN_POINT('',(0.1242,-0.0112006532084571,0.325230726141372));
#15292=CARTESIAN_POINT('',(0.120522956438709,-0.00873574106905919,0.32011228337455));
#15293=CARTESIAN_POINT('',(0.117,-0.00635886150609757,0.315176642135175));
#15294=CARTESIAN_POINT('',(0.117,-0.00635886150609716,0.315176642135175));
#15295=CARTESIAN_POINT('',(0.117,-0.00260851644283917,0.307388970414426));
#15296=CARTESIAN_POINT('',(0.1165,0.0748838826979709,0.296584661684807));
#15297=CARTESIAN_POINT('',(0.1165,0.00212330788324394,0.310195364940403));
#15298=CARTESIAN_POINT('',(0.1165,0.00452986850061897,0.31087246611076));
#15299=CARTESIAN_POINT('',(0.1165,0.00212330788324394,0.310195364940403));
#15300=CARTESIAN_POINT('',(0.1165,0.00106442121159893,0.309897440425446));
#15301=CARTESIAN_POINT('',(0.1235,0.00552037861049287,0.037716540239336));
#15302=CARTESIAN_POINT('',(0.119852620086329,-0.00287331417462317,0.307938828566875));
#15303=CARTESIAN_POINT('',(0.119259705185284,-0.00259185398369331,0.307354370461702));
#15304=CARTESIAN_POINT('',(0.118137620503406,-0.00174517610346114,0.306258074211402));
#15305=CARTESIAN_POINT('',(0.117500000000001,-8.48574628669857E-5,0.30565938174671));
#15306=CARTESIAN_POINT('',(0.117500000000001,0.000800999782801844,0.305674983777661));
#15307=CARTESIAN_POINT('',(0.1175,0.000800999782801844,0.30567498377766));
#15308=CARTESIAN_POINT('',(0.1175,0.00552037861049287,0.0377165402393358));
#15309=CARTESIAN_POINT('',(0.1175,0.00355790121513482,0.305709354849119));
#15310=CARTESIAN_POINT('',(0.117500000000001,0.00355790121513482,0.305709354849119));
#15311=CARTESIAN_POINT('',(0.117500000000001,0.00444356850936834,0.305715840478397));
#15312=CARTESIAN_POINT('',(0.118133630351159,0.00608332676326941,0.306351760184629));
#15313=CARTESIAN_POINT('',(0.11925949693623,0.00690773844469187,0.307472598061361));
#15314=CARTESIAN_POINT('',(0.119852620103804,0.00717463392092193,0.308064099200684));
#15315=CARTESIAN_POINT('',(0.119852620103803,0.00717463392092293,0.308064099200685));
#15316=CARTESIAN_POINT('',(0.1295,0.0115011566012489,0.317652658478169));
#15317=CARTESIAN_POINT('',(0.12457577517352,0.00929997447505403,0.312774337744168));
#15318=CARTESIAN_POINT('',(0.119852620103803,0.00717463392092286,0.308064099200685));
#15319=CARTESIAN_POINT('',(0.1295,0.0150682855928328,0.325558228450508));
#15320=CARTESIAN_POINT('',(0.117,0.00717463392092193,0.308064099200685));
#15321=CARTESIAN_POINT('',(0.117,0.00717463392092293,0.308064099200686));
#15322=CARTESIAN_POINT('',(0.117,0.0117049085264788,0.318104219132606));
#15323=CARTESIAN_POINT('',(0.117,0.0104786541329468,0.315386560215638));
#15324=CARTESIAN_POINT('',(0.117,0.010478654132947,0.315386560215638));
#15325=CARTESIAN_POINT('',(0.120522956439058,0.0127317459405492,0.320379924621894));
#15326=CARTESIAN_POINT('',(0.1242,0.0150682855928328,0.325558228450508));
#15327=CARTESIAN_POINT('',(0.1242,0.0150682855928328,0.325558228450508));
#15328=CARTESIAN_POINT('',(0.1242,0.0199954518815889,0.336477950712588));
#15329=CARTESIAN_POINT('',(0.12035,0.00552037861049287,0.037716540239336));
#15330=CARTESIAN_POINT('',(0.117,0.00552037861049287,0.037716540239336));
#15331=CARTESIAN_POINT('',(0.1242,0.00552037861049287,0.037716540239336));
#15332=CARTESIAN_POINT('',(0.1295,0.00212330788324394,0.310195364940403));
#15333=CARTESIAN_POINT('',(0.117,0.00212330788324394,0.310195364940403));
#15334=CARTESIAN_POINT('',(0.117,0.00452986850061897,0.31087246611076));
#15335=CARTESIAN_POINT('',(0.1295,0.00212330788324394,0.310195364940403));
#15336=CARTESIAN_POINT('',(0.1195,0.00212330788324394,0.310195364940403));
#15337=CARTESIAN_POINT('',(0.1195,0.00106442121159893,0.309897440425446));
#15338=CARTESIAN_POINT('',(0.1195,0.0760485684009319,0.300931327903108));
#15339=CARTESIAN_POINT('',(0.1256,0.00552037861049287,0.0377165402393365));
#15340=CARTESIAN_POINT('',(0.1256,-0.0268232684355061,0.315842210567993));
#15341=CARTESIAN_POINT('',(0.1242,-0.0268232684355061,0.315842210567993));
#15342=CARTESIAN_POINT('',(0.1242,0.00552037861049287,0.0377165402393365));
#15343=CARTESIAN_POINT('',(0.1295,-0.0383103004660521,0.302108052154181));
#15344=CARTESIAN_POINT('',(0.117,-0.0397348760000411,0.304254532123568));
#15345=CARTESIAN_POINT('',(0.117,-0.0397348760000411,0.304254532123568));
#15346=CARTESIAN_POINT('',(0.119852620086329,-0.0397348760000411,0.304254532123568));
#15347=CARTESIAN_POINT('',(0.119852620086328,-0.0397348760000406,0.304254532123568));
#15348=CARTESIAN_POINT('',(0.124575775164034,-0.0425923996215615,0.308560107411997));
#15349=CARTESIAN_POINT('',(0.1295,-0.0455518923527261,0.313019324712469));
#15350=CARTESIAN_POINT('',(0.1242,-0.00925175560133013,0.258324073696393));
#15351=CARTESIAN_POINT('',(0.1242,-0.0503479027214632,0.320245715973479));
#15352=CARTESIAN_POINT('',(0.1242,-0.0503479027214632,0.320245715973479));
#15353=CARTESIAN_POINT('',(0.120522956438709,-0.0472064215958485,0.315512287559572));
#15354=CARTESIAN_POINT('',(0.117,-0.0441771362247549,0.310947910160502));
#15355=CARTESIAN_POINT('',(0.117,-0.0441771362247551,0.310947910160502));
#15356=CARTESIAN_POINT('',(0.117,-0.0393973965973431,0.303746034847932));
#15357=CARTESIAN_POINT('',(0.1165,0.0748838826979709,0.296584661684807));
#15358=CARTESIAN_POINT('',(0.1165,-0.0350936389225131,0.307172940385685));
#15359=CARTESIAN_POINT('',(0.1165,-0.0328022332828382,0.308172670446484));
#15360=CARTESIAN_POINT('',(0.1165,-0.0350936389225131,0.307172940385685));
#15361=CARTESIAN_POINT('',(0.1165,-0.0361018574039701,0.306733059158933));
#15362=CARTESIAN_POINT('',(0.1295,-0.0243703476117911,0.32416120240972));
#15363=CARTESIAN_POINT('',(0.117,-0.0297983830450111,0.30575221747674));
#15364=CARTESIAN_POINT('',(0.119852620103803,-0.0297983830450111,0.305752217476739));
#15365=CARTESIAN_POINT('',(0.117,-0.0297983830450111,0.30575221747674));
#15366=CARTESIAN_POINT('',(0.117,-0.0266831593053221,0.316317385591862));
#15367=CARTESIAN_POINT('',(0.117,-0.0275263878356501,0.313457606671688));
#15368=CARTESIAN_POINT('',(0.117,-0.0275263878356504,0.313457606671688));
#15369=CARTESIAN_POINT('',(0.120522956439058,-0.0259770589984682,0.318712099124953));
#15370=CARTESIAN_POINT('',(0.1242,-0.0243703476117911,0.32416120240972));
#15371=CARTESIAN_POINT('',(0.1242,-0.0243703476117911,0.32416120240972));
#15372=CARTESIAN_POINT('',(0.1242,-0.0217099186001961,0.333183950730407));
#15373=CARTESIAN_POINT('',(0.1295,-0.0268232684355061,0.315842210567993));
#15374=CARTESIAN_POINT('',(0.12457577517352,-0.0283369018047716,0.310708777997099));
#15375=CARTESIAN_POINT('',(0.119852620103803,-0.0297983830450111,0.30575221747674));
#15376=CARTESIAN_POINT('',(0.12035,0.00552037861049287,0.037716540239336));
#15377=CARTESIAN_POINT('',(0.117,0.00552037861049287,0.0377165402393359));
#15378=CARTESIAN_POINT('',(0.1242,0.00552037861049287,0.0377165402393359));
#15379=CARTESIAN_POINT('',(0.1295,-0.0350936389225131,0.307172940385685));
#15380=CARTESIAN_POINT('',(0.117,-0.0350936389225131,0.307172940385685));
#15381=CARTESIAN_POINT('',(0.117,-0.0328022332828382,0.308172670446484));
#15382=CARTESIAN_POINT('',(0.117,0.0783788983616598,0.302855709318026));
#15383=CARTESIAN_POINT('',(0.117,-0.033635075293024,0.306883496661573));
#15384=CARTESIAN_POINT('',(0.117,-0.0330592597944432,0.302925159067128));
#15385=CARTESIAN_POINT('',(0.117,0.00552037861049287,0.0377165402393359));
#15386=CARTESIAN_POINT('',(0.117,-0.0357855807712361,0.302514232297926));
#15387=CARTESIAN_POINT('',(0.117,-0.0364020876276801,0.306466436657009));
#15388=CARTESIAN_POINT('',(0.1295,-0.0350936389225131,0.307172940385685));
#15389=CARTESIAN_POINT('',(0.1195,-0.0350936389225131,0.307172940385685));
#15390=CARTESIAN_POINT('',(0.1195,-0.0361018574039701,0.306733059158933));
#15391=CARTESIAN_POINT('',(0.1195,0.0760485684009319,0.300931327903108));
#15392=CARTESIAN_POINT('',(0.1242,0.108126421608195,0.319624326475108));
#15393=CARTESIAN_POINT('',(0.117,0.0745667684977839,0.3008070114532));
#15394=CARTESIAN_POINT('',(0.119852620086329,0.0706275374873959,0.300112418733113));
#15395=CARTESIAN_POINT('',(0.119259705185284,0.0707401829849208,0.29947357437987));
#15396=CARTESIAN_POINT('',(0.118137620503406,0.0712582942521338,0.298188938394043));
#15397=CARTESIAN_POINT('',(0.117500000000001,0.0726944070858221,0.297162941033179));
#15398=CARTESIAN_POINT('',(0.117500000000001,0.073551380411206,0.296938033935349));
#15399=CARTESIAN_POINT('',(0.1175,0.073551380411206,0.296938033935349));
#15400=CARTESIAN_POINT('',(0.117,0.073551380411206,0.296938033935349));
#15401=CARTESIAN_POINT('',(0.117,0.00552037861049287,0.037716540239336));
#15402=CARTESIAN_POINT('',(0.117,0.0762145496535049,0.296224439887571));
#15403=CARTESIAN_POINT('',(0.1175,0.0762145496535049,0.296224439887571));
#15404=CARTESIAN_POINT('',(0.1175,0.00552037861049287,0.0377165402393358));
#15405=CARTESIAN_POINT('',(0.1235,0.00552037861049287,0.037716540239336));
#15406=CARTESIAN_POINT('',(0.117500000000001,0.0762145496535049,0.296224439887572));
#15407=CARTESIAN_POINT('',(0.117500000000001,0.0770688710365344,0.295990808566982));
#15408=CARTESIAN_POINT('',(0.118133630351159,0.0788195748818124,0.296158847402187));
#15409=CARTESIAN_POINT('',(0.11925949693623,0.0799167418110662,0.29701450907349));
#15410=CARTESIAN_POINT('',(0.119852620103804,0.0803338643133678,0.297511616316573));
#15411=CARTESIAN_POINT('',(0.117,0.0772696865347439,0.300082766747993));
#15412=CARTESIAN_POINT('',(0.117,0.04072969376866,0.307428060434699));
#15413=CARTESIAN_POINT('',(0.117,0.04072969376866,0.307428060434699));
#15414=CARTESIAN_POINT('',(0.117,0.0402119097222169,0.303461714549473));
#15415=CARTESIAN_POINT('',(0.117,0.0402119097222169,0.303461714549473));
#15416=CARTESIAN_POINT('',(0.117,0.00552037861049287,0.037716540239336));
#15417=CARTESIAN_POINT('',(0.117,0.0374761914464428,0.303804544527381));
#15418=CARTESIAN_POINT('',(0.117,0.0374761914464428,0.303804544527381));
#15419=CARTESIAN_POINT('',(0.117,0.00552037861049287,0.037716540239336));
#15420=CARTESIAN_POINT('',(0.117,0.0783788983616598,0.302855709318026));
#15421=CARTESIAN_POINT('',(0.117,0.0379531438768308,0.307776007277949));
#15422=CARTESIAN_POINT('',(0.117,0.0379531438768308,0.307776007277949));
#15423=CARTESIAN_POINT('',(0.117,0.00352861050774195,0.309709247604489));
#15424=CARTESIAN_POINT('',(0.117,0.00352861050774195,0.309709247604489));
#15425=CARTESIAN_POINT('',(0.117,0.00355790121513482,0.305709354849119));
#15426=CARTESIAN_POINT('',(0.117,0.00355790121513482,0.305709354849119));
#15427=CARTESIAN_POINT('',(0.117,0.00552037861049287,0.037716540239336));
#15428=CARTESIAN_POINT('',(0.117,0.000800999782801844,0.305674983777661));
#15429=CARTESIAN_POINT('',(0.117,0.000800999782801844,0.305674983777661));
#15430=CARTESIAN_POINT('',(0.117,0.00552037861049287,0.037716540239336));
#15431=CARTESIAN_POINT('',(0.117,0.0783788983616598,0.302855709318026));
#15432=CARTESIAN_POINT('',(0.117,0.000730561292836825,0.309674363531964));
#15433=CARTESIAN_POINT('',(0.117,0.000730561292836825,0.309674363531964));
#15434=CARTESIAN_POINT('',(0.117,-0.0364020876276801,0.306466436657009));
#15435=CARTESIAN_POINT('',(0.119852620086329,-0.0397348760000402,0.304254532123568));
#15436=CARTESIAN_POINT('',(0.119259705185284,-0.0393761606270719,0.303714037538046));
#15437=CARTESIAN_POINT('',(0.118137620503406,-0.038387563710317,0.302743777244372));
#15438=CARTESIAN_POINT('',(0.1175,-0.0366609887302066,0.302377676856998));
#15439=CARTESIAN_POINT('',(0.1175,-0.0357855807712371,0.302514232297926));
#15440=CARTESIAN_POINT('',(0.1175,-0.0357855807712361,0.302514232297925));
#15441=CARTESIAN_POINT('',(0.117,-0.0357855807712371,0.302514232297926));
#15442=CARTESIAN_POINT('',(0.117,0.00552037861049287,0.037716540239336));
#15443=CARTESIAN_POINT('',(0.117,-0.0330592597944432,0.302925159067128));
#15444=CARTESIAN_POINT('',(0.1175,-0.0330592597944432,0.302925159067128));
#15445=CARTESIAN_POINT('',(0.1175,0.00552037861049287,0.0377165402393358));
#15446=CARTESIAN_POINT('',(0.1235,0.00552037861049287,0.037716540239336));
#15447=CARTESIAN_POINT('',(0.117500000000001,-0.0330592597944432,0.302925159067129));
#15448=CARTESIAN_POINT('',(0.117500000000001,-0.0321827937586408,0.303052657724167));
#15449=CARTESIAN_POINT('',(0.118133630351159,-0.030645362082826,0.303906768282708));
#15450=CARTESIAN_POINT('',(0.11925949693623,-0.029981912564954,0.305129783778775));
#15451=CARTESIAN_POINT('',(0.119852620103804,-0.0297983830450111,0.305752217476739));
#15452=CARTESIAN_POINT('',(0.117,-0.033635075293024,0.306883496661573));
#15453=CARTESIAN_POINT('',(0.1251,0.00552037861049287,0.0377165402393365));
#15454=CARTESIAN_POINT('',(0.126,0.00552037861049287,0.0377165402393362));
#15455=CARTESIAN_POINT('',(0.1275,0.00552037861049287,0.0377165402393365));
#15456=CARTESIAN_POINT('',(0.129,0.00552037861049287,0.0377165402393362));
#15457=CARTESIAN_POINT('',(0.1251,0.00552037861049287,0.0377165402393365));
#15458=CARTESIAN_POINT('',(0.,0.,0.));
#15459=CARTESIAN_POINT('',(0.108500005912842,-0.106555356992598,0.286101884994269));
#15460=CARTESIAN_POINT('',(0.108500005912842,-0.106555356992598,0.286101884994269));
#15461=CARTESIAN_POINT('',(0.108500005912842,-0.104620361721933,0.287684854767354));
#15462=CARTESIAN_POINT('',(0.109500005912842,-0.106555356992598,0.286101884994269));
#15463=CARTESIAN_POINT('',(0.109500005912842,-0.104620361721933,0.287684854767354));
#15464=CARTESIAN_POINT('',(0.108500005912842,-0.106555356992598,0.286101884994269));
#15465=CARTESIAN_POINT('',(0.108500005912842,-0.106555356992598,0.286101884994269));
#15466=CARTESIAN_POINT('',(0.108500005912842,-0.101911368343001,0.289901012449674));
#15467=CARTESIAN_POINT('',(0.109500005912842,-0.106555356992598,0.286101884994269));
#15468=CARTESIAN_POINT('',(0.109500005912842,-0.101911368343001,0.289901012449674));
#15469=CARTESIAN_POINT('',(0.109500005912842,-0.106555356992598,0.286101884994269));
#15470=CARTESIAN_POINT('',(0.108500005912842,-0.106555356992598,0.286101884994269));
#15471=CARTESIAN_POINT('',(0.108500005912842,-0.106555356992598,0.286101884994269));
#15472=CARTESIAN_POINT('',(0.108500005912842,-0.101806447673342,0.280296899182272));
#15473=CARTESIAN_POINT('',(0.108500005912842,-0.106555356992598,0.286101884994269));
#15474=CARTESIAN_POINT('',(0.1165,-0.106555356992598,0.286101884994269));
#15475=CARTESIAN_POINT('',(0.1165,-0.108490352263264,0.284518915221184));
#15476=CARTESIAN_POINT('',(0.1155,-0.106555356992598,0.286101884994269));
#15477=CARTESIAN_POINT('',(0.1155,-0.108490352263264,0.284518915221184));
#15478=CARTESIAN_POINT('',(0.108500005912842,-0.106555356992598,0.286101884994269));
#15479=CARTESIAN_POINT('',(0.1165,-0.106555356992598,0.286101884994269));
#15480=CARTESIAN_POINT('',(0.1165,-0.111199345642196,0.282302757538864));
#15481=CARTESIAN_POINT('',(0.1155,-0.106555356992598,0.286101884994269));
#15482=CARTESIAN_POINT('',(0.1155,-0.111199345642196,0.282302757538864));
#15483=CARTESIAN_POINT('',(0.1155,-0.106555356992598,0.286101884994269));
#15484=CARTESIAN_POINT('',(0.1165,-0.106555356992598,0.286101884994269));
#15485=CARTESIAN_POINT('',(0.1165,-0.106555356992598,0.286101884994269));
#15486=CARTESIAN_POINT('',(0.1165,-0.107406754911691,0.285405378294111));
#15487=CARTESIAN_POINT('',(0.108500005912842,-0.106555356992598,0.286101884994269));
#15488=CARTESIAN_POINT('',(0.108500005912842,-0.107406754911691,0.285405378294111));
#15489=CARTESIAN_POINT('',(0.1165,-0.111304266311854,0.291906870806266));
#15490=CARTESIAN_POINT('',(0.1165,-0.106555356992598,0.286101884994269));
#15491=CARTESIAN_POINT('',(0.1165,-0.101806447673342,0.280296899182272));
#15492=CARTESIAN_POINT('',(0.110125006097618,-0.106555356992598,0.286101884994269));
#15493=CARTESIAN_POINT('',(0.109500005912842,-0.106555356992598,0.286101884994269));
#15494=CARTESIAN_POINT('',(0.109500005912842,-0.101806447673342,0.280296899182272));
#15495=CARTESIAN_POINT('',(0.110750006282395,-0.106555356992598,0.286101884994269));
#15496=CARTESIAN_POINT('',(0.110750006282395,-0.102419529169795,0.281046319554246));
#15497=CARTESIAN_POINT('',(0.109500005912842,-0.106555356992598,0.286101884994269));
#15498=CARTESIAN_POINT('',(0.114874999815223,-0.106555356992598,0.286101884994269));
#15499=CARTESIAN_POINT('',(0.114249999630447,-0.106555356992598,0.286101884994269));
#15500=CARTESIAN_POINT('',(0.114249999630447,-0.102419529169795,0.281046319554246));
#15501=CARTESIAN_POINT('',(0.1155,-0.106555356992598,0.286101884994269));
#15502=CARTESIAN_POINT('',(0.1155,-0.101806447673342,0.280296899182272));
#15503=CARTESIAN_POINT('',(0.109500005912842,-0.106555356992598,0.286101884994269));
#15504=CARTESIAN_POINT('',(0.108500005912842,-0.106555356992598,0.286101884994269));
#15505=CARTESIAN_POINT('',(0.1165,-0.111304266311854,0.291906870806266));
#15506=CARTESIAN_POINT('',(0.112500002956421,-0.106555356992598,0.286101884994269));
#15507=CARTESIAN_POINT('',(0.,0.,0.));
#15508=CARTESIAN_POINT('',(0.108500005912842,-0.0715480164812541,0.299091199450942));
#15509=CARTESIAN_POINT('',(0.108500005912842,-0.0715480164812541,0.299091199450942));
#15510=CARTESIAN_POINT('',(0.108500005912842,-0.0694147892771737,0.300394787459391));
#15511=CARTESIAN_POINT('',(0.109500005912842,-0.0715480164812541,0.299091199450942));
#15512=CARTESIAN_POINT('',(0.109500005912842,-0.0694147892771737,0.300394787459391));
#15513=CARTESIAN_POINT('',(0.108500005912842,-0.0715480164812541,0.299091199450942));
#15514=CARTESIAN_POINT('',(0.108500005912842,-0.0715480164812541,0.299091199450942));
#15515=CARTESIAN_POINT('',(0.108500005912842,-0.0664282711914612,0.302219810671219));
#15516=CARTESIAN_POINT('',(0.109500005912842,-0.0715480164812541,0.299091199450942));
#15517=CARTESIAN_POINT('',(0.109500005912842,-0.0664282711914612,0.302219810671219));
#15518=CARTESIAN_POINT('',(0.109500005912842,-0.0715480164812541,0.299091199450942));
#15519=CARTESIAN_POINT('',(0.108500005912842,-0.0715480164812541,0.299091199450942));
#15520=CARTESIAN_POINT('',(0.108500005912842,-0.0715480164812541,0.299091199450942));
#15521=CARTESIAN_POINT('',(0.108500005912842,-0.0676372524559079,0.292691517838701));
#15522=CARTESIAN_POINT('',(0.108500005912842,-0.0715480164812541,0.299091199450942));
#15523=CARTESIAN_POINT('',(0.1165,-0.0715480164812541,0.299091199450942));
#15524=CARTESIAN_POINT('',(0.1165,-0.0736812436853345,0.297787611442493));
#15525=CARTESIAN_POINT('',(0.1155,-0.0715480164812541,0.299091199450942));
#15526=CARTESIAN_POINT('',(0.1155,-0.0736812436853345,0.297787611442493));
#15527=CARTESIAN_POINT('',(0.108500005912842,-0.0715480164812541,0.299091199450942));
#15528=CARTESIAN_POINT('',(0.1165,-0.0715480164812541,0.299091199450942));
#15529=CARTESIAN_POINT('',(0.1165,-0.076667761771047,0.295962588230665));
#15530=CARTESIAN_POINT('',(0.1155,-0.0715480164812541,0.299091199450942));
#15531=CARTESIAN_POINT('',(0.1155,-0.076667761771047,0.295962588230665));
#15532=CARTESIAN_POINT('',(0.1155,-0.0715480164812541,0.299091199450942));
#15533=CARTESIAN_POINT('',(0.1165,-0.0715480164812541,0.299091199450942));
#15534=CARTESIAN_POINT('',(0.1165,-0.0715480164812541,0.299091199450942));
#15535=CARTESIAN_POINT('',(0.1165,-0.0724866364510495,0.298517620727225));
#15536=CARTESIAN_POINT('',(0.108500005912842,-0.0715480164812541,0.299091199450942));
#15537=CARTESIAN_POINT('',(0.108500005912842,-0.0724866364510495,0.298517620727225));
#15538=CARTESIAN_POINT('',(0.1165,-0.0754587805066002,0.305490881063183));
#15539=CARTESIAN_POINT('',(0.1165,-0.0715480164812541,0.299091199450942));
#15540=CARTESIAN_POINT('',(0.1165,-0.0676372524559079,0.292691517838701));
#15541=CARTESIAN_POINT('',(0.110125006097618,-0.0715480164812541,0.299091199450942));
#15542=CARTESIAN_POINT('',(0.109500005912842,-0.0715480164812541,0.299091199450942));
#15543=CARTESIAN_POINT('',(0.109500005912842,-0.0676372524559079,0.292691517838701));
#15544=CARTESIAN_POINT('',(0.110750006282395,-0.0715480164812541,0.299091199450942));
#15545=CARTESIAN_POINT('',(0.110750006282395,-0.0681421298708572,0.293517713100789));
#15546=CARTESIAN_POINT('',(0.109500005912842,-0.0715480164812541,0.299091199450942));
#15547=CARTESIAN_POINT('',(0.114874999815223,-0.0715480164812541,0.299091199450942));
#15548=CARTESIAN_POINT('',(0.114249999630447,-0.0715480164812541,0.299091199450942));
#15549=CARTESIAN_POINT('',(0.114249999630447,-0.0681421298708572,0.293517713100789));
#15550=CARTESIAN_POINT('',(0.1155,-0.0715480164812541,0.299091199450942));
#15551=CARTESIAN_POINT('',(0.1155,-0.0676372524559079,0.292691517838701));
#15552=CARTESIAN_POINT('',(0.109500005912842,-0.0715480164812541,0.299091199450942));
#15553=CARTESIAN_POINT('',(0.108500005912842,-0.0715480164812541,0.299091199450942));
#15554=CARTESIAN_POINT('',(0.1165,-0.0754587805066002,0.305490881063183));
#15555=CARTESIAN_POINT('',(0.112500002956421,-0.0715480164812541,0.299091199450942));
#15556=CARTESIAN_POINT('',(0.,0.,0.));
#15557=CARTESIAN_POINT('',(0.108500005912842,0.0760485684009319,0.300931327903108));
#15558=CARTESIAN_POINT('',(0.108500005912842,0.0760485684009319,0.300931327903108));
#15559=CARTESIAN_POINT('',(0.108500005912842,0.0785485684009319,0.300931327903108));
#15560=CARTESIAN_POINT('',(0.109500005912842,0.0760485684009319,0.300931327903108));
#15561=CARTESIAN_POINT('',(0.109500005912842,0.0785485684009319,0.300931327903108));
#15562=CARTESIAN_POINT('',(0.108500005912842,0.0760485684009319,0.300931327903108));
#15563=CARTESIAN_POINT('',(0.108500005912842,0.0760485684009319,0.300931327903108));
#15564=CARTESIAN_POINT('',(0.108500005912842,0.0820485684009319,0.300931327903108));
#15565=CARTESIAN_POINT('',(0.109500005912842,0.0760485684009319,0.300931327903108));
#15566=CARTESIAN_POINT('',(0.109500005912842,0.0820485684009319,0.300931327903108));
#15567=CARTESIAN_POINT('',(0.109500005912842,0.0760485684009319,0.300931327903108));
#15568=CARTESIAN_POINT('',(0.108500005912842,0.0760485684009319,0.300931327903108));
#15569=CARTESIAN_POINT('',(0.108500005912842,0.0760485684009319,0.300931327903108));
#15570=CARTESIAN_POINT('',(0.108500005912842,0.0760485684009319,0.293431327903108));
#15571=CARTESIAN_POINT('',(0.108500005912842,0.0760485684009319,0.300931327903108));
#15572=CARTESIAN_POINT('',(0.1165,0.0760485684009319,0.300931327903108));
#15573=CARTESIAN_POINT('',(0.1165,0.0735485684009319,0.300931327903108));
#15574=CARTESIAN_POINT('',(0.1155,0.0760485684009319,0.300931327903108));
#15575=CARTESIAN_POINT('',(0.1155,0.0735485684009319,0.300931327903108));
#15576=CARTESIAN_POINT('',(0.108500005912842,0.0760485684009319,0.300931327903108));
#15577=CARTESIAN_POINT('',(0.1165,0.0760485684009319,0.300931327903108));
#15578=CARTESIAN_POINT('',(0.1165,0.0700485684009319,0.300931327903108));
#15579=CARTESIAN_POINT('',(0.1155,0.0760485684009319,0.300931327903108));
#15580=CARTESIAN_POINT('',(0.1155,0.0700485684009319,0.300931327903108));
#15581=CARTESIAN_POINT('',(0.1155,0.0760485684009319,0.300931327903108));
#15582=CARTESIAN_POINT('',(0.1165,0.0760485684009319,0.300931327903108));
#15583=CARTESIAN_POINT('',(0.1165,0.0760485684009319,0.300931327903108));
#15584=CARTESIAN_POINT('',(0.1165,0.0749485684009319,0.300931327903108));
#15585=CARTESIAN_POINT('',(0.108500005912842,0.0760485684009319,0.300931327903108));
#15586=CARTESIAN_POINT('',(0.108500005912842,0.0749485684009319,0.300931327903108));
#15587=CARTESIAN_POINT('',(0.1165,0.0760485684009319,0.308431327903108));
#15588=CARTESIAN_POINT('',(0.1165,0.0760485684009319,0.300931327903108));
#15589=CARTESIAN_POINT('',(0.1165,0.0760485684009319,0.293431327903108));
#15590=CARTESIAN_POINT('',(0.110125006097618,0.0760485684009319,0.300931327903108));
#15591=CARTESIAN_POINT('',(0.109500005912842,0.0760485684009319,0.300931327903108));
#15592=CARTESIAN_POINT('',(0.109500005912842,0.0760485684009319,0.293431327903108));
#15593=CARTESIAN_POINT('',(0.110750006282395,0.0760485684009319,0.300931327903108));
#15594=CARTESIAN_POINT('',(0.110750006282395,0.0760485684009319,0.294399573644242));
#15595=CARTESIAN_POINT('',(0.109500005912842,0.0760485684009319,0.300931327903108));
#15596=CARTESIAN_POINT('',(0.114874999815223,0.0760485684009319,0.300931327903108));
#15597=CARTESIAN_POINT('',(0.114249999630447,0.0760485684009319,0.300931327903108));
#15598=CARTESIAN_POINT('',(0.114249999630447,0.0760485684009319,0.294399573644242));
#15599=CARTESIAN_POINT('',(0.1155,0.0760485684009319,0.300931327903108));
#15600=CARTESIAN_POINT('',(0.1155,0.0760485684009319,0.293431327903108));
#15601=CARTESIAN_POINT('',(0.109500005912842,0.0760485684009319,0.300931327903108));
#15602=CARTESIAN_POINT('',(0.108500005912842,0.0760485684009319,0.300931327903108));
#15603=CARTESIAN_POINT('',(0.1165,0.0760485684009319,0.308431327903108));
#15604=CARTESIAN_POINT('',(0.112500002956421,0.0760485684009319,0.300931327903108));
#15605=MECHANICAL_DESIGN_GEOMETRIC_PRESENTATION_REPRESENTATION('',(#8526),
#15617);
#15606=MECHANICAL_DESIGN_GEOMETRIC_PRESENTATION_REPRESENTATION('',(#8527),
#15618);
#15607=MECHANICAL_DESIGN_GEOMETRIC_PRESENTATION_REPRESENTATION('',(#8528),
#15619);
#15608=MECHANICAL_DESIGN_GEOMETRIC_PRESENTATION_REPRESENTATION('',(#8529),
#15620);
#15609=MECHANICAL_DESIGN_GEOMETRIC_PRESENTATION_REPRESENTATION('',(#8530),
#15621);
#15610=MECHANICAL_DESIGN_GEOMETRIC_PRESENTATION_REPRESENTATION('',(#8531),
#15622);
#15611=MECHANICAL_DESIGN_GEOMETRIC_PRESENTATION_REPRESENTATION('',(#8532),
#15623);
#15612=MECHANICAL_DESIGN_GEOMETRIC_PRESENTATION_REPRESENTATION('',(#8533),
#15624);
#15613=MECHANICAL_DESIGN_GEOMETRIC_PRESENTATION_REPRESENTATION('',(#8534),
#15625);
#15614=MECHANICAL_DESIGN_GEOMETRIC_PRESENTATION_REPRESENTATION('',(#8535),
#15626);
#15615=MECHANICAL_DESIGN_GEOMETRIC_PRESENTATION_REPRESENTATION('',(#8536),
#15627);
#15616=MECHANICAL_DESIGN_GEOMETRIC_PRESENTATION_REPRESENTATION('',(#8537),
#15628);
#15617=(
GEOMETRIC_REPRESENTATION_CONTEXT(3)
GLOBAL_UNCERTAINTY_ASSIGNED_CONTEXT((#15629))
GLOBAL_UNIT_ASSIGNED_CONTEXT((#15665,#15653,#15641))
REPRESENTATION_CONTEXT('Rollen (2)','TOP_LEVEL_ASSEMBLY_PART')
);
#15618=(
GEOMETRIC_REPRESENTATION_CONTEXT(3)
GLOBAL_UNCERTAINTY_ASSIGNED_CONTEXT((#15630))
GLOBAL_UNIT_ASSIGNED_CONTEXT((#15666,#15654,#15642))
REPRESENTATION_CONTEXT('Fahrschienen (1)','TOP_LEVEL_ASSEMBLY_PART')
);
#15619=(
GEOMETRIC_REPRESENTATION_CONTEXT(3)
GLOBAL_UNCERTAINTY_ASSIGNED_CONTEXT((#15631))
GLOBAL_UNIT_ASSIGNED_CONTEXT((#15667,#15655,#15643))
REPRESENTATION_CONTEXT('Rollen (2)','TOP_LEVEL_ASSEMBLY_PART')
);
#15620=(
GEOMETRIC_REPRESENTATION_CONTEXT(3)
GLOBAL_UNCERTAINTY_ASSIGNED_CONTEXT((#15632))
GLOBAL_UNIT_ASSIGNED_CONTEXT((#15668,#15656,#15644))
REPRESENTATION_CONTEXT('Fahrschienen (1)','TOP_LEVEL_ASSEMBLY_PART')
);
#15621=(
GEOMETRIC_REPRESENTATION_CONTEXT(3)
GLOBAL_UNCERTAINTY_ASSIGNED_CONTEXT((#15633))
GLOBAL_UNIT_ASSIGNED_CONTEXT((#15669,#15657,#15645))
REPRESENTATION_CONTEXT('Rollen (2)','TOP_LEVEL_ASSEMBLY_PART')
);
#15622=(
GEOMETRIC_REPRESENTATION_CONTEXT(3)
GLOBAL_UNCERTAINTY_ASSIGNED_CONTEXT((#15634))
GLOBAL_UNIT_ASSIGNED_CONTEXT((#15670,#15658,#15646))
REPRESENTATION_CONTEXT('Rollen (2)','TOP_LEVEL_ASSEMBLY_PART')
);
#15623=(
GEOMETRIC_REPRESENTATION_CONTEXT(3)
GLOBAL_UNCERTAINTY_ASSIGNED_CONTEXT((#15635))
GLOBAL_UNIT_ASSIGNED_CONTEXT((#15671,#15659,#15647))
REPRESENTATION_CONTEXT('Rollen (2)','TOP_LEVEL_ASSEMBLY_PART')
);
#15624=(
GEOMETRIC_REPRESENTATION_CONTEXT(3)
GLOBAL_UNCERTAINTY_ASSIGNED_CONTEXT((#15636))
GLOBAL_UNIT_ASSIGNED_CONTEXT((#15672,#15660,#15648))
REPRESENTATION_CONTEXT('Fahrschienen (1)','TOP_LEVEL_ASSEMBLY_PART')
);
#15625=(
GEOMETRIC_REPRESENTATION_CONTEXT(3)
GLOBAL_UNCERTAINTY_ASSIGNED_CONTEXT((#15637))
GLOBAL_UNIT_ASSIGNED_CONTEXT((#15673,#15661,#15649))
REPRESENTATION_CONTEXT('Fahrschienen (1)','TOP_LEVEL_ASSEMBLY_PART')
);
#15626=(
GEOMETRIC_REPRESENTATION_CONTEXT(3)
GLOBAL_UNCERTAINTY_ASSIGNED_CONTEXT((#15638))
GLOBAL_UNIT_ASSIGNED_CONTEXT((#15674,#15662,#15650))
REPRESENTATION_CONTEXT('Rollen (2)','TOP_LEVEL_ASSEMBLY_PART')
);
#15627=(
GEOMETRIC_REPRESENTATION_CONTEXT(3)
GLOBAL_UNCERTAINTY_ASSIGNED_CONTEXT((#15639))
GLOBAL_UNIT_ASSIGNED_CONTEXT((#15675,#15663,#15651))
REPRESENTATION_CONTEXT('Rollen (2)','TOP_LEVEL_ASSEMBLY_PART')
);
#15628=(
GEOMETRIC_REPRESENTATION_CONTEXT(3)
GLOBAL_UNCERTAINTY_ASSIGNED_CONTEXT((#15640))
GLOBAL_UNIT_ASSIGNED_CONTEXT((#15676,#15664,#15652))
REPRESENTATION_CONTEXT('Rollen (2)','TOP_LEVEL_ASSEMBLY_PART')
);
#15629=UNCERTAINTY_MEASURE_WITH_UNIT(LENGTH_MEASURE(1.E-8),#15665,
'DISTANCE_ACCURACY_VALUE','Maximum Tolerance applied to model');
#15630=UNCERTAINTY_MEASURE_WITH_UNIT(LENGTH_MEASURE(2.E-5),#15666,
'DISTANCE_ACCURACY_VALUE','Maximum Tolerance applied to model');
#15631=UNCERTAINTY_MEASURE_WITH_UNIT(LENGTH_MEASURE(1.E-8),#15667,
'DISTANCE_ACCURACY_VALUE','Maximum Tolerance applied to model');
#15632=UNCERTAINTY_MEASURE_WITH_UNIT(LENGTH_MEASURE(5.91589931190963E-5),
#15668,'DISTANCE_ACCURACY_VALUE','Maximum Tolerance applied to model');
#15633=UNCERTAINTY_MEASURE_WITH_UNIT(LENGTH_MEASURE(1.E-8),#15669,
'DISTANCE_ACCURACY_VALUE','Maximum Tolerance applied to model');
#15634=UNCERTAINTY_MEASURE_WITH_UNIT(LENGTH_MEASURE(1.E-8),#15670,
'DISTANCE_ACCURACY_VALUE','Maximum Tolerance applied to model');
#15635=UNCERTAINTY_MEASURE_WITH_UNIT(LENGTH_MEASURE(1.E-8),#15671,
'DISTANCE_ACCURACY_VALUE','Maximum Tolerance applied to model');
#15636=UNCERTAINTY_MEASURE_WITH_UNIT(LENGTH_MEASURE(5.91589931201136E-5),
#15672,'DISTANCE_ACCURACY_VALUE','Maximum Tolerance applied to model');
#15637=UNCERTAINTY_MEASURE_WITH_UNIT(LENGTH_MEASURE(2.E-5),#15673,
'DISTANCE_ACCURACY_VALUE','Maximum Tolerance applied to model');
#15638=UNCERTAINTY_MEASURE_WITH_UNIT(LENGTH_MEASURE(1.E-8),#15674,
'DISTANCE_ACCURACY_VALUE','Maximum Tolerance applied to model');
#15639=UNCERTAINTY_MEASURE_WITH_UNIT(LENGTH_MEASURE(1.E-8),#15675,
'DISTANCE_ACCURACY_VALUE','Maximum Tolerance applied to model');
#15640=UNCERTAINTY_MEASURE_WITH_UNIT(LENGTH_MEASURE(1.E-8),#15676,
'DISTANCE_ACCURACY_VALUE','Maximum Tolerance applied to model');
#15641=(
NAMED_UNIT(*)
SI_UNIT($,.STERADIAN.)
SOLID_ANGLE_UNIT()
);
#15642=(
NAMED_UNIT(*)
SI_UNIT($,.STERADIAN.)
SOLID_ANGLE_UNIT()
);
#15643=(
NAMED_UNIT(*)
SI_UNIT($,.STERADIAN.)
SOLID_ANGLE_UNIT()
);
#15644=(
NAMED_UNIT(*)
SI_UNIT($,.STERADIAN.)
SOLID_ANGLE_UNIT()
);
#15645=(
NAMED_UNIT(*)
SI_UNIT($,.STERADIAN.)
SOLID_ANGLE_UNIT()
);
#15646=(
NAMED_UNIT(*)
SI_UNIT($,.STERADIAN.)
SOLID_ANGLE_UNIT()
);
#15647=(
NAMED_UNIT(*)
SI_UNIT($,.STERADIAN.)
SOLID_ANGLE_UNIT()
);
#15648=(
NAMED_UNIT(*)
SI_UNIT($,.STERADIAN.)
SOLID_ANGLE_UNIT()
);
#15649=(
NAMED_UNIT(*)
SI_UNIT($,.STERADIAN.)
SOLID_ANGLE_UNIT()
);
#15650=(
NAMED_UNIT(*)
SI_UNIT($,.STERADIAN.)
SOLID_ANGLE_UNIT()
);
#15651=(
NAMED_UNIT(*)
SI_UNIT($,.STERADIAN.)
SOLID_ANGLE_UNIT()
);
#15652=(
NAMED_UNIT(*)
SI_UNIT($,.STERADIAN.)
SOLID_ANGLE_UNIT()
);
#15653=(
NAMED_UNIT(*)
PLANE_ANGLE_UNIT()
SI_UNIT($,.RADIAN.)
);
#15654=(
NAMED_UNIT(*)
PLANE_ANGLE_UNIT()
SI_UNIT($,.RADIAN.)
);
#15655=(
NAMED_UNIT(*)
PLANE_ANGLE_UNIT()
SI_UNIT($,.RADIAN.)
);
#15656=(
NAMED_UNIT(*)
PLANE_ANGLE_UNIT()
SI_UNIT($,.RADIAN.)
);
#15657=(
NAMED_UNIT(*)
PLANE_ANGLE_UNIT()
SI_UNIT($,.RADIAN.)
);
#15658=(
NAMED_UNIT(*)
PLANE_ANGLE_UNIT()
SI_UNIT($,.RADIAN.)
);
#15659=(
NAMED_UNIT(*)
PLANE_ANGLE_UNIT()
SI_UNIT($,.RADIAN.)
);
#15660=(
NAMED_UNIT(*)
PLANE_ANGLE_UNIT()
SI_UNIT($,.RADIAN.)
);
#15661=(
NAMED_UNIT(*)
PLANE_ANGLE_UNIT()
SI_UNIT($,.RADIAN.)
);
#15662=(
NAMED_UNIT(*)
PLANE_ANGLE_UNIT()
SI_UNIT($,.RADIAN.)
);
#15663=(
NAMED_UNIT(*)
PLANE_ANGLE_UNIT()
SI_UNIT($,.RADIAN.)
);
#15664=(
NAMED_UNIT(*)
PLANE_ANGLE_UNIT()
SI_UNIT($,.RADIAN.)
);
#15665=(
LENGTH_UNIT()
NAMED_UNIT(*)
SI_UNIT($,.METRE.)
);
#15666=(
LENGTH_UNIT()
NAMED_UNIT(*)
SI_UNIT($,.METRE.)
);
#15667=(
LENGTH_UNIT()
NAMED_UNIT(*)
SI_UNIT($,.METRE.)
);
#15668=(
LENGTH_UNIT()
NAMED_UNIT(*)
SI_UNIT($,.METRE.)
);
#15669=(
LENGTH_UNIT()
NAMED_UNIT(*)
SI_UNIT($,.METRE.)
);
#15670=(
LENGTH_UNIT()
NAMED_UNIT(*)
SI_UNIT($,.METRE.)
);
#15671=(
LENGTH_UNIT()
NAMED_UNIT(*)
SI_UNIT($,.METRE.)
);
#15672=(
LENGTH_UNIT()
NAMED_UNIT(*)
SI_UNIT($,.METRE.)
);
#15673=(
LENGTH_UNIT()
NAMED_UNIT(*)
SI_UNIT($,.METRE.)
);
#15674=(
LENGTH_UNIT()
NAMED_UNIT(*)
SI_UNIT($,.METRE.)
);
#15675=(
LENGTH_UNIT()
NAMED_UNIT(*)
SI_UNIT($,.METRE.)
);
#15676=(
LENGTH_UNIT()
NAMED_UNIT(*)
SI_UNIT($,.METRE.)
);
#15677=PRODUCT_DEFINITION_SHAPE('','',#15689);
#15678=PRODUCT_DEFINITION_SHAPE('','',#15690);
#15679=PRODUCT_DEFINITION_SHAPE('','',#15691);
#15680=PRODUCT_DEFINITION_SHAPE('','',#15692);
#15681=PRODUCT_DEFINITION_SHAPE('','',#15693);
#15682=PRODUCT_DEFINITION_SHAPE('','',#15694);
#15683=PRODUCT_DEFINITION_SHAPE('','',#15695);
#15684=PRODUCT_DEFINITION_SHAPE('','',#15696);
#15685=PRODUCT_DEFINITION_SHAPE('','',#15697);
#15686=PRODUCT_DEFINITION_SHAPE('','',#15698);
#15687=PRODUCT_DEFINITION_SHAPE('','',#15699);
#15688=PRODUCT_DEFINITION_SHAPE('','',#15700);
#15689=PRODUCT_DEFINITION('','',#15713,#15701);
#15690=PRODUCT_DEFINITION('','',#15714,#15702);
#15691=PRODUCT_DEFINITION('','',#15715,#15703);
#15692=PRODUCT_DEFINITION('','',#15716,#15704);
#15693=PRODUCT_DEFINITION('','',#15717,#15705);
#15694=PRODUCT_DEFINITION('','',#15718,#15706);
#15695=PRODUCT_DEFINITION('','',#15719,#15707);
#15696=PRODUCT_DEFINITION('','',#15720,#15708);
#15697=PRODUCT_DEFINITION('','',#15721,#15709);
#15698=PRODUCT_DEFINITION('','',#15722,#15710);
#15699=PRODUCT_DEFINITION('','',#15723,#15711);
#15700=PRODUCT_DEFINITION('','',#15724,#15712);
#15701=PRODUCT_DEFINITION_CONTEXT('',#15785,'design');
#15702=PRODUCT_DEFINITION_CONTEXT('',#15786,'design');
#15703=PRODUCT_DEFINITION_CONTEXT('',#15787,'design');
#15704=PRODUCT_DEFINITION_CONTEXT('',#15788,'design');
#15705=PRODUCT_DEFINITION_CONTEXT('',#15789,'design');
#15706=PRODUCT_DEFINITION_CONTEXT('',#15790,'design');
#15707=PRODUCT_DEFINITION_CONTEXT('',#15791,'design');
#15708=PRODUCT_DEFINITION_CONTEXT('',#15792,'design');
#15709=PRODUCT_DEFINITION_CONTEXT('',#15793,'design');
#15710=PRODUCT_DEFINITION_CONTEXT('',#15794,'design');
#15711=PRODUCT_DEFINITION_CONTEXT('',#15795,'design');
#15712=PRODUCT_DEFINITION_CONTEXT('',#15796,'design');
#15713=PRODUCT_DEFINITION_FORMATION_WITH_SPECIFIED_SOURCE('','',#15737,
 .NOT_KNOWN.);
#15714=PRODUCT_DEFINITION_FORMATION_WITH_SPECIFIED_SOURCE('','',#15738,
 .NOT_KNOWN.);
#15715=PRODUCT_DEFINITION_FORMATION_WITH_SPECIFIED_SOURCE('','',#15739,
 .NOT_KNOWN.);
#15716=PRODUCT_DEFINITION_FORMATION_WITH_SPECIFIED_SOURCE('','',#15740,
 .NOT_KNOWN.);
#15717=PRODUCT_DEFINITION_FORMATION_WITH_SPECIFIED_SOURCE('','',#15741,
 .NOT_KNOWN.);
#15718=PRODUCT_DEFINITION_FORMATION_WITH_SPECIFIED_SOURCE('','',#15742,
 .NOT_KNOWN.);
#15719=PRODUCT_DEFINITION_FORMATION_WITH_SPECIFIED_SOURCE('','',#15743,
 .NOT_KNOWN.);
#15720=PRODUCT_DEFINITION_FORMATION_WITH_SPECIFIED_SOURCE('','',#15744,
 .NOT_KNOWN.);
#15721=PRODUCT_DEFINITION_FORMATION_WITH_SPECIFIED_SOURCE('','',#15745,
 .NOT_KNOWN.);
#15722=PRODUCT_DEFINITION_FORMATION_WITH_SPECIFIED_SOURCE('','',#15746,
 .NOT_KNOWN.);
#15723=PRODUCT_DEFINITION_FORMATION_WITH_SPECIFIED_SOURCE('','',#15747,
 .NOT_KNOWN.);
#15724=PRODUCT_DEFINITION_FORMATION_WITH_SPECIFIED_SOURCE('','',#15748,
 .NOT_KNOWN.);
#15725=PRODUCT_RELATED_PRODUCT_CATEGORY('','',(#15737));
#15726=PRODUCT_RELATED_PRODUCT_CATEGORY('','',(#15738));
#15727=PRODUCT_RELATED_PRODUCT_CATEGORY('','',(#15739));
#15728=PRODUCT_RELATED_PRODUCT_CATEGORY('','',(#15740));
#15729=PRODUCT_RELATED_PRODUCT_CATEGORY('','',(#15741));
#15730=PRODUCT_RELATED_PRODUCT_CATEGORY('','',(#15742));
#15731=PRODUCT_RELATED_PRODUCT_CATEGORY('','',(#15743));
#15732=PRODUCT_RELATED_PRODUCT_CATEGORY('','',(#15744));
#15733=PRODUCT_RELATED_PRODUCT_CATEGORY('','',(#15745));
#15734=PRODUCT_RELATED_PRODUCT_CATEGORY('','',(#15746));
#15735=PRODUCT_RELATED_PRODUCT_CATEGORY('','',(#15747));
#15736=PRODUCT_RELATED_PRODUCT_CATEGORY('','',(#15748));
#15737=PRODUCT('Rollen (2)','Rollen (2)','Rollen (2)',(#15761));
#15738=PRODUCT('Fahrschienen (1)','Fahrschienen (1)','Fahrschienen (1)',
(#15762));
#15739=PRODUCT('Rollen (2)','Rollen (2)','Rollen (2)',(#15763));
#15740=PRODUCT('Fahrschienen (1)','Fahrschienen (1)','Fahrschienen (1)',
(#15764));
#15741=PRODUCT('Rollen (2)','Rollen (2)','Rollen (2)',(#15765));
#15742=PRODUCT('Rollen (2)','Rollen (2)','Rollen (2)',(#15766));
#15743=PRODUCT('Rollen (2)','Rollen (2)','Rollen (2)',(#15767));
#15744=PRODUCT('Fahrschienen (1)','Fahrschienen (1)','Fahrschienen (1)',
(#15768));
#15745=PRODUCT('Fahrschienen (1)','Fahrschienen (1)','Fahrschienen (1)',
(#15769));
#15746=PRODUCT('Rollen (2)','Rollen (2)','Rollen (2)',(#15770));
#15747=PRODUCT('Rollen (2)','Rollen (2)','Rollen (2)',(#15771));
#15748=PRODUCT('Rollen (2)','Rollen (2)','Rollen (2)',(#15772));
#15749=PRODUCT_CATEGORY('','');
#15750=PRODUCT_CATEGORY('','');
#15751=PRODUCT_CATEGORY('','');
#15752=PRODUCT_CATEGORY('','');
#15753=PRODUCT_CATEGORY('','');
#15754=PRODUCT_CATEGORY('','');
#15755=PRODUCT_CATEGORY('','');
#15756=PRODUCT_CATEGORY('','');
#15757=PRODUCT_CATEGORY('','');
#15758=PRODUCT_CATEGORY('','');
#15759=PRODUCT_CATEGORY('','');
#15760=PRODUCT_CATEGORY('','');
#15761=PRODUCT_CONTEXT('',#15785,'mechanical');
#15762=PRODUCT_CONTEXT('',#15786,'mechanical');
#15763=PRODUCT_CONTEXT('',#15787,'mechanical');
#15764=PRODUCT_CONTEXT('',#15788,'mechanical');
#15765=PRODUCT_CONTEXT('',#15789,'mechanical');
#15766=PRODUCT_CONTEXT('',#15790,'mechanical');
#15767=PRODUCT_CONTEXT('',#15791,'mechanical');
#15768=PRODUCT_CONTEXT('',#15792,'mechanical');
#15769=PRODUCT_CONTEXT('',#15793,'mechanical');
#15770=PRODUCT_CONTEXT('',#15794,'mechanical');
#15771=PRODUCT_CONTEXT('',#15795,'mechanical');
#15772=PRODUCT_CONTEXT('',#15796,'mechanical');
#15773=APPLICATION_PROTOCOL_DEFINITION('international standard',
'ap242_managed_model_based_3d_engineering',2020,#15785);
#15774=APPLICATION_PROTOCOL_DEFINITION('international standard',
'ap242_managed_model_based_3d_engineering',2020,#15786);
#15775=APPLICATION_PROTOCOL_DEFINITION('international standard',
'ap242_managed_model_based_3d_engineering',2020,#15787);
#15776=APPLICATION_PROTOCOL_DEFINITION('international standard',
'ap242_managed_model_based_3d_engineering',2020,#15788);
#15777=APPLICATION_PROTOCOL_DEFINITION('international standard',
'ap242_managed_model_based_3d_engineering',2020,#15789);
#15778=APPLICATION_PROTOCOL_DEFINITION('international standard',
'ap242_managed_model_based_3d_engineering',2020,#15790);
#15779=APPLICATION_PROTOCOL_DEFINITION('international standard',
'ap242_managed_model_based_3d_engineering',2020,#15791);
#15780=APPLICATION_PROTOCOL_DEFINITION('international standard',
'ap242_managed_model_based_3d_engineering',2020,#15792);
#15781=APPLICATION_PROTOCOL_DEFINITION('international standard',
'ap242_managed_model_based_3d_engineering',2020,#15793);
#15782=APPLICATION_PROTOCOL_DEFINITION('international standard',
'ap242_managed_model_based_3d_engineering',2020,#15794);
#15783=APPLICATION_PROTOCOL_DEFINITION('international standard',
'ap242_managed_model_based_3d_engineering',2020,#15795);
#15784=APPLICATION_PROTOCOL_DEFINITION('international standard',
'ap242_managed_model_based_3d_engineering',2020,#15796);
#15785=APPLICATION_CONTEXT('managed model based 3d engineering');
#15786=APPLICATION_CONTEXT('managed model based 3d engineering');
#15787=APPLICATION_CONTEXT('managed model based 3d engineering');
#15788=APPLICATION_CONTEXT('managed model based 3d engineering');
#15789=APPLICATION_CONTEXT('managed model based 3d engineering');
#15790=APPLICATION_CONTEXT('managed model based 3d engineering');
#15791=APPLICATION_CONTEXT('managed model based 3d engineering');
#15792=APPLICATION_CONTEXT('managed model based 3d engineering');
#15793=APPLICATION_CONTEXT('managed model based 3d engineering');
#15794=APPLICATION_CONTEXT('managed model based 3d engineering');
#15795=APPLICATION_CONTEXT('managed model based 3d engineering');
#15796=APPLICATION_CONTEXT('managed model based 3d engineering');
ENDSEC;
END-ISO-10303-21;
